121	6345
337	7700
337	9234
361	9531
1118	2555
231	3568
231	8079
231	8080
1261	7830
1261	18198
1308	18534
1311	5670
1413	17331
1413	19244
1413	19245
1413	19246
1413	19247
1743	16778
1790	23500
1790	23501
1913	24896
2044	25202
2044	25214
2044	25215
2044	25216
2044	25217
2114	15835
2117	25612
148	7376
471	10960
2306	7727
2306	12373
2306	20250
2306	26793
2309	3702
2309	7376
2309	17548
2313	7344
2313	26809
2332	587
10094	17742
10094	47698
10094	47699
758	14256
2400	3158
2434	27230
2441	20212
2442	27228
2452	27275
2456	27292
2456	27293
2456	27294
2459	27298
2484	27376
26288	5165
2555	1118
2555	2779
2555	17175
21718	58559
21718	58560
21718	58561
21718	58562
21718	58563
2753	28661
273	8354
1086	7348
1086	7349
1086	17232
2778	16253
2779	2555
2779	7584
2780	28705
2780	28706
2783	28709
2784	5081
2790	2892
2797	28736
2797	28737
2801	6481
2801	8643
3565	31902
3625	3113
3629	32016
3629	32017
3629	32018
7099	23761
7350	43356
7350	43357
8643	28709
11108	49065
2818	21136
2822	1782
2822	15542
3339	12034
2935	14764
2935	14766
2935	14769
2935	14772
2952	29198
2962	29251
2962	29252
2971	8001
2971	8654
2971	25614
2973	29281
2987	13118
2987	29384
2989	24218
2994	29439
5881	39744
15109	21276
16347	26478
49738	68073
71395	62437
3045	3481
3045	8084
3047	4263
3068	29614
2718	3336
3113	20293
247	2758
3157	9130
3157	9729
3158	2400
3188	30076
3251	30355
3251	30356
502	7519
3322	3323
3323	3322
3323	22573
3324	18930
3336	2718
3337	30563
3337	30564
3347	6276
3347	30610
3351	1972
3351	17866
3357	30615
305	6179
305	8814
305	8815
3358	14267
3358	30636
3363	1159
3363	8145
3363	27692
3366	25565
931	4960
931	16036
2172	17922
2172	25917
3396	30731
3409	30816
3413	27218
3413	28294
3413	30862
3413	30863
3413	30864
3419	7885
3419	30961
3424	12507
3424	15260
3424	30379
3424	31004
3427	11880
3427	20342
3427	31033
3427	31034
3427	31035
3430	8917
3430	31081
3441	15357
3442	6264
3443	21778
3443	26722
3447	31176
3447	31177
3447	31178
3450	3460
3450	4999
3450	16316
3450	31184
3451	26284
3452	11564
3452	31187
3453	3444
3456	29026
3460	3450
3460	16316
3513	31572
3513	31573
5348	18595
5348	22170
5348	38558
6105	14451
7979	9407
7979	44814
8019	44859
9454	1482
9454	7998
9454	8336
9454	16201
9454	16629
9454	47078
9454	47079
9813	47487
9813	47488
9813	47489
10513	41867
10513	41869
10513	41871
10797	7820
10797	14385
10797	29660
11327	17974
11327	49444
11588	24909
11852	9759
11852	29448
11852	50043
12559	50768
12564	50774
12564	50775
12636	18539
12636	31410
12636	50912
12636	50913
12636	50914
12690	5456
12690	21335
12690	50980
12690	50981
12690	50982
12690	50983
12690	50984
15201	53359
15533	7543
15923	29588
16316	3450
16316	3460
16316	15067
16316	16687
16316	54366
16316	54367
16977	12416
16977	45237
16977	54910
16977	71510
17324	5247
17324	31225
17324	53360
17874	1381
17874	55439
18421	19206
18489	7102
18931	5703
18931	56197
21560	58414
22129	44713
23068	6427
23165	41734
24482	60346
24482	60347
24608	11157
24608	49856
24608	60448
24864	15357
24864	60584
24864	60585
24998	18353
25460	19005
28011	3435
28337	17984
28337	31050
28337	36858
29026	3456
29566	19669
31452	25530
31452	63153
32057	63385
34981	63599
35905	8237
35905	44253
37691	65247
48253	17321
49819	11718
60348	24483
70159	62883
70159	71198
72215	75313
72215	75314
72218	75315
72232	75321
1953	15326
2531	5527
3121	7953
3121	20694
3121	29849
3792	21928
3792	28247
3907	3905
4065	10481
4065	33762
4065	33763
4065	33764
470	10955
4244	25515
4244	34472
4244	34473
4244	34474
4244	34475
4251	34479
4257	34503
4257	34504
4263	3047
4263	71443
4265	21611
4265	34565
4265	34566
4265	34567
4265	34568
4265	34569
4266	34572
4271	24344
4271	34577
4273	34580
4280	34625
4281	16018
4281	22815
4281	34629
4281	34630
4281	34631
4281	34632
4284	34662
4284	34663
4284	34664
4285	20330
4285	20331
4285	20336
4289	34674
4289	34675
4328	17582
4548	35811
4689	8603
4689	30462
4689	36213
4694	7941
4762	36379
4763	5777
4763	17650
4763	36380
4763	36381
4763	36382
4764	4763
4764	36382
4765	4767
4776	16105
4778	4793
4793	36432
4796	4815
633	12396
633	12397
4864	2836
4865	36578
4868	36601
4873	27460
4942	4948
4948	4942
4960	931
4968	37045
4975	5016
4975	37118
4982	24655
5066	19877
5067	37287
5068	12113
5069	30043
5071	5077
5071	15247
5077	15247
5077	37339
5328	15247
15247	5077
5146	37592
5147	23468
3735	32346
3735	32347
3735	32348
5207	14781
5247	17324
5279	21097
5324	27788
5318	38534
5327	21857
5327	38132
5332	5333
5333	5332
5334	27778
5336	10207
5336	16629
5336	38538
5350	12300
5351	27712
5351	38560
5351	38561
5553	21527
5559	37423
5559	39101
5613	6271
5613	11267
5613	22603
5613	27673
5620	39168
5626	30597
5633	16474
5643	39240
5660	871
5660	8336
5660	15617
5660	15618
5662	25040
5683	21356
4715	36280
4715	36281
5762	121
5762	39447
5762	39448
5763	37242
5763	39449
5765	8307
5765	9155
5765	39450
5765	39451
5767	17208
5768	5753
5768	19346
5768	39460
5768	39461
5770	13713
5770	17212
5771	5824
5771	11973
5771	24805
5771	39466
5771	39467
5772	28699
5774	10058
5774	12963
5774	39471
5774	39472
5775	10801
5775	27485
5775	27707
5775	39474
5777	4763
5777	17650
5777	36380
5777	36381
5777	36382
5777	36386
5777	39481
5931	16919
5931	26669
1201	17759
1795	5554
5025	34352
6137	15417
6041	40416
6049	6091
6097	40513
5702	10115
5702	39332
6264	3442
6264	20057
6264	26477
6264	40746
6264	40747
6267	32841
6267	32842
6270	40749
6271	5613
6271	11267
6275	9864
6275	10245
6276	3347
6276	40750
6277	14292
6282	40753
6289	40761
6292	28202
6294	7468
8001	2971
8001	3195
8001	44837
19643	23257
71397	3056
6303	40770
6303	40771
6304	12292
6345	121
6345	15133
6364	13079
6364	13156
6369	23198
6369	40834
6369	40835
6369	40836
6369	40837
6370	22606
4134	6425
4134	6429
4134	34046
6422	7820
6423	36972
6424	33696
6427	23068
6428	6331
6428	13736
6428	40971
6480	41089
2416	27092
5976	6566
5976	16851
6554	6556
6554	41313
6614	33399
6614	41576
6614	41577
6635	6638
6635	41655
6635	41656
6635	41657
6638	30466
6639	13309
6639	32858
6639	41661
6695	41917
6717	18255
6720	6728
6721	15140
6721	19127
6721	41977
6724	18616
6724	41983
6728	6720
6754	38559
6754	42042
1336	18675
1336	18676
6862	42345
6867	25136
6872	6863
6872	21564
6880	15158
6880	42444
6880	42445
6880	42446
6954	6959
6959	6954
6980	6981
6980	6983
6980	7053
6980	42623
6980	42624
6981	6980
6981	6983
6983	6980
6983	6981
6983	7053
6983	37904
7055	42910
7056	42911
7057	35325
7057	39087
5013	37174
7157	7174
7161	11684
7161	39902
7165	43084
7168	28145
7174	7157
7182	7199
7182	43123
7182	43124
7188	41067
7220	43174
7220	43175
7220	43176
7220	43178
7225	1298
7225	43181
7230	31161
7234	23488
7234	43182
7240	9468
7307	43264
7307	43265
7309	32220
7309	43266
7309	43267
7311	43300
7321	43329
458	1078
458	4175
458	6137
458	9235
458	10887
458	10888
1039	2884
1039	6985
1089	4266
1089	9356
1195	7343
1197	10003
1331	2313
1331	15509
1340	9852
1985	25018
2072	25467
2257	2260
2392	26989
2392	71445
2588	27757
2593	9271
2593	15749
2593	15829
2914	29134
2914	29135
3002	12705
3702	2309
3702	7336
3702	7376
3702	12140
4771	4764
4771	8342
4771	9751
4771	26931
4771	36393
4887	36624
5010	37172
5709	39338
6180	7334
6180	7335
6180	40692
7022	7012
7022	20100
7022	42645
7022	42646
7255	10167
7255	11366
7255	41308
7255	43224
7324	9130
7324	9943
7324	25485
7324	43331
7324	43332
7324	43334
7325	43333
7330	7331
7331	7330
7333	10904
7334	22206
7334	22446
7336	43339
7343	11800
7343	27737
7343	43349
7344	2313
7344	31717
7345	43351
7345	43352
7347	20750
7348	1086
7349	1086
7358	43358
7376	148
7376	2309
7376	3697
7376	3702
7376	7335
7376	7384
7376	43383
7388	13174
8629	14377
8952	17940
8952	17941
8952	46331
9032	46464
9032	46465
9983	47589
10167	8571
11538	49618
11558	23916
11558	33399
12172	40122
15416	21333
15416	33764
16257	3002
16257	54325
16257	54326
16455	9564
16455	54493
17548	2309
17548	24385
26809	2313
29222	18408
43358	7358
49280	49266
50124	11941
58053	20958
63077	31285
71445	2392
73258	75486
7368	13786
7368	32791
7380	29435
7380	43385
7380	43386
7381	6181
7381	17688
7381	23790
7381	40694
7381	43388
7381	43389
7384	18736
7384	25532
7384	43390
7384	43391
7385	11494
7386	12474
7386	25805
7386	43394
7442	28351
157	7446
160	7448
7452	15265
7453	7467
7453	7469
7456	28544
7458	43731
7459	30782
7467	7453
7469	7453
7469	7467
7480	37382
7480	43752
3605	10209
3605	32006
4988	37158
4988	37159
264	7827
7493	2333
7494	43766
7495	43768
7500	43777
16313	9517
20573	26005
20573	57749
174	5856
7575	39340
7576	27466
7576	43926
176	7580
177	7582
177	7583
7583	6811
7583	43989
7583	43990
1155	8057
1155	8307
1155	14605
1155	17378
1155	17379
1155	17380
1155	17381
7584	9319
7585	9344
7585	16200
7585	16218
7585	16219
7585	43993
7589	2885
7589	43996
7591	17636
7594	44088
7594	44089
184	7600
7600	31965
3608	32009
7646	7647
7647	7646
7647	44188
7697	9072
7701	44331
7702	8663
11603	27616
2661	16522
7716	904
7716	10214
7716	11083
7716	12123
7716	44336
7760	21577
7763	30475
7776	44434
7783	18680
7783	36870
7783	44454
7784	2818
7784	30246
7784	44455
7784	44456
7784	44457
7786	11887
7787	44459
7789	34398
7792	44464
7794	5029
7797	34379
7797	34380
7797	34381
7797	34384
7797	34385
7797	34386
7798	20991
7805	31755
7805	44477
7807	44491
7808	470
7814	6627
7814	18252
7814	44496
7820	6422
7820	28454
7821	6015
7822	22146
7822	22639
7822	22651
7822	30107
7824	13889
7825	3245
4747	7868
6120	3845
6120	14263
7827	264
7832	42329
7833	42351
7833	44527
7840	44532
209	904
904	209
7885	3419
7885	44650
18140	32457
18779	17603
18779	56076
22573	3323
22573	59153
22573	59154
7873	17808
7874	44622
7874	44623
7877	34549
7877	37559
3171	30009
3171	30010
3476	7908
7882	5398
7882	20087
7891	44658
7892	44659
7911	16569
7914	44681
7920	12550
7925	23376
7925	44705
7933	21674
7941	4694
7941	44762
7941	44763
7948	24405
7948	42895
7948	42899
7948	44773
7949	8961
7949	10482
7949	30744
7949	34196
19694	56955
39515	10190
39515	65713
7977	8107
7982	8250
224	8041
224	8042
224	8043
8041	224
8041	8042
8041	8043
8042	224
8042	8041
8042	8043
8042	8046
8043	224
8043	8041
8043	8042
8043	8046
8047	1088
8047	5025
8047	12836
8068	1963
8074	12093
8076	44940
8080	231
8080	19651
1382	176
1382	1601
2350	26895
8081	29136
8082	11860
8082	14132
8082	19295
8082	44944
8084	8085
8084	44945
8093	23550
8093	36501
8093	36503
8093	44947
8093	44948
8093	44949
8152	18752
8152	45035
8152	45036
8160	15652
8160	21437
8176	23302
8178	20604
8178	26093
8178	32368
8178	45101
8180	5491
8180	45102
240	8216
240	8220
240	8221
240	8222
240	8223
8216	240
8222	45242
8222	45243
8223	9626
8223	45244
8237	35905
8237	45254
8241	33590
8242	12436
8242	45260
8243	3421
8249	45268
8250	7982
8250	45270
8257	35433
8260	19339
8260	43426
8260	44299
8279	22294
8279	33382
8279	45310
8284	9161
8290	8291
8291	5147
8291	28189
8291	33134
8291	38401
8291	45329
8291	45330
1930	24941
8303	6997
8303	12355
8303	45031
256	7009
256	7869
256	8228
7009	256
7009	8228
7009	13441
8228	7009
8228	12932
8228	45247
5081	37345
8325	15538
8325	45382
259	8329
8329	45386
8330	14606
8336	5660
8336	45402
8336	45403
8336	45404
266	8339
266	8340
8339	266
8339	35714
8339	45405
8340	266
272	3421
272	8353
8354	273
8354	8355
8354	20723
274	8361
274	8364
274	8365
8361	11872
8361	15139
8365	274
8365	45425
8365	45426
8371	8369
8371	8375
8372	22699
8375	8371
8375	14704
8375	41253
8375	45448
8375	45449
8375	45450
8375	45451
8378	12120
8380	8390
4741	36351
8393	8392
8400	43891
8404	8405
8404	24983
8405	24983
8407	42415
8407	45465
8561	15067
8561	16569
9788	17735
17819	55414
17819	55415
27812	35918
27812	40597
27812	40600
27812	61824
68107	50054
68107	70926
1569	17245
1569	21344
8431	10716
8431	22800
8431	26186
8431	45518
8434	36053
8434	45531
8434	45532
8435	8468
8435	14679
8435	19382
8435	26018
8439	6981
8439	45542
284	8497
8499	40741
8500	26971
8501	19060
8501	45613
8501	45614
8501	45615
613	12107
8516	45629
2154	16005
2154	25811
7440	3814
47154	30803
2188	26046
2188	26047
8558	18422
8558	31424
8558	45683
8560	24663
8560	24664
8560	24665
8567	31657
8568	18425
8568	45698
71137	69631
71137	71136
8570	45700
8574	13108
8574	45701
8574	45702
1452	931
1452	4694
1737	20777
1737	23040
2719	5351
5599	8984
5599	11738
5599	12112
5599	39145
8584	4348
8584	45712
8601	3592
8603	4689
8603	30462
8603	45757
8603	45758
8605	19667
8606	19907
8606	27996
8606	45760
8609	14968
8614	24901
8615	8621
8615	19028
8615	38356
8615	45767
8615	45768
8615	45769
8615	45770
8615	45771
8621	8615
8621	19028
8621	45793
8621	45794
8646	16808
8646	17537
8646	43868
8650	8651
8651	8650
8658	7616
8658	35796
8658	45833
8658	45834
8658	45835
304	8812
304	8813
8812	304
8812	38847
8812	38848
8812	38849
8815	46165
3380	10165
3486	31309
8833	5843
8837	11844
8838	46179
8838	46180
8839	4348
8839	46181
8844	18577
8844	46184
8844	46185
8845	36228
8845	46188
8845	46189
8849	8663
8850	46193
8854	29257
8857	16036
8932	28642
8932	46316
309	8935
8961	13302
8961	39122
8962	10898
8962	46355
8962	46356
2358	26903
2358	26904
9010	26332
9014	13914
9014	24378
9014	36100
9014	46433
9014	46434
8825	46172
9106	20198
478	3568
5394	2521
5394	28765
9130	40434
9135	26425
9135	46632
3195	8001
3195	30101
7519	502
7519	11871
7519	15201
7519	16900
7519	43841
9153	46659
9153	46660
9155	14262
9161	24597
9161	46666
9161	46667
3615	27617
4236	11942
9184	46706
9190	6570
9193	9752
9198	10047
9198	25487
25009	27857
9211	9215
9225	23576
9225	46717
9234	2878
9235	46725
1976	25011
1976	25012
9246	46730
9246	46731
3297	3038
9250	46743
9256	20381
9259	9260
9260	3757
9260	9259
9260	9261
9260	46762
9261	3757
9261	9260
9262	46763
9265	17646
9265	22212
9266	6093
4756	7639
9288	46788
9289	46789
9289	46790
9301	12961
9301	16833
9302	19604
9302	46806
9304	9282
9318	16217
9318	18345
9319	7584
9319	28208
9319	46851
9322	12977
9323	8739
9323	46857
9323	46858
9335	2387
9335	23327
9335	25782
9335	42483
9335	46893
9338	9345
9339	25381
9342	22876
9345	9338
496	4256
9356	27033
9357	30296
9361	23916
9361	46918
9376	46935
9380	46938
9385	46942
2003	25062
2003	25063
2003	25064
6827	40114
6827	41863
6827	42263
9416	9113
9432	11504
9432	15862
9432	31649
9434	22860
9434	47056
9437	34612
9437	38849
9438	18907
9438	22775
9438	30477
9438	47064
9438	47065
9438	47066
9438	47067
9445	47073
9465	14509
9465	38927
9465	47092
9465	47093
9465	47094
9466	37165
8383	45454
8383	45455
8383	45456
9472	18269
9472	22425
9472	35074
9472	47098
9478	32221
9478	47102
9478	47103
9478	47104
9478	47105
9478	47106
9478	47107
9478	47108
9483	47119
9485	33653
9486	47123
948	16133
948	16134
9487	47129
9488	47131
9489	5883
9489	16125
9489	35055
9489	47132
9509	34004
7533	43879
9517	22014
9518	9459
9518	13661
9518	26032
9531	361
9532	524
9558	17214
9558	22538
9558	35899
9587	6881
9643	9644
9644	9643
9647	9643
9647	9644
9656	43891
9657	47346
1967	17888
1967	22673
1967	23279
1967	24945
1967	24998
3213	3243
3213	30181
9665	47353
9668	47359
9668	47360
9668	47361
9671	2790
1919	2578
9750	12838
9751	2997
9751	8948
9752	9193
9752	9754
9752	47452
9546	13167
1584	13154
1584	21475
5670	1311
5672	1311
9796	9797
9796	9801
9797	9798
9797	9800
9797	9801
9797	47485
9798	9797
9818	8384
9818	11657
9818	11660
9820	47496
9829	36967
9830	47504
5883	18081
5883	18082
5883	18084
8145	3363
9844	13842
9849	13302
1760	8180
1760	9527
1760	12695
6071	40470
9864	6275
9864	12171
9868	14369
9868	34058
9868	47533
9869	7859
9869	8491
9869	9870
9869	10225
9869	47534
9869	47535
9869	47536
9870	9869
9870	47536
9873	47537
9875	16149
9877	7556
9878	47540
9879	13077
9881	13573
9881	18975
9881	23761
9881	43725
9720	16707
9720	47398
10001	24954
10036	21812
10036	32932
10036	47636
10053	47643
10079	13035
3129	4107
3129	29858
3217	30192
10152	19172
10152	47751
10152	47752
10152	47753
10152	47754
10152	47755
4653	10209
4653	10904
9729	10211
9729	10218
9729	10222
10209	4653
10211	8537
10211	9729
10211	10218
10211	10222
10225	9869
10225	31879
10225	47802
8104	43356
10244	23075
10290	12461
10296	1597
10296	21545
10307	10318
10307	19194
10307	47895
10307	47896
7510	10358
7510	43801
10357	11676
10358	7510
10360	3063
10360	11901
10360	27733
10360	45608
10360	47982
10360	47983
10360	47984
8827	10898
10369	47994
10373	11825
10373	14047
3192	13114
5396	38700
5396	38701
7754	15579
7754	23956
8447	2071
8447	5341
8447	22496
8447	45547
9824	17883
10392	48025
10394	48026
13921	36147
13921	36148
13921	36149
17283	55116
17354	1146
17402	8649
17402	14631
17402	16536
17402	25659
17402	54574
17402	55153
27994	27219
10396	42057
10404	15877
10404	48040
10497	48244
10500	40571
10500	48263
10503	38928
10503	43303
10503	47892
10503	48265
10504	19588
10504	33649
10504	48266
9116	46624
2769	28680
2769	28681
10544	25226
10545	25226
10545	46662
6238	25132
10596	4891
10596	24998
10596	25021
10596	33320
10635	21527
10635	32409
11518	9484
11518	11528
11518	11552
11552	49613
15187	28467
15187	53336
15373	13736
50665	25884
3233	30311
4192	6085
4192	8042
5848	39697
10673	2413
10676	5247
10676	23384
10676	48488
10676	48489
10676	48490
10680	33287
10680	48491
10680	48492
10686	32242
10686	35497
10686	45798
10686	48497
10687	48498
10687	48499
4656	710
4656	10748
4656	13695
4656	16317
4656	35430
4656	36136
7031	4811
7031	15779
10691	26850
10691	48501
10693	17194
10693	48511
10693	48512
10694	20176
10697	16283
10706	48586
10707	23360
10781	9584
10814	7464
10814	15652
10814	48704
10814	48705
5452	38838
5452	38839
5452	38841
10883	16374
10883	48804
1078	458
4175	10733
4175	18982
4175	34235
1848	24123
1848	24124
9059	10898
9059	22010
10891	48807
10897	8621
10897	19028
10897	47133
10897	48815
10897	48816
10898	26555
10898	26560
10898	48817
10899	48821
10900	8568
10907	16927
10907	44518
10907	44822
10910	48830
10913	19014
10913	30991
10913	48833
10913	48834
10913	48835
10913	48836
10913	48837
10932	48853
10944	32770
10944	48863
10947	46697
10947	48870
10947	48871
10950	48878
10960	48890
8951	10962
10961	31648
10962	8951
10967	12856
10967	13275
10967	48904
10967	48905
480	1949
482	6212
482	10984
6212	482
6212	12355
2618	10985
2618	10986
10985	2618
10985	10986
10986	2618
10986	10985
9723	18184
9723	47400
10988	48948
10988	48949
10992	13625
10992	48950
10993	18396
486	11000
11000	35395
11003	48961
11006	48963
11009	28958
11009	39545
5088	6386
5088	37350
11012	48972
1138	4071
5084	10611
5084	15465
5084	16244
5084	37348
5483	10160
5483	38863
5687	39321
9687	28971
9687	47376
9814	47492
10533	5158
10533	14342
11025	48984
11026	40821
11034	48986
11045	7100
11045	48988
11045	48989
11045	48990
11045	48991
11054	16401
11054	20152
11054	48995
11054	48996
11054	48997
11057	30271
11061	49001
11063	49003
11063	49004
11063	49005
11063	49006
11063	49007
11063	49008
11063	49009
11064	21677
11064	49010
11065	13650
11070	49011
11074	49012
12219	33791
12219	34523
19871	19872
19871	19884
19871	48464
19871	57156
19871	57157
19871	57158
72197	75311
9214	10801
11077	49024
494	11081
11081	19779
11081	49025
1968	11857
3744	26788
11083	7716
11085	7161
11085	15172
498	2671
498	11089
498	11090
498	11091
11096	49043
11099	12202
11099	33190
11100	49053
11100	49054
11100	49055
11100	49056
11103	49061
11104	25907
11105	34280
11105	34281
501	8645
503	11110
11110	503
507	9843
507	11112
507	11113
3642	7005
7005	3642
8824	5434
8824	28960
11117	6856
11119	23103
11137	25649
11137	49084
511	6441
511	7910
511	11140
6441	511
11142	18748
11144	33976
11144	41523
11144	49097
11144	49098
11157	24608
11157	49109
11150	11151
11150	11152
11150	11154
11150	11155
11150	11156
11150	32461
11151	11152
11151	11154
11151	11155
11151	11156
11152	11151
11152	11154
11152	11155
11152	11156
11154	11150
11154	11151
11154	11152
11154	11155
11154	11156
11155	11150
11155	11151
11155	11152
11155	11154
11155	11156
11156	11150
11156	11151
11156	11152
11156	11154
11156	11155
10126	47720
11182	7695
11182	16262
11182	19633
11182	49151
11182	49152
11185	29093
11185	49158
11185	49159
11189	49174
520	11208
522	11210
11216	11958
11217	31984
11217	31988
11219	11494
11220	7972
2521	5394
10716	8431
11222	15457
11233	28261
11233	47182
11234	27618
527	11251
11251	527
528	11253
528	11254
528	11255
11253	19529
11253	43612
11253	49387
11254	528
11254	11948
11254	49389
11256	15333
11256	49390
11256	49391
11256	49392
11256	49393
11256	49394
11260	7078
11260	11258
11260	49397
531	11253
531	11269
11270	5111
11270	49400
533	11274
533	11275
533	11276
533	11277
533	11279
11288	48847
11288	49412
11288	49413
11288	49414
11288	49415
11290	13805
11290	33164
11290	44652
11294	11296
11294	16269
1767	1963
1767	2520
1767	6249
1767	9910
1767	14904
1767	16502
1767	23253
8000	11320
8000	19239
8484	17192
9759	11852
9759	22436
9759	47456
11300	42089
11302	21015
11302	40911
11303	7867
11317	12212
11319	26841
11319	49443
11320	8000
11322	19156
11324	11325
11325	11324
11325	25190
11325	26519
11329	12532
11329	16230
11331	31382
11331	33457
11334	14950
5191	24273
5191	37688
5191	37689
10182	47781
11355	49485
11356	12679
11356	49487
11357	49488
11357	71395
11359	15318
11359	27979
11363	49494
11364	8573
2078	2922
4513	13473
4513	21566
4513	35661
4513	35662
4513	35663
5565	39109
5565	39110
8414	45484
9569	9400
9569	15509
9569	30027
10794	9054
10794	11934
10794	16244
10794	46484
10794	46486
10794	48687
11375	36482
11376	9998
11376	10475
11376	49498
11380	49499
11381	1159
11381	28894
14900	19354
15135	21521
15135	53295
19655	24145
19655	56895
19655	56896
21538	7568
21538	18802
21538	18806
21538	21528
21538	47334
21538	47338
21538	47340
24209	30854
24209	33854
24209	40911
24209	51281
24209	60202
55717	18318
58913	22276
58913	69616
7856	6934
7856	11465
7856	11466
7856	19395
11464	32281
11465	11470
710	13749
1345	18681
8493	13413
8823	31578
11487	7710
11489	16349
11491	21020
11493	49574
11494	11219
11495	17154
11555	39504
11555	49641
11617	16189
11617	44500
11623	49744
11652	49582
11652	49767
11657	9818
11658	26022
11658	49776
11660	9818
11660	19265
9991	9993
9991	47602
9993	9991
16783	8364
2529	10359
2529	27486
5357	38580
10362	11682
11678	17535
11684	7161
11684	39902
11687	49797
11692	49800
7686	28923
11694	10521
11697	12557
11697	17499
11697	17905
11697	19335
11697	40255
11698	21542
11698	28959
11699	9900
11699	49808
11701	49809
11701	49810
11702	13959
11703	49811
11704	25773
11741	49843
11749	42819
11749	49882
11751	28671
571	11759
11759	571
3308	30526
3308	30527
58069	20985
58069	58228
11783	5091
11783	25048
11783	31759
11783	49975
11784	27077
11787	11786
11788	18776
11788	38848
11788	49977
11788	49978
11788	49979
11788	49980
11788	49981
583	11792
11792	23771
11792	49993
11792	49994
11792	49995
11792	49996
11796	1978
11796	14392
11796	33866
11796	37503
11796	49998
11797	50000
11800	25160
24909	9781
24909	22429
24909	24913
24909	24918
41757	6665
41757	23999
41757	44637
587	2332
11832	50028
11833	33157
2878	14408
2878	28971
4671	23597
4671	36154
5715	28444
5715	28447
5715	32594
7849	23303
7849	25537
7849	32441
7849	36190
7859	9869
7859	15489
7859	40508
8919	46299
8919	46300
11835	38645
11835	47704
11835	50036
11841	30920
11844	8837
11844	9713
11844	50037
11844	50038
11846	19960
11846	24523
11853	23388
11857	1968
11857	17845
11858	40992
11862	2570
11969	24699
11969	50179
11969	50180
11969	50181
11969	50182
13850	52201
15140	6721
15140	25777
22475	53651
22475	59066
22475	59067
24245	6234
24245	60219
24627	34888
24627	60458
25659	17402
25805	7386
29638	9881
34903	59388
34903	64455
47262	9611
72959	75447
6657	12462
6657	41722
6657	41723
11883	8125
11883	37389
11883	37390
11887	4082
11887	7786
11887	50087
3731	32345
11895	50088
2580	18518
11898	13078
11901	50090
11901	50091
11904	50093
11904	50094
9781	24909
9781	47476
11934	31740
11934	40076
11940	4181
11940	50119
11940	50120
11940	50121
11941	50124
11941	50125
11941	50126
11941	50127
11943	24786
11943	42154
11943	50130
11946	50135
11949	50137
11949	50138
11949	50139
11951	26713
11956	50143
11959	21722
11961	23876
11961	39130
11963	50146
11964	15020
11964	23132
11964	50148
11972	33113
11972	50183
11972	50184
11972	50185
11972	50186
11972	50187
11972	50188
11972	50189
11972	50190
11973	5771
11973	23016
11978	18946
11978	46971
11993	11014
11993	19696
11993	24395
11993	24911
11993	27890
11993	33875
11993	38457
11993	44077
12003	12004
12289	40367
12289	50501
12289	50502
14496	45368
14496	52619
27810	27809
27810	50823
34274	64259
38776	25967
38776	30000
38776	32835
40035	65862
43043	19689
43043	32789
43043	40761
43043	56945
43043	56946
43043	66067
43043	66068
43043	66069
43043	66593
43043	66594
12008	50213
3097	14839
3097	29760
3097	29772
3097	29773
11635	2742
11635	3063
11635	14344
11635	49749
12012	5271
12016	15100
12016	50221
12016	50222
3205	15509
3205	30146
3205	30147
3205	30148
3205	30149
4626	36106
4626	36107
6928	12067
6928	42495
9209	46714
9715	6944
9715	20389
9715	47391
9715	47392
11296	11294
11296	16268
11296	49431
12046	50255
12048	48636
12049	17488
12051	16499
12052	35783
12052	50260
12052	50261
12055	16025
12055	21536
12057	50265
12057	50266
12060	12065
12062	50306
12062	50307
12062	50308
12062	50309
12063	38695
12063	50310
12064	15276
12065	12060
12068	42587
12071	50327
12079	50329
12079	50330
608	12083
608	12084
12084	608
12088	50331
4588	10991
6923	28588
12096	4727
11547	49632
12338	11536
12105	48331
12105	50342
12105	50343
12107	613
12109	50346
12113	5068
797	2589
797	14989
2567	15971
2567	16264
3487	31310
3487	31311
3487	31312
3667	3790
3667	22724
7281	43231
8075	25050
8075	40605
9825	10950
12120	8378
12121	38647
12123	7716
12123	38623
12127	50358
12134	4808
12134	35224
12134	45732
12134	50360
12134	50361
12135	18681
12136	28868
12140	3702
12140	34844
12155	3779
12155	25349
12155	36038
12155	45412
12160	14943
12162	49266
12162	50365
12162	50366
12164	10379
12167	33300
12167	50368
12167	50369
12168	27565
12168	35340
12168	50370
12169	50371
12170	12439
12173	50373
12173	50374
12173	50375
12175	50376
12179	24029
12179	37442
12180	5779
12180	8914
12180	10477
12184	8884
12186	14966
12186	30801
12188	50389
12190	18852
12191	18156
12191	19388
12191	40242
12191	50390
12197	23919
12202	11099
12204	50402
12223	26761
12223	50420
12223	50421
12223	50422
12223	50423
12226	12379
12227	12378
12228	50425
12230	12376
12230	12379
3139	12243
3139	12270
3139	12278
3139	12280
6520	39195
6520	40037
11649	7787
12234	5583
12234	20598
12234	33840
12234	39125
12236	29996
12238	12262
12238	12279
12239	50448
12239	50449
12239	50450
12239	50451
12239	50452
12239	50453
12239	50454
12239	50455
12259	32845
12304	26331
12305	12306
12306	12305
12306	50508
12306	50509
12323	13388
12323	50523
819	15080
12327	23200
12328	12330
12330	12328
12332	20831
12332	50524
12332	50525
3034	13078
6106	5757
6106	25922
7121	25787
7121	26353
7121	43018
7121	43019
7526	43859
8323	34863
10740	7763
10740	33320
10740	40067
10740	48629
11456	49552
12342	50528
12349	6292
12356	48930
12358	38496
12358	50261
12360	21973
12360	35620
12362	5271
12362	19921
12363	50551
12364	15129
12364	20421
12365	42478
12371	36229
12371	50587
12373	9338
12373	48091
12724	51015
15024	39521
17197	17998
18510	30382
18927	56194
19395	56713
19395	56714
20414	57612
20414	57613
20720	34961
20958	11144
20958	20885
20958	58053
22147	58850
22178	18383
22178	58869
22178	58870
22466	8868
23035	14582
23035	43594
23412	51692
23412	59646
24531	32115
24531	32620
24531	48724
26033	9459
26033	13661
26033	20374
26033	26032
26033	45509
27319	61615
27319	61616
27486	2529
27486	61686
27596	30758
28059	7414
28059	43598
28059	43602
28059	61904
28059	61905
28059	61906
33036	20516
33036	20874
33036	31651
33036	46884
33502	22351
33502	63915
35311	35190
40887	19356
40887	66093
44459	7787
44459	14715
44459	66937
44587	37287
44587	66951
45442	45444
55487	17923
57601	20401
59997	23924
61159	26062
61159	58324
65326	38014
71937	75264
71949	75265
12377	12227
12377	12233
12377	12378
12377	12379
12377	13065
12377	24756
12378	12379
12381	7155
12387	19427
12387	45610
1921	7367
1921	24927
1974	25004
1974	25005
2143	25711
2143	25712
2143	25713
2581	13077
2764	28673
2764	28674
2764	28675
2764	28676
2764	28677
3245	30331
3287	30497
3612	29096
3612	32012
3650	8100
3650	10024
3650	15012
3650	32046
3650	32047
3650	32048
3801	3795
3801	32474
4033	18363
4033	33587
4033	33588
5728	2770
5728	3121
5728	5707
5784	39489
5801	27735
5801	39536
6119	40553
6126	40571
6221	40712
6798	1965
6798	7933
6798	32561
6798	34275
6811	10063
6811	28014
6811	39335
6998	19351
7268	21602
8037	29380
8037	44899
8037	44900
8037	44901
8094	44950
8094	44951
8139	14456
8139	17118
8139	24001
8139	34151
8139	45019
8139	45020
8139	45021
8139	45022
8689	19691
8689	24911
8689	26584
8689	32388
8689	45879
8914	9719
8914	12180
8914	46291
8914	46292
8964	16233
8992	12833
8992	27559
8992	46415
9108	29143
9108	36100
9108	46623
9910	12979
10040	47638
10058	12963
10058	47647
10205	11447
10205	38728
10272	47867
10352	23066
10481	33764
10481	48210
10521	48306
10723	25270
10851	25773
11462	23572
12033	33615
12033	50248
12033	50249
12355	6212
12355	8303
12400	50595
12404	1282
12404	4901
12404	18335
12404	50596
12409	31003
12409	50604
12410	50605
12412	15541
12412	22633
12412	50606
12416	50627
12418	6481
12418	12096
12423	16104
12425	50629
12427	8870
12427	27471
12427	50630
12433	40020
12436	2840
12436	8242
12436	50633
12439	12170
12441	22663
12441	50634
12441	50635
12443	10577
12444	50636
12446	25640
12446	50637
12447	50638
12447	50639
12449	21543
12449	50640
12449	50641
12452	11738
12452	20836
12452	20837
12533	4584
12533	50746
12552	13761
13167	9546
13167	31986
13167	33875
13167	51666
13167	51667
13177	31189
13500	9555
13679	52068
13679	52069
13908	23200
13908	23761
13908	52242
13908	52243
14366	4938
14366	52514
14381	9959
14409	47284
14409	52538
14955	53114
14955	53159
15054	10742
15196	53356
15255	16971
15255	30402
15255	53411
15320	16761
15469	38090
15509	3205
15509	9569
15509	30147
15509	30148
15509	38299
15509	53562
15866	36175
16024	5794
16024	7638
16036	33996
16036	54067
16049	54076
16080	9489
16325	22753
16356	36959
16534	54540
16534	54541
16534	54542
17030	54967
17211	17210
17211	27834
17211	29284
17211	55051
17211	55052
17378	1155
17378	55134
17688	7381
18059	18061
18089	40154
18130	55599
18817	56099
19002	28258
19028	8621
19028	56343
19028	56344
19117	29279
19117	56436
19468	25002
19624	48012
20288	42634
20288	57493
20597	13714
20597	57759
20597	57760
20723	8354
20723	54714
21320	5031
21320	16606
21543	12449
22010	54486
22225	23382
22225	58888
22296	49426
22296	55046
23455	33156
23998	9014
23998	18748
23998	27162
23998	31278
24470	60343
24544	24543
24635	11957
24691	34964
24691	60495
24720	14435
24720	24717
24720	25773
25013	60662
25317	38566
25391	36199
26412	16204
26412	28423
26412	61301
26412	61302
26412	61303
26626	15866
26633	7611
26633	43233
26909	25285
27277	18444
27342	61622
27381	42569
27381	61645
27381	61646
27629	27630
27726	3855
27726	61764
27745	21530
27745	61772
29181	32121
29181	62345
29223	29216
29411	30100
29772	3097
29772	62531
29782	12351
29812	62540
29954	17363
30241	16138
30313	62702
30819	62919
31098	63021
32179	63433
33245	29520
33366	26351
33366	30804
33640	33645
34128	56905
34451	53432
34511	36786
35221	40565
35221	64564
35812	64759
35891	13243
36088	28535
36252	52531
36386	5777
36386	17650
36386	36381
36386	36382
36386	39481
37308	65104
37520	20954
38657	65471
38856	65509
38856	65510
39692	64023
41321	54056
41569	66250
41569	66251
41569	66252
41569	66253
41569	66254
41569	66255
41932	23978
42154	11943
43335	31360
43335	40048
43335	66656
44441	44439
44660	7892
44660	23066
44660	44661
45237	34069
45237	46696
45237	54910
46276	8906
47590	9983
47965	10337
48589	59582
48647	10761
49455	25597
49455	54584
51321	12856
54846	48161
55311	17656
56215	55093
56636	19346
56636	35590
56636	56637
56636	69255
60460	63734
60521	24761
61247	30492
62039	28409
62354	29196
62938	30858
63152	41025
64297	34401
64297	67790
64767	38868
65582	39000
65582	58126
65582	70530
68739	53432
68984	54863
71996	73788
72333	75335
72385	75372
73665	75534
73717	75539
73742	75541
73747	75543
73752	75544
73760	75548
73787	75552
73788	71996
73789	75553
75837	75866
75837	75867
75837	75868
12455	34698
12455	48675
10796	12457
12457	10796
12459	20899
12459	22758
12462	6657
12462	22909
12462	50648
3236	15245
3236	18318
5515	8365
5515	39011
5707	5728
5707	39337
5753	5768
5753	15538
5753	28787
5753	39397
6450	12282
6450	41006
7973	27690
8032	44896
8508	45619
8742	5498
8742	12330
8996	46418
9038	12474
10398	16931
10800	10778
10800	34481
10800	34482
10800	37378
10800	38562
10800	46257
10800	48677
10800	48689
10800	48690
10800	48691
10850	48746
12468	50650
12469	23603
12469	31639
12470	50655
12470	50656
12472	50658
12473	45702
12480	3318
12480	14064
12484	41348
12487	9111
12490	50674
12490	50675
12502	15344
12503	11588
12503	50709
12503	50710
12503	50711
12503	50712
12506	50715
12506	50716
12507	3424
12507	15260
12507	31004
12507	50717
13857	52204
14125	52429
14392	11796
14392	24691
14912	16103
14912	53134
15244	29064
15249	3197
15249	6554
15249	8561
15249	44217
15249	53402
15249	53403
15250	15262
15326	15274
16157	24343
19901	48569
19901	57179
19901	57180
19933	17065
22572	25258
23231	27708
23231	59540
23231	59541
23557	1807
25014	13163
25041	12765
25041	60672
25567	60920
26264	26267
26768	61461
28297	20083
28297	23507
29256	62366
30181	3213
31235	63059
32110	28923
32110	63409
32694	23130
32694	30484
33234	30818
33234	63819
36742	26332
40305	18541
40305	19265
40305	21812
40305	32932
40305	63718
40331	19238
41951	66366
42227	13667
42227	29166
44099	22525
49171	67985
59420	22946
59420	69680
66639	43252
66639	66016
66639	66638
70167	62941
70167	71200
71565	71721
72334	75336
72337	75338
72342	75339
72345	74384
8351	45413
8351	45414
12509	2818
12529	32753
4082	11887
12540	14804
5091	10496
5091	13351
5091	37365
5091	37366
8015	12682
8015	26409
8015	30778
8015	44851
8138	17382
8138	45018
12544	12553
12553	12544
12557	11697
12557	13420
12557	17499
12557	17905
12557	19335
12557	37713
12557	50767
12558	22140
12558	22141
12558	22142
12558	22149
12563	24902
12566	50784
12567	25424
12569	36240
12569	44352
12574	35345
12576	22792
12576	35175
12576	50821
12576	50822
12585	37776
12585	50842
10153	13307
10153	47758
10153	47759
10827	28023
12605	15774
12606	10468
12607	19329
12607	40189
12607	50880
12607	50881
12610	12625
12610	12657
12610	13133
12610	34343
12616	50888
12616	50889
12620	12641
12620	18423
12623	21973
12623	50892
12623	50893
12623	50894
12628	12641
760	3340
1151	4942
1151	17375
1199	56
1339	6791
1597	10296
1597	21545
1937	21279
1937	21463
1937	24959
1956	6150
2611	2922
3611	32011
4238	14707
4238	14741
4729	5592
4817	4906
5029	26223
5367	38581
5456	12690
5497	26732
5651	39253
5695	13745
6249	25566
6435	6432
6435	18848
6856	7551
6856	11117
6856	42336
7279	23254
7658	44197
7994	3100
8390	8380
8390	8384
9213	11504
9219	23276
9584	9585
9584	10781
9704	12693
9704	38090
9704	45673
9704	47387
9704	47388
10194	4227
10239	16499
10347	36284
10347	47970
10669	48468
11641	13314
11641	17877
11641	49758
12663	34796
12665	50965
12666	50968
12667	4256
12668	50969
12669	7674
12669	20489
12669	25347
12669	47688
12669	50970
12669	50971
12673	38093
12677	50973
12683	14349
12683	50706
12683	50708
12695	1760
12704	50994
12704	50995
12705	7266
12705	14527
12705	22706
12705	45119
12705	48450
12705	50996
12705	50997
12705	50998
12706	9564
12709	13122
12710	14391
12710	50999
12710	51000
12711	21287
12711	34681
12932	13591
12932	25293
12932	51431
13262	51730
13438	3397
13438	25538
13515	13506
13515	13514
13649	10342
13649	52056
13681	20805
14407	27236
14737	52985
15484	35815
15504	53561
15846	37148
15846	53903
16173	53598
16173	54164
16173	54165
16253	54324
17307	19202
17491	5877
17491	20096
17998	10425
17998	17197
18230	16244
19671	12826
19671	17538
19671	29557
19671	37932
19671	53701
21817	35028
21817	49709
22601	13679
22622	26594
22622	27342
23467	10253
24779	16566
24971	60638
25676	19466
25676	55448
25979	13117
25979	19506
25979	27878
25979	27879
28283	5367
28283	21136
29071	62300
29198	2952
29198	62355
29331	29336
29360	9892
29360	28441
29953	16831
30923	21530
34214	18357
34214	64222
34559	14531
34569	64354
35028	21817
36472	64926
37174	5013
37341	65114
38692	6942
38692	42326
38692	42527
53128	14902
59460	23046
61478	26817
61478	37650
61478	54332
61478	61477
62177	28756
62456	29543
62588	29970
74388	75612
74411	75613
74411	75614
74411	75615
74411	75616
74411	75617
74411	75618
74411	75619
74444	75625
74453	75627
8893	46262
11559	19946
12746	45959
12746	51041
12753	51057
12753	51058
12753	51059
12756	51075
12756	51076
12756	51077
12764	12804
12765	26034
12769	7616
12769	19974
12769	51119
12773	24703
12775	51168
12777	12778
12777	19779
12777	51193
12778	12777
12778	51194
12781	13908
12781	22704
12781	44152
12781	45323
12781	45325
12781	51198
12781	51199
12781	51200
12789	20874
12789	51232
12790	24208
12790	43397
12790	43591
12790	48617
12790	51234
12791	21959
12791	49104
12793	29891
12793	30757
12793	37074
12793	46594
12793	46595
12793	51236
12794	35033
6975	42615
6975	42616
12722	18595
2836	4864
4722	15395
4854	29621
6130	4854
6130	6421
6130	11493
6130	40573
6461	11990
6461	41041
8986	8843
8986	46403
9456	15085
9456	18325
10750	28692
10750	35338
10750	36081
11592	20351
11592	26291
11592	49725
12835	9535
12836	8047
12838	9750
12839	20951
12839	51310
12844	49104
12849	21747
12849	51311
12849	51312
12853	41379
12853	48967
12862	28366
12862	51329
12862	51330
12864	23536
12864	51331
12867	34891
12867	34930
12867	38942
12867	42126
12867	51332
12867	51333
12867	51334
12870	28050
12875	12889
12875	51347
12875	51348
12875	51349
12875	51350
12875	51351
12876	51352
12877	51353
12878	35075
12878	36081
12878	51354
12886	46266
12887	40578
12889	12875
12889	14679
12890	51356
12891	51357
12892	51358
23745	23746
23745	59878
27714	61760
29876	19045
29876	36553
31373	16685
31373	19451
31373	63121
50389	12188
12940	20522
12940	45076
12943	40303
12944	28769
12944	33883
12944	51442
12728	15095
12728	19342
12728	32347
12950	39726
12950	40420
12950	51451
12954	25065
12954	39509
12954	40499
12954	43852
12975	22276
13591	17230
26098	27462
26098	33314
26098	61163
7621	42262
7621	43101
13018	10844
13019	51505
13020	51506
13021	13026
13021	14789
13021	26131
13021	46156
13022	14789
13022	14794
13022	22220
13022	25523
13022	45306
13022	46149
13022	46152
13022	46156
13022	51509
13049	51537
13050	20529
13050	33412
13053	13064
13067	51548
13070	21560
4480	35471
4480	35472
4927	36864
4927	36865
5491	8180
9371	23679
9371	33047
9371	46933
9371	46934
13077	9879
13078	3034
13078	11898
13079	6364
13079	13155
13079	13156
13084	48608
13084	51561
13089	35642
13092	45361
13092	51586
13092	51587
13093	29242
13094	25410
13094	51588
13949	52268
17260	16999
17914	20201
17914	47349
17914	55483
18184	9723
20673	38941
20673	42178
20717	20673
20717	23427
20717	38310
20717	57852
20717	57853
20900	16733
20900	20192
20900	58010
21038	30294
21038	41835
21038	58107
21038	58108
21038	58109
22133	20498
23840	59939
25654	27549
25654	41093
25654	60958
27601	24239
28766	49218
28766	62181
40740	66051
41408	15636
41408	16276
41408	28351
45697	50165
53839	15783
58924	22298
58924	58923
58924	58925
58924	58926
60863	25424
60863	41356
5634	39211
10656	4232
10656	5418
10656	48452
13101	21341
15097	45183
15097	53267
21392	9413
21392	21024
21392	23545
21392	58327
21392	58328
8315	20470
8129	45007
8129	45008
13143	35943
13143	35944
13143	35945
13146	14679
13147	8491
13147	51649
13151	20949
13151	47945
13151	51657
13153	43582
13155	13079
13156	13079
13169	15988
13169	43185
13170	51669
13172	51670
13187	18864
13187	51681
13188	16733
13193	13194
13195	14094
13195	51684
13208	25137
8302	19465
13219	13849
13219	51712
13219	51713
13220	34269
13220	42323
13221	13762
13221	44115
13224	1482
13224	13153
13224	19929
13224	51715
13226	5615
13226	6379
13226	40853
13230	33308
13230	33311
5132	17957
5132	37464
8884	12184
8884	46252
8884	46253
10780	19431
12602	50873
12966	15351
12966	20916
12966	42525
12966	43400
12966	44709
12966	51480
12966	51481
13268	13322
13270	15903
13270	51760
13271	4677
13271	51763
13274	20455
13274	51765
13274	51766
13276	21884
13276	36098
13276	40684
13277	51771
13279	18139
13279	44717
13279	51772
13279	51773
13280	51774
13280	51775
13281	51776
13283	28585
13283	51778
13283	51779
13286	42202
13287	51785
13291	51787
13292	51789
13293	42996
13300	25356
13302	8961
13302	9849
13302	25144
13302	51796
13303	22406
13303	22407
13305	17017
13305	21687
13306	13361
13307	774
13309	14745
13309	38460
13310	51803
13311	19578
13311	28040
13311	47999
13312	21484
13314	11641
13319	34870
13321	20705
13322	23536
13322	51805
13322	51806
13323	14679
13324	27250
13324	51808
13560	30848
13560	51988
13630	35224
27712	61756
27712	61757
28147	28146
28157	20612
28157	34031
28157	61949
37438	65139
47839	67693
53000	16104
53000	68661
74881	72015
2885	4893
2885	7589
13335	25773
13335	34350
19509	35201
13388	11646
13388	45706
9756	24774
13432	7695
13441	19174
13442	51901
13442	51902
13445	18321
13445	22306
13445	22382
13445	23443
13445	50865
13445	51909
13503	13648
13505	7032
13505	23979
13505	42650
13506	13514
13511	6944
13511	51973
13513	14424
13514	13506
13587	9967
13587	52016
11263	13666
13660	11263
13660	13666
13653	46932
13667	31941
13667	42227
3042	28951
7909	8014
9229	7925
9831	13963
9859	14712
13684	14328
13684	28675
13684	52071
13684	52072
13684	52073
13684	52074
13684	52075
13684	52076
13684	52077
13687	7974
13687	52086
13688	25176
13688	52087
13693	52091
13695	14627
13695	52101
17244	55087
21815	15699
21815	40187
31084	9606
31084	50869
31084	63018
72002	75275
72002	75276
72003	75016
1887	1787
1887	14993
1887	24519
1887	24520
13700	15373
13703	13606
13703	29911
13703	52106
13703	52107
13703	52108
13719	41067
13724	35739
13724	35749
13724	35752
13724	35754
13725	4610
13725	52123
13725	52124
13725	52125
13730	52133
13736	15373
13736	23254
13752	16527
13766	19779
13766	23349
714	9359
714	13771
714	13772
714	13773
714	13774
714	13775
714	13776
714	13777
13771	714
13774	52158
13776	33649
13777	39801
13810	14763
13810	52182
13842	9844
13858	52205
29270	62372
29270	62373
29270	62374
62372	29270
62372	34136
62372	62373
62372	62374
62372	64184
62372	64185
62372	70093
62374	29270
62374	62372
3807	7489
13945	20226
13958	13957
13959	11702
11646	13388
14019	50685
17154	11495
17154	19457
20750	57864
23128	12598
52553	16861
1422	19265
1422	19266
1422	19267
1422	19268
1422	19269
1422	19270
14052	52332
14054	10262
14054	71423
21818	58667
741	9243
741	14080
9243	13373
9243	46728
9243	46729
14080	16104
7259	43225
10294	8922
10294	20839
10294	47884
10294	47885
10294	47886
10294	47887
14261	52452
14262	9155
14263	32036
14265	11124
14265	36207
14102	4140
14102	14263
14104	15419
14106	9438
14106	18554
14106	42945
14106	51724
14106	51725
14115	33457
6576	13405
9523	14130
9523	47168
9523	47169
11825	10373
11825	50025
13411	9376
14126	52431
14126	52432
14126	52433
14130	9523
14132	11070
14132	52434
14132	52435
752	14244
14244	52436
754	14246
754	14247
14246	754
14247	754
14247	52444
14250	52446
14253	2601
14256	758
14256	13243
14259	35111
14259	46442
14259	46443
14259	46444
14259	47213
1996	13206
13206	1996
13206	5170
13206	21527
13206	51691
13206	51692
1570	16600
1594	14397
1594	21493
1706	21639
2012	25076
2012	25077
3125	29853
3385	30677
3465	31256
3577	5768
3577	31860
3577	31914
3577	31915
3577	31916
4839	36498
5183	799
5183	24311
5601	25698
6413	5402
6413	23535
6413	40944
6804	18098
7097	25165
7296	36998
7296	38871
7296	43242
7865	9262
7865	29827
7865	29991
7865	44600
7865	44601
7976	16232
8214	8215
8360	273
8391	10531
8862	46209
8862	46211
8862	46212
8862	46213
8862	46214
8862	46215
8862	46216
8862	46217
8906	46275
8906	46276
8906	46277
9127	3910
9727	13877
9727	22773
9727	47402
9727	47403
9727	47404
9959	14381
10022	18292
10104	47702
10104	47703
10104	47704
10116	47717
10208	47798
10399	48036
10542	48321
10657	10639
10657	10658
10657	10660
10657	27807
10657	45570
10658	10657
10658	27807
10872	16448
10872	48787
11500	21597
12265	50482
12519	12332
12539	50750
13903	52231
14276	15994
14283	52455
14292	15542
14296	52458
14297	22871
14297	52459
14298	42521
14303	52461
14311	20331
14311	20336
14314	15741
14314	27841
14314	42241
14319	11762
14320	52468
14320	52469
14321	41692
14321	48071
14321	52470
14321	52471
14323	52472
14326	18104
14327	11606
14327	37934
14328	13684
14328	33783
14329	52473
14331	52474
14331	52475
14334	21245
14334	49520
14337	10596
14338	52479
14339	52480
14340	21523
14340	35446
14340	37896
14340	44842
14340	46962
14342	30465
14342	52485
14342	52486
14342	52487
14342	71505
14345	52495
14348	52497
14349	12683
14349	50704
14349	50705
14349	50706
14349	50708
14349	52498
14349	52499
14350	52501
14356	11836
14356	22904
14356	39285
14356	43774
14356	46883
14356	52503
14356	52504
14357	52506
14357	52507
14358	52508
14358	52509
14361	52513
14369	42687
14369	47533
14373	52515
14376	11978
14376	24608
14376	33561
14376	39455
14377	8629
14377	27736
14378	22350
14378	22693
14379	52520
14383	43183
14384	27250
14385	10797
14385	18795
14388	11874
14388	52526
14389	52527
14399	52529
14401	52530
14401	52531
14450	17164
14450	52585
14450	52586
14641	24920
14641	25060
14657	10697
14657	52936
15276	12064
15331	20857
15419	26235
15419	53524
15419	53525
16314	11362
16661	54634
17481	42664
17481	52512
18663	55963
18774	28005
18774	50770
19042	6944
19067	22206
21243	13181
21243	23603
21243	58220
21243	58221
21301	2819
21333	15416
21333	33764
21333	53521
21406	22589
21406	24836
21515	10697
22135	46511
22135	58843
22465	22485
22501	24141
22501	31526
22501	32619
22501	47465
22501	56064
22501	59088
22548	1799
22548	59146
23382	22225
23507	18424
23507	28297
23541	59727
23541	59728
24288	21469
24288	40375
24288	60244
24288	60245
25072	35215
25190	11325
25209	21629
25324	60798
25324	60799
25493	25494
25493	25495
25668	13934
25852	12282
25852	33709
26261	10597
26261	15855
26261	15866
26261	37265
26729	16521
27533	16785
27746	8391
27746	12971
27900	61852
28796	2822
28858	24945
28890	11365
28890	21304
28890	21647
28890	34024
28890	49495
28890	62079
28890	62233
28891	62234
28891	62235
29160	15252
29218	62357
29602	14067
29602	53486
29885	3136
29936	31469
29936	54444
29936	62583
30079	62621
30266	35124
30807	30004
31325	63100
31941	13667
31941	19465
32990	53403
32990	63744
32990	63745
33561	14376
34398	5238
34398	10627
34398	18330
34398	30188
34398	30722
34398	53318
34398	64293
34398	64294
34398	64295
35285	52885
35285	64581
35621	4632
35621	36114
35621	39883
35621	52655
35621	64705
35621	64706
35621	64707
35621	64708
35621	64709
36089	7571
36418	14440
36418	29791
36418	41941
36418	64922
36499	5737
37034	65030
38629	20258
38629	45660
38629	65457
38629	65458
38629	65459
38645	11835
38645	50036
38646	28506
38646	65469
38708	15068
39450	40709
39460	5768
40994	15416
41704	66284
42458	15068
42993	61646
45607	23311
45607	44822
45607	67245
45607	67246
47504	9830
47735	24563
47735	67635
47793	13442
47793	67669
47793	67670
48633	10746
48633	67878
48704	10814
48995	11054
48995	16401
49009	11063
49009	28915
49079	11123
50564	68247
51320	12856
51320	51321
52019	13589
52019	29593
52019	68480
52327	14034
52473	17631
53223	15046
54167	16179
54167	68857
54167	68858
54167	68859
54169	68860
54368	16319
54368	26642
54635	16661
56065	69163
56065	69164
56065	69165
56118	69178
58451	21611
59060	22471
59060	35224
59253	22753
59253	54371
59721	23530
60087	24043
60231	24279
60332	43618
61336	26467
61695	27561
62489	29603
62706	30334
63332	31911
64072	33850
64302	34409
64856	36166
64857	36166
64857	70445
65471	38657
65735	70561
65735	70562
65735	70563
67055	44850
67055	70738
67227	45504
68860	54169
69169	56079
69178	56118
69845	60527
71408	71663
71408	71664
71408	71665
71408	71666
72548	75401
72548	75402
74046	75581
74057	75583
74110	75589
74166	74170
74170	74166
74207	75595
74217	75596
74238	75597
74247	75598
74302	75602
74302	75603
74302	75604
74303	75605
74305	75606
74311	75607
74350	75609
74354	74109
74384	72345
74384	75340
14402	13841
14403	30400
14403	38588
14403	42462
14403	52534
14403	52535
14403	52536
14408	2878
14408	48983
14410	6436
14410	20704
14410	40983
14410	40984
14411	8868
14411	29448
14411	34479
14412	52539
9828	47503
11606	49736
11770	8377
11770	48021
11770	48023
13661	20374
13661	26033
13661	32110
13661	34356
13661	45509
13661	52062
14440	19305
14440	33457
14440	34962
14440	36418
6800	42205
14447	52583
14451	6105
14452	52587
14453	18683
14455	20375
14455	22745
14455	31496
14455	52588
14456	8139
1444	19765
1444	19766
1989	5159
1989	25021
1989	25022
4181	34268
11340	22813
14070	22889
14488	14492
14488	30715
14488	52605
14489	14528
14489	37854
14489	49347
14498	24069
14498	35472
14498	52620
14503	28523
14503	28524
14503	52622
14506	10470
14507	22875
14507	32488
14507	32775
14509	52623
14509	52624
14510	10504
14511	14538
14511	33013
14511	33014
14511	52626
14511	52627
14520	14524
14520	52652
14520	52653
14520	52654
14522	22834
14522	37960
14527	14509
14527	52625
14528	14489
14531	3435
14535	52671
14538	14511
14538	52674
14538	52675
14538	52676
14540	35704
14540	51138
14542	52682
14542	52683
14547	19828
14547	26528
14547	38501
14547	39790
14547	45151
14547	52699
14561	14588
14564	24807
14566	19709
14571	35932
14571	52812
14575	12342
14575	12636
14575	35419
14575	49089
14577	30818
14577	31054
14579	14509
14579	39257
14579	52834
14579	52835
14579	52836
14579	52837
14582	23416
14582	52847
14582	52848
14582	52849
14582	52850
14584	14340
14584	21857
14584	23486
14584	27750
14584	52854
14584	52855
14587	37856
14591	22918
14591	23035
14591	49699
14591	52865
14591	52866
14591	52867
14593	43308
14593	52868
14597	52875
14597	52876
14598	22720
14598	36629
14598	52877
15357	33124
17923	22984
17923	23799
17923	55486
17923	55487
18256	10910
18256	47151
18760	18759
18862	23660
18862	40017
18862	56121
18862	56122
19369	56685
19369	56686
19765	1444
19765	19766
19765	19767
19765	52891
19766	1444
19766	19765
20022	28258
20022	28269
20380	41208
20416	22946
20416	57614
20416	57615
21685	29093
21685	58528
21761	58619
21761	58620
21801	24377
21801	58649
21978	24707
21978	32650
21978	53965
22251	22845
22370	21799
22370	58994
22845	59306
22845	59307
22862	14534
22862	24613
22862	24615
22875	25526
22875	59325
22889	22836
22889	59337
23171	59517
24232	15376
24232	31054
24232	60209
24377	21801
24377	52781
24377	60287
24377	60288
24377	60289
24377	60290
24554	14885
25022	12631
25526	22875
25526	32775
27865	22902
27865	61843
29557	3041
29557	19323
29557	62466
29557	62467
30434	20949
31054	14577
31410	12636
31410	50912
31525	63186
31799	63300
32128	22841
32128	63416
32484	41104
32484	50708
32484	56593
32484	63569
32484	63570
33124	15357
35224	12134
35224	45732
35316	35304
35316	35331
35418	35419
35418	35423
35418	35424
35418	35425
35418	64638
35419	35418
35599	64701
36974	14578
36974	65020
38107	25418
38107	56667
38107	56669
38928	43303
39354	22886
39354	54945
41108	10503
41108	32484
41108	43302
41541	66242
43302	41108
43302	43310
43638	21436
43638	43635
43743	31410
43743	66799
45732	35224
50812	24132
52708	14550
52854	14584
52882	16371
52912	14628
53874	53875
54312	19912
54312	22963
54312	68878
54415	16371
56122	18862
57591	20380
57591	59699
58698	21857
58698	35631
59007	22391
59008	22391
59262	22770
59951	69759
62467	29557
62614	30041
62614	31705
64638	35418
73812	74872
73812	75557
73812	75558
73812	75559
73812	75560
73813	74873
74870	75693
74872	73812
7032	13505
7032	17154
7032	23979
7032	26199
7032	42649
7032	42650
14605	52890
14606	21318
14608	21336
14621	4155
14622	35159
14625	52910
774	13307
774	14644
14644	774
9682	47369
9682	47370
14733	52984
14749	14750
14749	14752
14749	14753
14749	14754
14750	14751
14750	14752
14750	14753
14750	52989
14751	8107
14751	14750
14751	14753
14751	33932
14751	46078
14752	14750
14752	14753
14753	14750
14753	14752
14753	14754
14758	14753
14758	14754
14763	13810
14763	52182
14764	2935
14766	2935
14766	14769
14767	2935
14769	2935
14769	14766
14769	14767
14769	14772
14770	16121
7960	19310
7960	42164
7960	44789
10841	48734
10841	48735
10841	48736
14796	10475
14796	11641
14796	15602
14796	17877
14796	32978
14798	2749
14798	28639
14798	28640
14798	40601
14798	53033
14798	53034
12103	15171
12103	37361
14808	53030
6768	6775
12914	51409
14840	48036
14847	53053
14847	53054
14943	27309
14943	31220
14028	20154
14949	53152
14950	11334
14950	32956
14950	53153
14962	14968
14962	14983
798	14992
798	14993
14992	17942
14992	24821
14992	27650
14992	53192
14992	53193
15007	39762
2014	1983
2014	2017
2017	1983
2017	2014
10201	23167
15020	1115
15020	11964
15020	53206
15020	53207
15020	53208
15020	53209
15020	53210
15023	13596
15025	53213
15027	31911
7862	8503
7862	16018
15035	53220
15036	53221
15039	6743
15039	51399
9204	1828
9204	46712
15047	23117
15047	53224
15048	53226
15051	15415
15052	6939
15052	53086
15052	53241
15052	53242
15055	16184
15055	34594
15055	35803
816	15057
816	15058
15057	9720
15057	20362
7155	12381
7155	13124
10868	15877
15063	5118
15063	27414
15064	20750
15065	41323
15066	30403
15066	53247
15067	16316
15067	31218
15069	15614
15070	21386
15070	53249
15074	31475
15080	819
15083	24971
15083	39923
15083	53259
15083	53260
15085	26456
15086	16368
15094	53265
15095	16719
15095	53266
7616	8658
7616	35796
10032	32279
11177	49138
13035	10079
13035	18512
15105	27586
15105	53275
15105	53276
15115	8728
15115	53282
15115	53283
15115	53284
15115	53285
15126	31875
15126	53290
15126	53291
15128	53292
15130	28134
15131	53293
15132	53294
15133	6345
15136	53296
15245	3236
15599	8172
18768	16654
18768	46889
18768	56063
19505	37610
19505	56788
19505	56789
19996	15113
19996	34784
19996	57251
19996	57252
29096	62313
29096	62314
29243	32265
29243	44272
29243	62362
29243	62363
29291	17635
29291	55287
38266	22624
38266	59176
38266	59177
38266	59178
38266	59179
43225	14679
43225	33894
43225	66633
45026	29919
45939	21841
45939	21920
52582	32741
53936	68823
53936	68824
56344	19028
67895	64065
73856	75563
12532	11329
6825	15140
6825	36232
15139	8361
15139	53299
5910	39823
15171	12103
15171	24259
15171	47464
15171	53334
15184	20310
15188	39067
15190	15191
15190	24872
15190	53338
15190	53339
15190	53340
15191	15190
15191	53338
15195	35906
15199	53358
15204	36613
15204	43728
15212	35482
17288	17321
17288	32006
20294	7311
29412	62420
29412	62421
44174	47314
13713	10898
13713	52114
13713	52115
15222	43928
15222	53374
15222	53375
15223	53376
15224	29310
834	15230
834	15231
834	15232
834	71410
15230	834
15230	21262
15233	15234
15234	15233
940	7920
940	16071
3122	27634
3122	29850
3122	29851
3122	29852
5807	15246
5877	11010
5877	17491
15238	15243
15238	53390
15238	53391
15238	53392
15239	19978
15239	26645
15239	34811
15239	34815
15239	53395
15239	53396
15239	53397
15239	53398
15241	15242
15242	15241
15242	15269
15242	53399
15243	15238
15243	53391
15243	53392
15243	53400
15246	5807
15246	18284
15248	35537
15248	39966
15251	53404
15252	29404
15252	53405
15252	53406
15254	22433
15257	42960
15259	53416
15260	3424
15260	12507
15260	31004
15261	8203
15261	12215
15262	15250
15263	53422
15265	7054
15265	7452
15265	42909
15265	43724
15266	47985
15266	53424
15268	15273
15268	23392
15268	32329
15269	15241
15269	15242
15272	43635
15272	53431
15273	15268
15273	32329
15274	15326
15275	6579
15275	10892
15275	26542
15275	26543
15275	26547
15275	27650
11931	27663
15317	16370
15333	11256
15333	49393
15333	49394
15342	53456
15350	51091
15351	53466
15354	24175
15354	53467
15355	15366
15355	17431
15355	18969
15355	53471
2838	8630
2838	20479
2838	20483
15372	39261
15372	53492
15374	53492
15410	16234
15410	41175
15411	44877
15411	53513
15411	53514
15411	53515
15411	53516
15412	20846
15412	22206
15413	32082
15415	15051
38698	28940
38698	34605
68249	50564
15417	6137
15493	10379
9624	2628
9624	15505
9624	47270
15503	9624
15503	15405
15503	15505
15505	9624
1958	22674
2604	27788
2604	27789
2604	27790
2604	27791
5800	14935
7850	8857
13074	32331
13074	32507
14862	14868
14868	21150
15517	1205
15517	53565
15525	53567
15525	53568
15531	21508
15531	39355
15531	53589
15531	53590
15532	15863
15532	33381
15534	53593
15541	53598
15542	53599
15544	53600
15569	15640
15569	18952
15575	28942
15575	29391
15575	53620
15576	53621
15579	7754
15580	51794
15580	53630
15582	53631
15583	15585
15583	53632
15584	14477
15584	53634
15584	53635
15585	15583
15585	53636
15586	35052
15586	53639
15587	20369
15587	53640
15588	23500
15589	37627
15589	42141
15590	15588
15590	53641
865	4942
865	8428
865	15608
865	15609
865	15611
15608	865
871	5660
871	15617
871	15618
15617	871
15617	5660
15617	15618
15618	871
15618	5660
15618	15617
15620	17322
15620	53686
15620	53687
15620	53688
15652	17846
15652	53704
15657	53713
15673	23259
15673	23260
15673	53749
15675	8024
15675	16233
15675	53114
15675	53750
15676	53751
15677	5784
15677	11512
15677	53752
1939	16236
6836	38358
11640	12687
15695	24986
15697	21642
15697	36144
15697	53767
15697	53768
15698	53770
15699	53771
15699	53772
15701	13006
15701	27860
15702	10256
15714	38026
15714	53777
15714	53778
2847	15495
2847	28846
6204	37365
10014	3179
10014	22551
15721	42082
15738	27626
23916	13597
23916	52028
23916	52029
23916	59981
26221	61213
52217	13875
52217	68521
52217	68522
15741	14314
15741	47819
15741	53793
15741	53794
15741	53795
15741	53796
15742	53797
15742	53798
892	15779
15779	7031
15779	13442
15779	16441
3870	32961
7290	4711
7290	9400
13654	26467
13654	52059
13654	52060
13654	52061
15830	53888
13849	13219
13849	51713
15838	53895
15839	53896
15840	15842
15841	18278
15841	44980
15841	53897
15842	15840
15845	8451
15845	20131
15845	53902
40167	23989
15857	31424
15859	2818
15859	53917
15863	15532
9148	6651
9148	30350
9148	30351
9148	30353
9148	46654
9148	46655
9280	46781
15903	13270
15903	51762
15906	41828
15910	53952
15237	15919
15913	53953
15913	53954
15919	15237
15933	53960
921	15959
6150	1956
15971	2567
15971	16264
15977	7161
15977	16593
15977	25328
15977	54022
15978	54025
15978	54026
15979	14941
15979	22868
16000	54034
16001	19399
16001	36895
16001	44546
16026	9898
16026	49087
16026	49091
16026	54046
16026	54047
16027	12300
16027	22541
16027	26175
16027	31197
16027	33500
16027	54048
16029	54049
16029	54050
933	2468
933	4140
4140	933
4140	3761
4140	3845
935	16042
936	4824
936	14928
936	16043
936	16044
936	16045
936	16046
4824	3619
16046	936
16046	14928
937	16047
16047	16110
15366	18965
939	4877
939	16070
16071	940
941	16072
1972	3351
1972	17866
3711	15614
3711	32269
8358	273
8358	8669
13900	8295
16073	19783
16073	26111
16079	54098
26439	61320
13784	52163
16063	12607
16063	16213
16063	31649
16063	54093
16063	54094
16086	30941
16097	16099
16100	6137
5884	21919
5884	33621
10874	27411
10874	48788
10874	48789
16102	34083
16102	54101
16102	54102
16103	14912
16104	19186
16104	53000
16104	54103
16108	39203
16109	16606
16109	19483
16113	19578
16113	54109
16115	19198
16115	20365
16115	20458
16116	30840
16119	54115
16120	32899
16121	54116
16124	35123
16125	44201
16125	46071
16125	54119
16125	54120
16133	28343
16138	30241
16138	36408
16138	54147
16141	17723
16141	23915
16141	29539
16141	54150
16141	54151
1965	6798
1965	24996
16189	11626
11397	24138
11397	49510
16197	7585
16197	16198
16197	16200
16197	16218
16197	16219
16198	16197
16198	16200
16198	16219
16200	7585
16200	16197
16200	16198
16200	16218
16200	16219
16204	26412
16205	54198
16206	48565
16209	7220
16209	15223
16210	8462
16210	13587
16210	21781
16210	48398
16213	16063
16213	54201
16213	54202
16213	54203
16216	54205
16217	9318
16217	38970
16217	54206
16217	54207
16218	3136
16218	16200
16218	28497
16218	35093
16218	38841
16218	54210
16219	16198
16219	16200
16219	16218
958	16234
16234	15410
16234	22511
16234	54217
16234	54218
959	10307
959	10318
959	10319
10318	10307
10318	10319
10319	10307
10319	10318
16238	43743
16239	8176
16239	19201
16239	22745
16239	54221
16239	54222
16239	54223
16244	10794
16244	11481
16244	18230
6816	16252
10218	9729
10218	10211
12738	16247
16247	12738
10123	5327
5001	36399
16268	11296
16270	11296
16276	44858
16276	54333
16282	54337
2892	2790
2892	20077
14419	52542
16288	54341
16289	54342
16290	21870
16290	54344
7277	43230
9957	47562
11024	16545
11024	48982
11024	48983
13568	16319
16315	16319
16315	16324
16315	54364
16319	13568
16319	16315
16320	7787
16321	11147
16321	21085
16321	21323
16321	21325
16321	42917
16323	54370
16324	16315
16324	16319
16326	54372
16330	6083
16432	16433
16433	16432
16459	13038
16459	13039
16465	16470
16467	13039
16468	16470
14094	13195
16478	34064
1662	16492
1689	16487
1689	16492
1689	16496
1689	20884
1689	22315
1689	22317
11454	49546
11454	49547
11454	49548
11454	49549
11454	49550
16485	47929
16502	54514
16502	54515
16504	30128
16505	29005
16505	54517
16506	16505
16506	26017
16506	54522
2571	24571
2571	27730
16512	1671
16512	54502
16041	6410
16521	26729
16523	20231
16523	30371
16523	54532
16523	54533
16524	15067
16524	48147
16524	54534
16525	13819
16525	36483
16526	19685
16526	39386
9206	13773
16566	10662
16566	24779
16566	24950
14639	12342
16612	12213
16634	54609
15457	11222
15457	53531
15457	53532
16706	16707
16707	9720
16707	16706
16707	21958
9119	16764
16764	9119
2850	24950
2850	28854
8381	16790
10999	48952
10999	48953
13745	8894
13745	12485
13745	52142
16790	8381
16795	18289
16795	54711
16795	54712
16807	8258
16807	20819
16807	21860
16808	32187
16809	54714
16809	54715
16809	54716
16809	54717
16813	54723
16813	54724
16817	16816
16817	16818
16830	54730
16833	52308
16834	16829
16867	15595
16867	21339
16868	54779
16870	43788
16870	54784
16870	54785
16870	54786
16870	71415
16878	49301
16879	10322
16879	47946
16927	10907
16927	44518
16929	16932
16929	22411
16929	22419
12801	35390
12801	51247
16586	27450
16586	29273
16934	71462
16938	54862
16938	54863
16941	54871
16944	37111
16944	38457
16944	38513
16948	18034
16948	19379
16948	31814
16948	32439
16948	54878
16949	35517
16953	14488
16953	18760
16953	20939
16953	23162
16953	30178
16953	39075
17008	54929
17008	54930
13115	51600
13115	51601
13115	51602
15571	41251
17039	5452
17039	41595
17039	54970
17041	21280
17044	54973
17045	31285
1798	23506
1942	24970
1942	24971
2600	27768
2600	27769
2600	27770
3755	2824
3755	7014
3755	10214
12034	50250
12034	50251
17055	24482
17055	54980
1034	1328
1034	3792
1328	1034
17093	17094
17093	17096
17096	17093
17096	54995
8736	45978
8736	45979
8736	45980
10052	36482
17120	45048
17133	17135
2910	17139
17139	2910
1052	9203
1052	17145
1054	17146
1843	18249
5158	10533
5158	16309
5158	37603
9686	13710
10190	15054
10190	39515
10330	20708
13039	13038
13039	16459
13039	16470
13039	16471
13039	16472
13039	44430
13039	44432
13039	44433
15574	17193
15574	24678
15792	21799
15792	22370
15792	53850
16252	6816
16252	16251
17148	55012
17152	28951
17157	12147
17157	15866
17157	17210
18321	22382
18321	43584
18627	21973
18627	34615
18627	55940
18627	55941
18696	18694
18696	20325
18696	43110
19224	20694
19224	47475
19224	56516
20146	12580
20548	26438
20694	16276
20694	44858
20694	54333
20694	54334
20694	57829
20694	57830
20694	57831
20951	37610
20951	58045
20951	58046
20951	58047
20990	11428
20990	49532
20990	58071
20990	58072
21681	8160
21681	24784
21681	29136
21681	58527
22351	33502
24108	24105
24108	41721
24125	1848
24125	60136
24947	16251
25156	36896
25156	60711
25519	25518
25519	25520
25578	46686
25578	49927
25578	52634
26438	17869
26438	25934
28082	28081
30754	42236
33190	11099
33503	20044
33530	33531
33531	7199
33531	33530
34492	41061
34492	42236
37169	35016
37776	12585
37776	50842
37776	71502
41061	34492
41061	54486
41721	24105
41721	24108
41721	24119
41721	66290
41845	23488
41845	37809
41845	66341
42074	18032
42074	38927
42074	66396
42765	21150
42765	26304
42765	45351
42765	46918
42765	66545
42921	29802
42921	42920
44294	66911
44294	66912
44294	66913
44858	16276
44858	20694
44858	32242
44858	54333
44858	57829
44858	57830
44858	57831
44858	67057
48230	26800
48401	15841
51086	51078
51086	51082
51086	54471
51086	54472
51091	15350
54333	16276
54333	20694
54333	44858
54333	54334
54333	57829
54333	57831
54333	68886
55018	17158
56516	58315
57829	44858
57829	54334
58046	35515
70161	62883
73554	75519
1063	17159
17159	24364
1070	17164
3607	32007
17168	55029
17169	15633
1074	7703
1074	17173
7703	2393
17173	55040
17173	55041
17175	2555
13461	51923
17193	28656
17193	49725
17194	10693
17194	55046
17194	55047
1079	3912
1080	17205
1081	613
1081	17206
1082	17207
17207	55050
5429	2935
17208	5767
17210	17211
17210	27834
17212	5770
17213	55054
17215	30952
17215	30953
3224	30244
17226	48373
17226	49725
17226	55060
17227	19899
17227	55061
17227	55062
17230	8866
17230	13591
17230	52026
1088	8047
14960	22302
14960	53173
14960	53174
16701	7168
16701	7200
16701	28135
16701	28145
17235	17237
17235	55065
17235	55066
17235	55067
17236	17915
17236	41759
17236	42574
17236	55068
17242	17370
17245	1569
17245	21344
17245	38100
17249	55092
2077	25473
17256	9665
17256	23677
17256	55101
17258	55102
17264	22013
17265	22949
17265	26674
1984	25017
8901	15200
13103	16913
17303	55123
1116	17307
1117	14034
14034	20875
14034	36981
14034	52327
14034	52328
17335	55126
1137	7447
1137	13236
1137	17339
13236	7447
13236	24271
13236	51717
17342	55128
1146	3568
9525	47170
10405	2774
10405	10406
10405	25624
16991	34087
16991	54913
16991	54914
17393	29080
17395	55139
13791	36234
13791	43247
8057	44913
3661	32118
17411	55159
17411	55160
17412	55162
2689	28349
2689	28350
9717	23603
17431	13790
17431	29826
17431	55177
17431	55178
17447	9702
4998	264
4998	5049
4998	10358
4998	16364
4998	37165
7139	24691
8014	19901
8014	25185
8014	44849
8014	44850
11593	24273
11593	35814
12736	37365
12736	44407
13761	12552
13762	13221
13762	44115
13762	52149
13763	13764
13764	52150
14804	12540
15988	13169
15988	43185
16414	54473
16877	17880
17465	55195
17465	55196
17468	3590
17468	13499
18107	12020
18107	55587
19100	56397
25166	38574
25316	60792
25316	60793
26332	9010
31292	63079
32941	26971
33389	19696
15752	17524
15752	17525
15752	17526
15752	17530
15752	17540
15752	22429
17524	15752
17524	17530
17524	17540
17526	15752
17530	15752
17530	17524
17530	17540
17533	55226
17534	35637
17535	11820
17535	55228
17538	19671
17539	13319
17539	35663
17540	15752
17540	17524
17540	17530
16856	6313
16856	33739
16856	47317
17608	55274
17609	17614
17609	17616
17613	17614
17613	17616
17614	17609
17614	17613
17614	17616
17614	29680
17615	55276
17615	55277
17616	17609
17616	17613
17616	17614
17616	55279
4101	16495
4101	20475
4101	20476
4101	20477
4101	20478
5783	34473
6223	40714
7034	3416
7034	9764
7034	42653
8663	8664
8894	13745
8894	17682
11481	8931
11481	16244
11481	39342
11481	49569
11481	49570
11647	11639
16184	15055
16184	20760
16184	54172
16184	54173
17619	55280
17619	55281
17622	55282
17630	18020
17630	55283
17632	55278
17635	29291
17635	36229
17635	55287
17636	7591
17639	32270
17639	55289
17642	55291
17644	6191
17646	55293
17650	36382
17653	55307
17658	55312
17658	55313
17659	55314
17665	13311
17665	28040
17665	47999
17666	12208
17666	41512
17666	55316
17669	18622
17669	55318
17670	23252
17672	55320
17673	55321
17674	55322
11389	13534
11389	47569
11389	49502
11526	22447
17685	17702
17685	55324
17689	24152
17690	45669
17701	11559
17701	29524
17702	17685
17703	30613
17703	39437
17705	55341
17706	39928
5478	38861
17759	1201
17761	37237
17761	51275
17762	38723
5794	16024
11878	4610
11878	29672
11878	50074
16149	54157
16971	15255
16971	30402
16971	53411
17823	17337
17823	45379
17825	17826
17826	14569
17826	17825
17827	55416
17829	17802
17829	17830
17832	55417
17834	25536
17834	32704
17834	55418
17838	17842
17838	17848
17838	34101
17845	11857
17846	15652
17846	53707
17846	53708
17846	55430
17851	51842
17851	55432
17854	17889
17854	55433
17855	15238
17855	53394
17858	7735
1214	13105
17869	55438
6337	36562
17876	49475
17876	49477
17876	49478
17876	49479
1222	17877
1222	17878
17877	11641
13611	52032
15475	53541
17886	55442
17889	17854
17889	24909
17889	31316
17889	50839
17889	55443
17889	55444
17889	55445
17889	55446
17889	55447
4584	12533
5017	27161
5017	37178
6312	28885
6312	40775
6460	31106
8721	45940
8721	45941
13561	47476
13561	51989
16594	18946
16594	31788
17926	7894
17926	34071
17928	24067
17931	36631
17931	45977
17935	9345
17935	17937
17935	17938
17936	12342
17936	21237
17937	17935
17937	17938
17938	17935
17938	17937
20278	19925
20278	55770
21342	39177
22352	11410
22871	14297
22871	23678
22943	31758
23397	59643
23678	22871
23767	6856
23767	16685
23767	25019
23767	42336
23767	42340
23767	59888
23767	59889
24863	17922
24863	19374
24863	35454
24863	60581
25697	50238
25697	51172
25697	60976
25697	60977
26330	61264
33137	63793
40337	38011
40337	65959
13597	52028
13597	52029
17940	8952
17942	14992
17955	55512
17956	44627
17956	55513
17958	19045
17958	29115
4935	36531
17980	7728
17984	55522
17984	55523
17985	17995
17985	35741
17987	26073
17987	26074
17987	26079
17987	26083
17987	26085
17988	17993
17988	44416
17993	17988
17997	39683
17997	55528
17997	55529
12984	18012
18015	36238
18015	55545
7546	26478
7546	31758
7546	38887
7546	43889
7546	43890
7546	43891
7546	43892
15764	20265
15764	38031
15764	53815
18020	17630
18020	55546
18020	55547
18020	55548
18020	55549
18029	55552
18031	9495
18032	4610
18032	55553
18034	19379
18034	31814
18035	14547
18035	39790
5899	35798
18037	55555
18050	6791
18050	18848
18050	30921
18050	55558
18053	18055
18053	22259
18053	38375
18053	38376
18053	49655
18053	55562
18053	55563
18054	55565
18055	19956
18055	22259
18055	27548
18055	55566
8458	8462
8458	18060
8458	18061
8458	45551
8458	45552
18060	8458
18061	8458
18061	18059
18061	20574
18063	18064
18064	18063
12601	32391
12601	34038
12601	35074
18069	55571
18070	28476
18070	35476
18071	23036
18073	18070
18075	18077
18075	35476
18075	55572
9837	5883
18081	1261
18082	5883
18083	18081
18083	55573
18084	1261
18084	5883
18085	55574
17369	13553
17369	17368
17369	18086
17369	24963
18086	17369
18097	55582
4811	7031
4811	36464
18098	55583
18100	30918
18108	31974
10293	10221
18122	11408
18127	55597
18128	55598
18182	18183
18182	18185
18182	18191
18183	18182
18183	55634
18185	18182
18185	18191
18186	20694
7830	1261
7830	18198
18198	18204
3810	28133
3810	29669
3810	29675
3810	29681
3810	32498
18204	18198
16264	2567
18257	10233
13662	21713
13662	52063
13662	52064
14047	10373
18290	55704
18292	10022
18293	25392
18294	22349
4232	33575
4232	34446
4232	34447
16609	21511
18298	1945
18298	7869
18298	38870
18302	55710
18312	55713
18319	28842
18325	8157
18325	9456
18328	55722
18328	55723
18330	55725
18332	71484
1282	18335
18335	1282
18335	4901
18335	12404
18335	36554
18335	50596
18335	55726
18336	9455
18363	33588
18364	55791
9784	8505
1287	4660
4660	36143
4660	36144
4660	36145
18375	18377
18375	18380
18378	18379
18378	18381
18378	28564
18378	33002
18379	18378
10049	47642
10164	8627
10164	47556
16958	9870
16958	35634
16958	38154
16958	41255
16958	54890
16958	54891
2917	26906
2917	29139
11370	797
11370	48291
11370	49497
9804	5672
8063	13951
8063	18400
8063	30122
9800	9797
9800	9798
10269	47866
11645	11642
18396	55811
18396	55812
18396	55813
18397	38709
18397	47089
18397	55816
18397	55817
18397	55818
18397	55819
18398	18402
18402	18398
18402	18399
18402	71490
18409	21564
18409	30978
18422	8558
18422	32384
18422	55826
18422	55827
18423	18430
18423	55828
18424	55831
18440	55838
18444	27277
18445	33507
18450	23075
18458	55842
18467	24378
18471	7639
18475	24790
18475	41308
18484	55845
18485	20412
18485	41665
18497	27696
18518	2580
18529	3648
4014	18550
4014	18553
4014	18554
18549	7013
18549	13045
18549	14106
18549	18550
18549	18553
18549	18554
18549	18557
18549	18559
18549	42945
18549	51728
18549	55892
18550	18549
18550	18553
18550	18557
18550	51729
18551	42945
18566	2353
1590	8298
18573	55895
18574	18573
18603	14114
18603	24589
18603	35908
18603	55926
18603	55927
18603	55928
18603	55929
18614	19843
18614	38367
4011	26761
8477	18638
8477	18645
18638	55943
18639	8477
18658	18670
1327	18671
1330	2071
1335	18673
1335	18674
18673	1335
18673	55964
18674	1335
18675	1336
18675	18676
18676	1336
18676	18675
18676	28818
6791	42188
6791	42189
9852	1340
1341	18677
18677	26805
18677	55965
18683	14453
18683	55970
18683	55971
18683	55972
18683	55973
7991	904
7991	9671
7991	16605
7991	37187
18680	7783
18680	56010
18680	56011
18694	18696
18694	18699
18694	43110
18694	43111
5341	8447
16996	54917
18701	6416
18705	25386
14009	52306
1357	18709
18712	11234
1362	2922
18732	18734
18735	34105
18735	56031
18735	56032
18735	56033
1366	2114
1366	18196
18743	56048
18745	18753
18749	18761
18749	56050
18750	56051
18753	18745
18755	56054
18755	56055
18755	56056
18759	18760
18763	56059
18766	18767
18766	23761
18767	18766
18769	56064
18801	18803
18802	18806
18803	12601
18803	18801
18803	18980
18806	18802
18806	47340
18813	27412
18813	56097
18821	18823
18823	36974
10253	23467
13361	13306
8215	8214
8215	45221
8215	45222
8215	45223
8215	45224
11564	41380
11564	49658
11564	49659
11564	49660
11564	49661
18829	21606
18829	32789
18829	54742
18831	22261
18831	23980
18831	32829
18831	34025
18834	12524
18834	14819
18834	56107
18836	56108
20091	23172
20091	28421
20091	29641
20091	35224
20091	57312
20091	57313
21778	3443
21778	8160
21778	58628
21778	58632
25619	60946
59447	23009
6432	6435
6432	18848
18848	6432
18848	18050
18852	46847
18853	56112
18911	20155
18911	56159
18913	51794
18930	56196
18942	56211
18943	56213
18943	56214
18945	25171
18945	29462
18945	34420
18945	56215
18948	30726
18952	15569
18952	43478
18967	20293
18967	21793
18970	18951
18976	6062
18976	15841
18976	56289
18976	56290
18976	56291
18977	56293
23424	59650
26493	61344
34115	34086
34115	37807
34129	16829
34129	25131
34129	35437
34129	64171
34129	64172
34129	64173
34129	64174
34129	64175
35193	35192
53471	15355
72397	75375
19101	15652
19101	17013
7209	8879
8879	7209
19120	19132
19120	39679
19141	25911
4752	36361
4752	36362
6831	10187
6831	42282
8148	45025
8148	45026
8148	45027
8148	45028
8148	45029
10061	39636
10945	4668
10945	19041
10945	19697
10945	27027
10945	48866
10945	48867
10945	48868
10945	48869
11871	19598
11871	25181
11871	41882
11871	42574
13889	7824
13889	20024
18722	24304
18722	41745
18722	56029
18783	10967
18922	28095
19187	3696
19189	13648
19189	25654
19189	26874
19189	32789
19190	23883
19190	56486
19192	19066
19193	19194
19194	10307
19196	25780
19196	30534
19196	56490
19202	56328
19203	19198
19203	56496
21417	8157
21417	15351
22409	29573
22409	33685
29919	16783
29919	45026
30984	22443
33073	17498
33073	39635
33073	39637
33073	44634
33073	62880
33776	64048
33925	64098
57679	69423
19206	18421
19206	21552
19207	56499
7561	23510
19215	56500
19221	19137
19221	39336
19227	19477
27566	15095
28198	22236
28198	22620
28198	26035
28198	34798
28198	50326
28198	61346
28198	61957
28198	61958
38968	65567
57076	19794
57535	20309
57535	41595
57535	69408
17331	1413
19245	1413
19245	21990
19245	51129
19245	51144
19246	1413
19247	1413
19248	56540
1416	19253
1418	19257
19258	56543
1421	19264
19264	56547
19265	56549
19267	1422
19269	1422
19269	56552
19269	56553
6178	21312
1425	9072
1425	15411
1427	19294
6396	16077
6396	17025
6396	19726
6396	21602
6396	40926
16852	37496
16852	54752
16852	54753
19295	40587
19302	23135
19305	15097
19305	17352
19305	32400
19305	56571
19307	9132
19307	15110
19309	20700
19309	38924
19313	41383
19316	30757
19317	56577
19317	56578
19318	28265
16061	54092
18797	56093
18797	56094
19402	43999
19404	37451
19404	41893
19404	42591
19405	56719
19412	1843
19412	11792
19412	32985
19412	37896
19412	41710
19412	42076
19412	42156
19413	43861
19413	56296
19413	56735
19465	8302
19465	31941
19465	56755
19469	56756
19469	56757
13474	51937
19520	56803
19523	21414
19525	37926
19526	42831
19526	48355
19529	11253
19529	43612
19626	18245
19626	56881
19626	56882
19627	39187
19627	39188
19627	39191
19627	56886
19629	56887
18539	50914
19661	40402
19667	8605
19667	56927
19669	56929
19681	40467
19681	52823
19681	56942
19682	56944
19685	16526
19689	32789
19689	43043
19689	56945
19689	56946
19699	21481
19699	22982
19699	56961
19699	56962
19699	56963
19699	56964
19701	45988
19701	48506
19701	56966
19704	19695
19709	14566
19713	15376
19714	35138
19719	48707
4677	19395
4677	36171
4677	36172
9514	47165
9514	47166
9758	17395
11908	50097
12213	11553
12213	11918
12213	29562
12213	50113
16383	24797
16383	29471
16383	34640
17559	22805
17559	24651
18041	16507
18041	39231
18041	55557
19751	34275
19751	57023
19752	57026
19754	57029
19757	57030
19759	57031
19761	8861
19761	34906
19761	57036
23953	60011
29489	18256
29489	28412
29489	56714
33499	33500
33499	47040
33499	47041
43528	11142
43528	28148
43528	40731
43528	43527
71428	71677
71428	71678
71428	71679
19768	57042
13075	26987
13075	51553
13075	51554
13075	51555
19775	31803
14887	23610
14887	35417
14887	42542
14887	53096
16193	23433
16193	34031
16193	54178
17503	24336
19808	26527
19811	35361
19814	57100
19815	54613
19816	50410
19817	24751
19817	33808
19820	4385
19820	13004
19820	23349
19820	41264
19826	19931
19828	20955
19828	57111
19831	57113
19832	16102
19832	18250
19832	20087
19832	34600
19832	51818
19832	57114
19832	57115
19842	13645
19846	57118
19852	4632
4240	34454
15881	11978
15881	20423
15881	34874
15881	53935
15881	53936
15881	53937
17582	4328
17582	55263
17582	55264
19861	19882
19861	57138
19863	57139
19864	19848
19866	19848
19872	19871
19875	52759
19876	57163
19877	5066
19877	7121
19878	53449
19882	18541
19882	19861
19883	57169
19884	19871
19892	57174
19899	16047
19899	20365
19899	49505
19899	57177
1451	19900
19900	1451
19900	22254
19900	52084
11601	41779
19907	23179
19907	31808
19907	57186
19909	57187
19911	23958
19912	22848
19912	22963
19912	54312
19916	36339
19916	57192
19916	57193
19916	57194
19921	20529
19931	19826
19934	19935
19934	57213
19935	19934
19935	21111
19936	57214
19936	57215
19937	46922
19938	29615
19938	29617
19946	11559
19946	57227
10736	42457
10736	46175
10736	48622
10736	48623
10736	48624
10736	48625
19952	27626
19962	20905
19962	57232
19966	57239
19968	52632
20003	20004
20004	20003
20004	20016
1464	20039
1464	20040
3296	19103
6088	16312
20042	57273
20044	18531
20044	20047
20044	20054
20044	30208
20044	33503
20044	55869
20045	17296
20045	20669
20046	51608
20047	20050
20047	20052
20047	20054
20047	51611
20047	57277
20061	57279
20061	57280
20062	57281
20062	57282
20066	10429
20066	11728
20066	25727
20066	41545
20066	57283
20073	28125
20079	20080
20079	41337
20080	20079
20081	41337
5159	1989
5159	20126
5159	24598
5159	37604
5159	37605
16057	9289
16057	23292
16057	34473
16057	54091
20114	22511
20124	9979
20124	45834
20126	5159
20126	20128
20126	20129
20126	20131
20127	30409
20127	48495
20127	57347
20127	57348
20130	20519
20130	57350
20130	57351
20130	57352
6969	20142
20137	22412
20140	40757
20142	6969
20144	24683
20147	29615
20147	57367
20147	57368
3290	30499
9985	8875
10862	34327
13498	45603
13498	51949
20154	1821
20154	14028
20155	18911
20166	57377
20166	57378
13373	20170
20170	13373
13351	28155
13351	41564
13463	18130
20176	10694
20178	36981
20179	39645
13008	13050
16822	30157
16822	50776
16822	54728
20192	18530
20192	20900
20192	41126
20200	30377
20201	50836
20201	57422
20201	57423
20202	20206
20202	35939
20202	57424
20203	45705
20206	16344
20206	20202
20206	20214
20206	43183
20206	50697
20206	50702
20206	57424
20219	25429
20219	57444
20219	57445
20231	16523
20231	30371
20231	54532
20231	57455
20233	20238
20233	57456
20233	57457
20234	25653
20234	57458
20238	20233
20238	33106
20238	33107
20247	31781
20247	33645
20247	33646
16659	10720
19798	14770
19798	24265
19798	57077
19798	57078
20152	11054
20251	19949
20252	57460
20254	27374
20256	14934
20256	57464
20258	38629
20258	57465
20269	57475
20270	24378
1488	20272
20272	1488
11912	47784
11912	47785
11912	50100
11912	50101
11912	50102
11912	50103
12933	25730
12933	45917
12933	51432
12933	51433
12933	51434
12933	51435
15443	53528
15443	53529
16600	1570
16600	42125
16600	54597
17915	17236
18358	21840
18358	48355
20275	22356
20275	22357
20275	22358
20275	57477
20275	57478
20275	57479
20275	57480
20275	57481
20275	57482
20275	57483
20275	57484
20280	57488
20282	23425
20289	20281
20289	20282
20289	20292
20292	15714
20293	57496
20293	57497
34337	27058
34337	27059
34337	27061
7049	19065
7049	23131
7049	39787
20296	57499
20296	57500
20296	57501
20296	57502
20296	57503
20296	57504
20297	8305
20297	28454
20297	57506
20297	57507
20298	57508
20298	57509
20298	57510
20330	4285
20330	20331
20330	20336
20330	57545
20331	14311
20331	20330
20331	20336
20331	20337
20331	52464
20331	57545
20336	4285
20336	20330
20336	20331
20336	20337
20336	57545
20337	20331
20337	20336
20338	57548
20303	15420
20303	57519
18530	15564
18530	53614
18530	55867
19959	16047
20305	57520
20306	42906
20313	57537
20315	20582
20319	12016
20324	15340
20324	21679
20325	18696
20325	21245
20325	40356
20325	49520
71417	13567
71417	26018
20362	1839
20362	10472
20362	57569
20362	57570
20364	6520
20364	43611
20364	57571
20364	57572
20371	57586
1499	16724
1499	20375
16724	1499
16724	20375
16724	31496
16724	37589
20375	1499
20375	14455
20375	16724
20375	37589
18340	19013
18340	20022
18340	26614
18340	28266
20376	10429
20376	20605
4610	13725
4610	36013
14966	53178
15879	24284
15879	24426
15879	27916
16147	10477
16147	28534
16147	29966
16147	54154
16147	54155
18269	12201
18269	28537
20381	9256
20381	16687
20381	57592
20388	6675
20388	57593
20389	7322
20389	33178
20389	57594
20394	25522
20398	15938
20399	26128
20399	39724
20399	41067
20399	52116
20409	9606
20409	22773
20409	25934
20412	21654
20412	34229
20412	39129
20412	57607
20412	57608
20423	34216
20423	51106
20427	22762
20427	57620
20427	57621
20427	57622
20427	57623
20429	54245
20430	24885
20431	57631
20437	57635
22119	44601
22688	24881
22688	59211
25599	28364
32505	3818
32505	32825
32505	44172
41544	50977
57355	20131
57355	43130
57355	69387
1502	20439
1502	20440
1502	20442
20442	1502
20442	24674
20442	28889
20442	45348
6580	27253
6580	40305
10844	13018
10844	48738
20455	43725
20458	16115
20466	7416
20466	57650
20466	57651
20467	12793
20467	37074
20467	57652
7416	20775
7416	37610
16495	4101
16495	20470
16495	52874
16495	54513
17482	20471
17482	20472
20469	57654
20469	57655
20469	57656
20470	16495
20472	17482
20473	20468
12965	8019
12965	20243
13829	32093
13829	33794
13829	33795
13829	46579
13829	52191
19083	17922
20497	3400
20498	22133
20498	29620
20500	20505
20500	26244
20501	42039
7415	7383
7415	7391
7415	7402
7415	7403
12732	38933
12732	51023
12732	51024
19941	23916
19941	46853
20510	46852
20515	57690
20516	25049
20516	33036
20516	54314
20516	57692
20517	2170
20517	25961
20517	50165
20519	20130
20519	57350
20519	57351
20519	57352
20529	12862
20529	18054
20529	51330
20529	57700
20529	57701
20532	20058
16404	7399
16404	20549
18158	20539
20539	18158
20543	46100
20547	57721
20549	9673
20549	57718
20549	57724
17916	44063
3947	25990
4597	19723
4597	23415
17014	47654
17014	54955
20580	32924
20580	40377
20581	21312
20581	21316
20581	25990
20582	20315
20582	35934
15113	19996
15113	23315
15113	53277
20584	20586
20584	46056
10429	20376
10429	20606
10429	48071
20602	2166
20603	2166
20603	57764
20605	10429
20605	16526
20605	20376
20605	20606
20607	10425
4083	27969
4083	33658
12598	13452
12598	21981
12598	23128
18592	22010
18592	55921
18786	1369
18786	15068
21882	18655
35373	31612
35373	63232
35373	64622
35373	64623
20626	20639
20626	20646
20626	52572
20627	20638
20627	20681
20627	52572
20627	57790
20629	20654
20630	20648
20630	20652
20630	20654
20630	21031
20630	52574
20630	52575
20636	20663
20636	57782
20636	57792
20636	57793
20636	57794
20638	21031
20639	20626
20639	52572
20640	57795
20644	20666
20644	20681
20644	53246
20645	56198
20646	20626
20646	57796
20646	57797
20646	57798
20646	57799
20648	20651
20650	57803
20650	57804
20652	20654
20652	20663
20654	20630
20654	20652
20654	20675
20654	56980
20655	57810
20665	20670
20665	22277
20666	20644
20666	20681
20668	20651
20668	20672
20668	20675
20669	17296
20669	20045
20669	57811
20669	57812
20672	20648
20672	20668
20672	20675
20675	20648
20675	20651
20675	20654
20675	20663
20675	20672
5787	39493
10320	10318
10320	10319
20097	57316
20684	57825
20689	24564
20689	57828
20695	33155
20695	57833
20698	37480
20704	38282
20704	40984
20705	34151
20705	57838
20708	25836
20708	29828
20711	20714
20714	20715
20714	20718
20714	22851
20714	39303
21803	14297
21803	22871
30751	30733
3590	4541
3590	17468
3590	31963
20722	8871
14870	5389
14870	21096
14870	35952
14870	41261
20732	34030
16284	20742
20742	16284
20788	57919
19960	11846
19960	32221
19960	57231
20795	57929
20799	41660
20799	57932
20801	20811
20801	57935
20801	57936
20801	57937
20802	20806
20805	32171
20806	20802
15886	20351
20812	20813
20822	20820
20822	57941
20822	57942
20822	57943
20822	57944
20823	5271
20825	5657
20825	19912
20825	22848
20825	22963
20825	37708
20826	57945
20827	20830
20828	20829
20829	12995
20829	20828
20829	32877
20831	12332
6751	42041
20832	57947
14721	5054
14721	20848
20846	15412
16065	11969
20857	56929
20859	23303
20859	37934
17912	13776
17912	14798
17912	20522
17912	55482
20866	44872
20867	10063
20871	57972
20873	30385
2207	14851
4107	3129
4107	33953
6015	7821
6015	27729
6015	28347
6015	40233
6015	40300
6015	40301
6777	34033
6777	42174
7088	42952
8544	34260
8544	37320
10746	48633
10748	48638
10748	48639
12528	29664
15952	20978
15952	37748
15952	51098
16348	9246
16348	27048
16348	52639
16348	54386
16968	32482
17106	21341
17106	32441
19475	52353
19475	56771
19514	37431
20881	17503
20881	57976
20884	57977
20885	20958
20886	36092
20886	57981
20887	34877
20888	9597
20888	17223
20888	40765
20888	57982
20889	36109
20889	38888
20889	57983
20889	57984
20892	57989
20892	57990
20898	25867
20898	58005
20898	58006
20898	58007
20899	12459
20899	58008
20901	32482
20901	58011
20901	58012
20901	58013
20901	58014
20902	8859
20902	46203
20905	19962
20905	29106
20905	47584
20905	58019
20905	58020
20905	58021
20905	58022
20906	11287
20906	49409
20906	58023
20921	58025
20934	58028
20934	58029
20943	26062
20944	54916
20944	58038
20945	39647
20947	32417
20947	35272
20949	13151
20950	58040
20952	21174
20953	27147
20953	31841
20953	58048
20954	37520
20954	58049
20954	58050
20955	19828
20955	37617
20955	57097
20955	58051
20957	58052
20970	20968
20970	20974
20973	58060
20975	20970
20975	20973
20975	20977
20975	46908
20991	7798
24905	56048
24905	60603
26424	18946
26424	43729
26424	45530
26424	61312
32503	58064
32503	63586
35354	64611
38093	65337
48423	42157
48423	48421
51966	68474
52452	14261
52452	68565
64319	34462
64319	64318
64826	36080
73129	75471
73134	75473
21004	20996
14205	19421
5389	38693
7085	42950
7634	18452
7634	44167
7995	39149
10044	47639
21017	58095
21020	11491
21021	58096
21024	21392
21024	54608
21024	58098
21024	58099
21025	58100
21027	11759
21027	58102
21030	43348
21030	58105
21031	20638
21041	58111
21043	26745
21043	54265
12961	15365
14991	797
14991	12180
14991	21059
14991	53191
15957	48926
15957	50548
16619	16034
16619	21446
16962	25931
20591	20593
21054	21066
21059	24465
21059	58115
21059	58116
21061	14568
21061	58117
21062	21061
21064	58118
21064	58119
21066	21054
21070	58127
21070	58128
21072	12820
21073	49989
21073	54694
21073	58129
21077	58131
21077	58132
21077	58133
21077	58134
21078	47492
21080	24103
21081	12819
21081	30276
21081	31788
21081	58135
21081	58136
21081	58137
21082	7535
21085	16321
21085	21323
21085	21326
21087	28431
21088	58140
23311	45607
28431	8553
28431	21087
28431	44976
35225	49050
35225	64566
39342	11481
39342	15483
39342	53545
41692	14321
41692	30732
41692	59784
41692	62870
47492	54617
52949	68647
52949	68648
52949	68649
52949	68650
52949	68651
54617	47492
62870	30732
62870	41692
62870	59784
66547	42765
6782	5852
10074	10077
10074	44363
10076	24736
21099	58150
21100	58152
24736	23254
5893	28452
5893	39796
5893	39797
21109	4912
21111	19935
21111	54858
21127	21130
21130	21127
21130	58171
21130	58172
21136	2818
21137	27799
14762	30185
14762	35932
14762	52994
21144	25618
21144	26524
21145	19957
21145	58176
21145	58177
21147	46683
21148	15626
21150	58180
21154	39637
21154	39644
21154	47942
21155	58181
6913	10063
6030	21175
6030	40374
6030	40375
6030	40376
21175	6030
21175	40374
21175	40375
21175	55453
21175	58187
21181	52137
21182	21185
21186	58196
21186	58197
21186	58198
21188	21101
21190	21191
21191	21190
21191	58205
21193	21190
21193	21191
8295	12122
8295	13900
14684	14681
14684	21826
14684	41066
21201	7106
17458	44246
21211	58207
21212	58208
21216	21220
21219	39630
21219	46277
21219	58213
21219	58214
21237	17936
21237	42659
21238	26353
21238	58216
21239	43774
21271	21272
16889	54802
21276	15109
21276	39829
21276	58254
21277	40050
21278	58255
10743	48631
18139	13279
18139	40045
18139	51773
18139	55605
21303	36403
21303	58271
21304	16612
21304	58272
21305	13334
21305	58273
21312	37098
21312	39642
21312	58281
21312	58282
21314	35883
21316	47943
16733	13188
16733	15204
16733	30495
16733	54690
21318	6564
21318	14606
11147	42917
11147	49107
21325	16321
21326	21085
21326	55451
12649	35868
21341	13101
21341	24608
21344	1569
21344	17245
21344	38100
17103	3851
21356	5683
21360	36092
21361	21818
21377	21382
21377	21386
21382	21377
21382	21386
21382	58318
5421	22315
5421	38735
5421	38736
17746	55353
18156	12191
21400	6083
21400	21454
21400	21679
21400	30294
21400	31098
21400	41455
21400	45170
21460	58358
17507	24836
21463	1937
21463	24960
21464	21472
13154	19274
14919	18499
21481	19699
21484	13312
21484	58365
21484	58366
21487	58367
8298	33475
1591	21489
21490	58368
14397	1594
1995	25052
3021	5327
3021	29516
3021	29517
3021	29518
8496	17484
8496	45608
8496	45609
8535	34538
8928	21537
8928	38851
11664	49782
13704	21543
15174	15155
15174	53335
19432	12733
19432	56742
21499	57955
21499	58377
21502	28687
21504	36613
21504	43728
21506	14991
21506	23580
21506	24405
21506	40127
21506	58378
21506	58379
21508	48981
21508	58380
21512	9895
21519	35360
21519	58385
21521	15135
21521	58386
21526	58395
21527	10635
21527	13206
21527	30577
21527	32409
21527	58396
21527	58397
21530	27745
21530	30923
21530	58399
21533	13794
21533	29381
21534	27040
21536	12055
21537	8928
21541	58403
21541	58404
21541	58405
21541	58406
21541	58407
21541	58408
21541	58409
21542	11698
21542	28959
22158	58853
22484	25469
22484	52559
25197	26978
26400	24780
29019	35859
29019	62282
29019	62283
29609	13758
29609	19067
32270	17639
32270	62845
32270	63464
32270	63465
36150	64841
36150	64842
36150	64843
36150	64844
36150	64845
36150	64846
36150	64847
36150	64848
36150	64849
38673	18026
53101	18179
65923	65922
21545	1597
21545	10296
18216	21568
21568	58418
21571	27470
21571	58420
21571	58421
9835	8215
9835	20119
21578	23616
21578	25930
21578	57292
9971	28962
4475	35463
4475	35464
4475	35465
4475	35466
21448	15333
21448	25064
21448	58351
21581	20201
21581	58425
16283	41470
16283	54338
21607	29827
21611	4265
21611	52665
21611	58454
16372	16368
16372	22547
16372	54416
16372	54417
21640	56146
21672	11697
21672	13472
21672	19722
21672	58502
21673	9589
21673	14955
21673	16833
21673	18758
21673	23352
21673	28454
21673	33768
21673	41843
21673	44574
21673	53167
21673	58505
21673	58506
21673	58507
21673	58508
21674	28525
21695	58541
21714	58554
21714	58555
19349	56639
21734	58576
21737	58580
21740	21734
21597	12839
21786	21793
21787	58466
21791	21452
21791	21802
21791	41518
21792	58637
21793	21782
14888	53098
21799	21800
21799	26818
21799	58648
21800	21599
6072	20701
6072	40471
6072	40472
7626	4756
9090	41230
14074	32679
14074	32681
18616	45287
18616	55938
20354	9289
20354	23639
20354	48771
21812	10036
21812	32932
21812	40305
21812	58659
21812	58660
21812	58661
21812	58662
21812	58663
21812	58664
21813	58665
21816	58666
21825	11203
21825	45975
21825	58672
21826	14684
21826	17962
21826	21987
21826	58673
24225	27260
24225	60207
26457	23450
26457	61334
26457	61335
29620	20498
21828	18531
7745	44382
7745	44383
21830	52323
21830	58674
21855	36980
15788	31560
21856	22676
21856	26684
21856	47003
21856	58696
21856	58697
10256	10276
10256	15702
10256	47848
10256	47849
10256	47850
18699	18694
18699	18696
18699	43110
18699	56018
21780	12524
21780	14114
21780	58635
21870	58701
11146	19094
11146	20201
11146	49101
11146	49102
16618	21894
16618	21895
21142	16600
21142	31361
21142	58175
21873	58702
21873	58703
21873	58704
21873	58705
21873	58706
21875	58707
21879	25756
21881	32775
21887	46789
21892	43200
21893	21894
21894	21893
21895	16618
21895	21900
21895	21905
21896	15407
21899	28059
21900	21895
21901	49040
2570	11862
2570	27728
2570	27729
3038	3297
18211	25194
21929	4495
21929	30833
21929	58716
21929	58717
21931	58723
21932	58726
21934	45481
21934	58727
21934	58728
21936	22344
21942	43783
23717	59850
28146	61947
31361	12193
31496	14455
31496	16724
31496	20375
31496	37589
51922	13460
64409	34760
4487	35509
4487	35510
4487	35511
5989	9335
5989	20163
5989	40177
9606	34248
9606	47260
15666	28909
15666	53715
18776	11788
18776	21997
18776	39416
19374	8024
21756	58612
21756	58613
21756	58614
21957	37563
21957	37565
21957	37570
21957	37592
21957	58757
21958	7546
21958	58758
21959	12791
21959	21963
21959	23197
21959	24274
21959	58762
21959	58763
21959	58764
21960	22508
21961	21999
21963	20892
21963	21959
21963	21966
21964	39102
21965	21968
21965	21987
21965	58768
21967	21970
21967	21991
21968	21965
21968	58769
21973	21980
21973	28633
21973	35645
21973	58774
21977	21979
21977	47031
21977	58776
21977	58777
21979	21977
21981	15568
21981	21756
21981	21971
21981	29539
21981	40668
21981	58779
21981	58780
21983	17842
21983	17848
21983	50398
21984	11994
21984	19169
21984	58787
21987	21826
21987	21965
21987	21988
21987	21998
21987	58768
21987	58788
21987	58789
21987	58790
21987	58791
21988	21990
21989	21990
21989	58792
21990	19245
21990	58792
21991	58770
21994	12794
21997	6980
21997	7053
21997	16680
21997	18776
21999	21961
22002	10482
22002	23030
22005	58807
22006	25456
22006	30471
22006	40680
22007	21990
22007	58808
22332	38015
28194	16337
28194	35576
28194	43403
28194	48946
47302	47303
47662	17956
47662	28059
47662	43403
47662	66214
47662	67620
53715	28909
21564	6872
21564	40449
22009	58809
22013	17264
22014	19284
22014	29682
22019	34185
22021	58817
13573	20064
18982	4175
18982	17592
18982	48611
22115	13546
22116	36636
22116	58825
22116	58826
19477	19227
22121	45794
22124	58839
15166	28041
22140	12558
22140	47196
22141	12558
22141	22144
22144	22141
22159	22162
22159	26051
22159	46899
22161	58854
22162	22170
22162	46899
21860	10275
21860	16807
21860	22186
21860	22805
21860	58699
22180	58872
22180	58873
22180	58874
22183	22191
22184	27169
22184	27170
22185	12995
22185	29640
22186	21860
22199	11261
22199	58879
22206	7334
9493	9495
9495	18031
9495	22264
9495	22267
9495	47146
22239	9843
22239	29788
22239	58897
22240	8465
22240	32983
14713	41222
22254	25972
22254	58903
22257	28539
22260	42997
22261	18831
22261	23970
22261	23978
22261	23980
22261	58908
22262	44407
15877	10404
15877	53929
22267	18031
16492	1662
16492	54506
16492	54507
16492	54508
11386	21674
11386	49500
11386	49501
22275	32244
22276	12975
22276	34408
18540	55871
22298	58920
22298	58921
22298	58922
22298	58923
22300	20875
22300	49413
22301	11104
22301	13565
22301	27681
22301	34222
22301	49045
22301	58928
22301	58929
22301	58930
22302	14960
22313	22326
22313	22328
22315	1689
22331	55802
22331	55803
22331	58952
15397	25564
15397	53502
3943	18252
15783	53838
17910	55469
20967	9343
22344	21936
22349	18294
22349	22367
22353	22366
22356	20275
22356	22357
22357	20275
22357	22356
22358	20275
22358	57482
22360	46752
22361	22368
22363	22354
22363	40189
22363	58990
22367	22349
22368	31499
22374	26601
22374	36482
22834	14522
22834	37960
22982	19699
22982	56963
23590	23593
23590	23602
23593	23574
23602	23590
24114	18475
24114	60134
25334	60810
25935	61089
28069	34621
28069	37858
28069	61920
28069	61921
30987	17723
30987	32386
30987	32389
30987	32390
32061	51523
35796	7616
35796	8658
35796	35784
35796	44120
37599	65211
37617	20955
40345	22420
40395	33892
40395	40390
51306	31617
51306	57035
51306	68357
51306	68358
53707	15652
53707	17846
56963	19699
56963	56964
56964	19699
57035	51306
57035	68358
58425	21581
58425	22383
58425	58426
59429	22975
59762	59768
59762	69728
59768	23602
59768	59762
59780	23602
69342	57111
69728	59762
69732	59762
69734	59762
72348	72349
18153	22732
1671	13310
1671	16512
1671	22390
1671	22391
1672	22393
1672	22394
22393	1672
22397	59010
22406	13303
15555	16929
15555	22419
16932	15555
16932	16929
16932	22419
16932	44916
22411	15555
22411	16929
22411	22419
22412	20137
22412	23568
22412	59016
22412	59017
22413	59018
22414	44916
22417	59019
22417	59020
22418	41556
4926	36863
22420	40345
22429	56047
22432	8319
22432	18932
22432	40021
22433	15254
22439	59050
22439	59051
22443	30984
22443	33157
22443	59052
22443	59053
22446	7334
22449	22448
22449	22451
22462	23679
16186	12449
16186	54174
16186	71509
22469	30739
22469	30753
22469	59059
22471	59060
22471	59061
22472	32623
22472	32626
22478	24378
22478	59068
22478	59069
22479	59070
22479	59071
22479	59072
22482	59075
22485	59077
22495	13750
53605	15560
13574	33502
13574	42832
13574	52000
22502	5643
22503	44544
22506	24429
22506	56480
22506	59089
22508	21960
22509	17205
22511	16234
22511	32393
22511	32394
22511	32399
22511	39862
22512	27750
22512	32400
22512	53108
11671	19609
11671	49790
11671	49791
16607	38752
19171	56482
22515	23661
22515	59103
22515	59104
22515	59105
22515	59106
22518	59110
22518	59111
22518	59112
22518	59113
22518	59114
22518	59115
22522	54375
22522	59116
22523	17290
22525	44099
22529	59118
22535	59126
22535	59127
22536	22531
22537	33390
22538	30276
22538	59128
22538	59129
22539	20516
22539	25049
22539	57692
22539	59130
22544	2462
22544	59135
22547	16372
22547	54416
10047	1601
10047	9198
10047	25852
22027	38512
4758	6790
4758	7626
22568	59150
22569	47018
22569	59151
22569	59152
22570	5240
22570	12474
22575	21206
22587	59156
22588	50740
22631	30382
22631	59185
22631	59186
22633	15068
22634	58690
22634	59188
2587	27447
6700	24247
6700	41938
6700	41939
6700	41940
11918	12213
11918	50113
11918	50114
13104	27330
13104	43492
13255	9144
13255	18776
13255	28618
13255	29435
13255	51720
14976	53182
15160	27915
15160	27916
15160	35159
15160	53319
16395	48757
16395	54460
16395	54461
16545	11024
16545	48983
16684	42411
17756	23071
18152	33469
18152	37764
18152	48956
18152	49292
18152	55612
18152	55613
18527	8462
22306	13445
22306	18321
22306	19298
22306	22382
22306	43584
22306	50865
22663	12441
22666	53506
22668	5643
22673	1967
22673	32411
22676	21856
22676	26684
22676	59207
22679	59209
22693	57123
22694	59223
22699	8372
22699	56168
22699	59238
22704	34222
22716	35368
22716	40348
22717	44872
22717	59242
22717	59243
22720	23172
22722	59248
22724	5021
22726	54444
22732	18153
22732	59250
22735	21292
22735	58264
23071	17756
23161	15357
23239	47217
23239	59542
26169	6192
26169	61196
26169	61197
27561	3421
27561	61695
27710	19096
28974	53443
29063	62299
30490	62778
31189	13177
32412	63538
34692	64387
34692	64388
34692	64389
34692	64390
34692	64391
34692	71524
36401	50740
37028	14596
37028	59014
37028	65029
37182	5024
38695	12063
38695	14796
38695	17192
38695	50310
38886	32998
39183	19475
39183	34575
39183	65633
40126	65894
42480	54530
42480	66489
52354	64512
53250	38823
53250	53251
53250	68710
53250	68711
56987	47621
56987	69317
56987	69318
56987	69319
56987	69320
59223	22694
60266	24321
60266	42525
60266	69813
62258	33094
62258	63779
68873	54249
70216	71211
70737	67213
72108	75289
72108	75290
72108	75291
72114	75292
1722	22746
22746	1722
5187	37684
14886	26578
17714	14569
17714	34094
17714	55344
22753	16325
22753	22757
22753	59253
22757	22753
22758	35411
22758	36081
22758	39777
22760	59256
22764	59260
22773	9606
22773	59269
22774	49344
22775	9438
22776	59273
22780	40385
22787	37877
22789	30482
22792	59282
22794	25122
22799	59289
22804	36048
22810	19668
22810	55344
22810	59025
22810	59290
22813	11340
22813	58047
22815	15957
22816	23574
22816	59291
22816	59292
22818	55013
22821	35304
22823	22821
22823	35304
22823	49102
31495	63179
5657	21581
5657	22854
5657	22963
5657	35667
5657	37708
5657	39256
5657	39257
13841	14402
13841	22865
16368	16372
16368	31758
18179	16368
18179	22864
18179	53101
19021	56335
19021	56336
19350	22364
19350	50914
19367	41022
19367	56674
22836	22889
22836	59301
22839	43597
22843	39688
22843	59304
22843	59305
22848	19912
22848	35515
22848	54650
22849	37733
22851	39303
22853	22870
22853	59319
22854	30920
22856	22790
22859	22878
22864	18179
22865	13841
22865	19664
22870	22853
22872	22879
22876	22229
22878	22859
22878	22890
22878	59328
22879	22872
22882	59334
22884	22878
22884	22890
22884	59328
22885	54638
22885	59335
22888	22860
22888	23346
22890	22877
22890	22878
22890	22884
22890	48832
22963	19912
22963	22848
22963	22854
22963	54312
22963	59423
23795	23797
23795	52762
23795	52763
23796	23797
23796	52762
24069	14498
24069	35472
24103	23795
24103	23797
24103	52762
24103	52763
24103	60125
24103	60126
24103	60127
24103	60128
24106	24107
28080	37767
28302	28300
28633	19780
28633	21980
28633	22913
28633	35651
28633	47058
28633	56682
28633	62142
32362	37829
32362	58139
32362	63514
32362	63515
32362	63516
32362	63517
32362	63518
32362	63519
32362	63520
32666	47470
33039	35342
34117	23006
34117	41366
34117	41896
34117	49149
34117	56458
34117	57924
34117	64160
34117	64161
34117	64162
34117	64163
35342	9606
35342	33039
35342	51916
37767	28080
37767	37968
42889	24069
42889	66568
52762	23795
52762	23796
52762	23797
52762	24103
52762	52763
59307	69667
59314	22851
60131	24106
63520	32362
63520	58139
63520	63515
63520	63519
69667	59307
22894	10996
22894	59343
22894	59344
22894	59345
22894	59346
22895	25467
22896	17957
16387	23495
19385	14522
19385	19350
19385	22834
19385	45150
21765	22699
21765	41213
22905	25772
22905	54464
22905	59366
22905	59367
22905	59368
22905	59369
22907	59380
22909	12462
22909	26440
22909	59384
22911	22914
22911	25356
22912	46775
22914	22911
22914	25356
22914	31367
22914	41811
22914	59391
22916	22923
22916	38081
22923	59392
22925	1920
22925	59393
22925	59394
22929	23342
22929	40281
22929	59395
22929	59396
22946	5767
22946	40343
22946	59420
22962	11397
22967	59424
22968	59426
22969	31536
22972	20167
22972	57380
22977	37090
22981	59432
22984	17923
22984	34600
22984	59433
23005	23006
7639	18471
15953	37559
15953	54015
15953	54016
17018	23015
23009	16858
23009	41050
21699	41106
23017	23029
23017	23036
23017	24079
23019	24079
23022	23027
23027	23028
23027	59452
23030	22002
23030	23037
23030	23039
23033	59454
23036	23017
20777	1737
20777	23040
20777	57906
20777	57907
20777	57908
23040	1737
23040	37630
23040	37632
23040	59459
16778	48815
23066	44660
23066	44661
23072	59467
23075	33339
23076	9376
23076	18475
23076	23563
23076	26441
23076	42595
23076	43725
23076	59471
23076	59472
1998	4717
23230	14628
9527	2326
13451	10597
13451	18153
13451	26260
13451	51914
13451	51915
16741	16740
16741	16742
2520	7277
2520	9356
2520	16101
2520	27555
1769	23256
23256	1769
1770	23257
23257	8900
23257	40495
23257	46267
23257	46268
23277	23279
23278	23279
23292	16057
23327	9335
23328	23327
23329	59607
18191	18182
18191	18185
18191	18190
18191	18193
23381	59629
23388	11853
23388	59634
10472	5054
10472	41523
10472	48174
10472	48175
13436	51900
23468	5147
23468	14577
23468	59679
23468	59680
23468	59681
23483	32629
23485	59693
23485	59694
23485	59695
23486	3518
23486	18748
23486	21857
23486	31611
23486	34938
23486	48679
23486	59696
23486	59697
23486	59698
23486	59699
23488	41845
23500	59705
23501	29462
1793	23504
5554	6757
5554	19084
1799	22548
1801	23509
1801	23510
23509	1801
23510	1801
23510	7561
1803	23511
1803	23512
8883	5822
8883	8903
8883	46248
8883	46249
8883	46250
8883	46251
12390	10747
13665	24990
13665	52065
23522	23544
23522	59711
23522	59712
23522	59713
23523	43640
23530	59721
23533	6083
23536	12864
23536	45165
23537	58145
20817	40189
20817	57938
23545	21392
23545	59729
23546	41448
1807	23557
1809	5703
5703	18931
5703	39334
5703	39335
23558	59733
23561	59734
23563	23076
23563	59735
11345	46565
23567	27339
23567	36165
23568	19349
23568	22412
23568	59740
23568	59741
23568	59742
23572	24465
23572	59743
23573	59744
23574	23595
23580	21506
23580	59747
23580	59748
23582	23591
23588	59758
23589	23601
23592	59760
23594	59761
23595	23574
23599	28909
23599	59775
23605	59784
23674	23715
23677	17256
23677	55101
16611	29062
16611	32004
23749	59880
23749	59881
23757	59884
23759	21848
23761	33512
23761	48455
16999	37491
1820	23779
1821	3700
1821	20154
1821	21715
1821	23780
1821	23781
3700	32234
21715	1821
21715	29539
23780	21715
23780	29539
23783	17260
23349	31707
23349	59622
23349	59623
23790	6181
23790	7381
23790	8746
23790	40694
23790	43389
23790	71422
19780	11105
19780	28633
23794	23799
23794	23925
23794	52356
23794	59893
23794	59894
23799	17923
23799	23794
23806	23812
23806	23813
23806	23823
23806	23824
23806	59912
23811	41303
23812	23806
23812	23813
23812	41305
23816	23821
23816	30377
23816	54800
23834	16699
23834	49603
23834	59927
23834	59928
23835	59929
23835	59930
23835	59931
20027	57266
23841	59940
23841	59941
23842	38957
23842	59942
1833	23849
1833	23850
5303	37726
5303	38440
5303	38441
6463	19066
6463	19377
6463	41042
10412	11819
10412	23117
10412	48044
10412	48045
11342	6465
11342	19668
11342	49468
11342	49469
11342	49470
11342	49471
11395	19389
11395	46566
11395	49507
11725	14117
11725	22501
11725	49832
14941	35619
16384	50914
16384	54450
16588	54577
17013	54954
19055	49380
19055	56365
19055	56366
19055	56367
19055	56368
19055	56369
19381	56697
19654	56892
19654	56893
23117	10412
23117	20131
23117	23109
23117	34069
23117	42795
23319	5407
23319	26617
23319	59601
23319	59602
23427	31651
23860	40013
23861	12204
23861	45840
23866	59948
23866	59949
23878	58171
23881	59957
23882	44773
23882	59956
23883	59958
23888	11641
23890	19352
23890	48289
23890	59966
23891	59967
23898	20026
23901	59969
23905	59970
23907	31520
23910	59978
23912	59979
23914	59980
23918	44560
23919	12197
23919	59982
23923	59994
23923	59995
23924	23639
23924	59997
23925	23794
23927	22946
23927	59998
23933	22910
23933	32061
23933	32070
23933	38459
23933	39376
23933	60000
23935	60004
23936	60006
23936	60007
23951	24986
24571	2571
24571	8983
24571	13847
24571	60413
24571	60414
26101	29967
26101	61166
27843	61831
27855	23112
27855	59494
27855	59495
27855	61840
27855	61841
28305	48365
30174	62646
30833	21929
31358	63107
32075	26927
32075	35358
32075	60595
32075	63393
32474	29162
32770	18474
32770	63658
32775	22875
32775	25526
32775	50008
32775	50009
32958	10618
32958	63729
32958	63730
32958	63731
33965	18488
33965	19372
33965	54883
34265	23999
34265	57235
35503	25669
35503	41365
35503	64663
35515	35246
35515	58046
35515	64671
35515	64672
38021	34849
38021	65331
38777	65494
38777	65495
40014	65852
40014	65853
40014	65854
40022	65856
41004	32791
41073	30185
41380	66212
41523	10472
41523	11144
41523	14114
41523	22229
41523	22992
41523	35187
41523	66240
45337	8295
50898	48686
51973	13511
51973	35513
51973	68475
52827	22923
52827	33029
60007	23936
60007	63978
60007	69766
61344	26493
64671	35515
70631	66287
71423	12276
71423	30513
71423	50492
71423	68241
74019	75577
18344	55737
18885	33089
23956	8461
23956	23962
23957	41542
23957	60016
23958	19911
1838	23963
1838	23964
23963	16047
1839	20362
4474	35461
4474	35462
5167	14750
10824	48715
10824	48716
20965	23968
20965	31551
21292	22735
21292	58264
21292	58265
23968	23980
23968	45903
23968	60018
23970	18831
23974	60023
23974	60024
23978	19327
23978	24241
23978	25939
23978	41932
23978	60044
23979	7032
23979	13505
23986	23990
23988	23980
23988	40884
23989	24184
23989	40167
23992	9132
23992	19307
23999	33305
23999	45114
23999	60048
23999	60049
23999	60050
24000	60051
24000	60052
24000	60053
24001	19018
24001	25782
24002	60054
24002	60055
24004	60061
18249	1843
18249	42082
16960	21776
16960	24016
16960	31705
16960	35612
16960	54895
23309	59593
24016	16960
23823	23806
23823	23813
23823	23824
23823	42658
23823	59917
23823	59920
24029	39820
24030	13695
24041	31925
24041	32712
24041	38961
24041	45245
24043	16680
24043	24108
24044	32801
24048	38993
24049	41878
24049	60090
24052	28017
24052	28477
24052	49044
24052	60091
24052	60092
24052	60093
24060	53992
24061	60096
24066	31651
23037	24076
23037	24079
23037	24081
23037	59457
24076	23037
24076	24079
24076	24081
24079	23019
24079	23022
24079	23027
24079	24076
24079	24080
7399	38513
18775	22873
18775	24704
18775	56072
18775	56073
18775	56074
23313	24097
23313	42064
23313	59595
23313	59596
24093	41109
24093	60114
24094	37042
24096	9295
24096	33607
24097	23313
24097	42064
24107	24106
24109	16865
24109	57708
24117	16834
24119	41721
24120	31574
26710	61421
34914	64458
41109	24093
41109	35265
42775	42832
42775	52639
42883	22917
60114	24093
67509	47098
24123	1848
10475	48185
16605	24126
16605	26742
17541	19598
17541	55233
18077	35477
18077	35485
18202	44532
18202	55644
18202	55645
19096	56390
19323	29557
19323	33297
19380	56696
19442	56747
19562	42641
19779	4816
19779	57052
21721	20201
21721	37898
21721	58564
21721	58565
21721	58566
24126	16605
24127	60138
24128	32365
24128	54445
24129	15866
24129	26260
24129	53687
24137	55409
24137	60146
24137	60147
24138	23553
24138	31957
24140	60148
24141	14015
24141	60149
24145	19655
24146	16813
24151	24149
24152	17689
24152	43978
24152	60152
24203	50029
24203	60197
26972	36277
31550	31549
31788	45272
32245	13096
32245	32240
32245	32248
32245	47680
33095	63780
33976	40397
33976	64111
34622	43151
35565	4499
35565	34094
35565	64689
35565	64690
40279	28190
48295	33895
50887	56457
55654	39848
66634	70660
66634	70688
74877	75694
15943	45144
15943	50812
24162	24164
24162	38994
24162	49292
24162	51523
24162	60166
24163	24178
24168	60168
24170	9510
24170	60171
24170	60172
24174	60173
23132	11964
23132	20767
23132	59507
23132	59508
23416	14582
23416	52849
23416	52850
24184	23989
24184	60184
24187	29525
24187	35285
24196	24204
24196	24206
24198	33152
24199	60194
24200	37589
24200	60195
24200	60196
24205	23962
24205	41808
24206	32618
24207	24211
24207	55413
24208	12790
24208	30733
24208	43397
24208	43591
24211	24207
40909	40914
40914	24207
40914	66103
43397	12790
43397	24208
43397	35868
24216	46003
24218	2989
24221	24217
24221	60205
24222	21005
24222	26025
24222	40762
24222	40763
24227	32849
24237	52172
24238	53469
12641	12620
12641	12628
12641	35865
12645	50953
20764	26774
20764	43566
20764	45274
20764	57889
22230	23860
22230	57961
24248	16093
24251	23860
23105	59485
24271	71515
24272	13467
24272	51505
24272	51934
24272	60223
24272	60224
24273	37690
24274	21959
24274	26289
24274	60229
24274	60230
24275	24831
24284	15879
1858	15879
1858	24425
1858	24426
1858	24427
24425	1858
24426	1858
24426	15879
24427	33730
24427	37456
24427	60308
24427	60309
24315	11468
24315	25280
24317	41620
9630	36522
9630	36526
10733	4175
10733	18982
10733	23105
10733	48611
22408	18869
22408	22325
23763	56480
24321	42525
24321	60262
24321	60263
24321	60264
24321	60265
24326	19111
24326	56434
24331	60271
24332	24948
24332	60272
24333	24335
24335	24333
24338	24339
24339	24338
24343	24344
24343	39177
24344	4271
24344	24343
24344	34577
24344	49514
24349	21693
24349	31794
24349	51277
24351	16125
24351	46902
7414	21602
7414	43517
7414	43598
7414	43599
7414	43600
7414	43601
13539	51981
24371	10863
24371	60283
24371	60284
24371	60285
24373	60286
23764	24386
24385	24390
24385	28430
24386	71516
24388	23764
24390	24385
24390	28430
17321	17288
17321	48253
22305	58936
24401	24400
24401	31832
24402	60303
24403	11077
24403	60304
24405	44773
1870	24419
1870	24420
1870	24421
1870	24422
1870	24423
24419	1870
24419	56015
24420	1870
24420	24421
24420	24422
24420	24423
24421	1870
24421	24419
24421	24420
24421	24422
24421	24423
24422	1870
24422	24419
24422	24420
24422	24421
24422	24423
24422	24424
24423	1870
24423	24420
24423	24422
1871	2689
1871	21686
1871	24428
21731	17423
21731	44807
21731	50853
21731	58575
24434	60324
24438	60327
1878	24443
24443	22606
24447	7546
24447	60332
24448	60333
24465	2987
24465	3013
24465	13178
24465	28846
24466	49247
24467	60342
8313	36175
24483	60348
24486	44856
71411	18297
71411	71667
71411	71668
24519	1887
24520	60352
23715	23674
24591	60441
24591	60442
24594	34505
24600	49719
24600	60444
24600	60445
24600	60446
24605	35683
24613	14534
24613	22862
24613	22926
24613	24610
9347	18619
9347	46913
9649	13129
9649	20891
9649	24999
9967	30726
9967	47569
11585	4975
11585	5016
24628	60459
24628	60460
24639	23205
24640	28385
24640	60461
24655	4982
24661	20351
24665	8560
24666	8560
24669	24665
11819	23301
11819	33391
11819	50019
11819	50020
11819	50021
24681	24585
24681	28167
24681	29335
24681	60484
24681	60485
24700	21562
24714	24716
24716	24714
24716	24715
24716	60501
24717	14435
24717	24720
24717	60502
24717	60503
23723	29686
24780	26400
24780	60530
24781	60531
24784	21681
24784	60540
24786	21606
24786	58449
24789	60541
24790	18475
24794	53957
24796	35264
24796	51311
24797	34640
24828	60559
16666	10003
24899	28616
24899	40565
2578	1919
1928	24937
24937	1928
1929	24938
1929	24939
1929	24940
24938	1929
24940	1929
24941	32096
11577	13456
11577	20455
11577	43337
11577	49699
24945	60625
24945	60626
24948	11577
24959	1937
13553	3342
13553	17369
13553	18086
17367	17369
17367	17370
17368	13553
17368	17369
24963	13553
24963	17369
24966	24967
24972	53013
24972	60639
24972	60640
24972	60641
24972	60642
24975	60643
24977	60645
24980	16428
24983	8405
24984	24985
24986	37923
24986	60654
71433	9329
71433	15762
71433	35633
71433	71681
1948	9725
1951	71438
71438	1951
71438	71682
71438	71683
1957	24989
24989	1957
24992	33110
20163	5989
24999	9649
17866	1972
1973	25003
25005	60658
24266	12641
24266	25769
24266	60222
25017	60663
25020	31040
25021	60668
25021	60669
16685	13276
16685	23767
16685	31373
1993	12459
1993	25036
1993	25037
1993	25038
1993	25039
25038	1993
25039	1993
5024	37180
5024	37181
5024	37182
6912	20188
6912	20195
6912	20795
6912	21586
25043	16871
25048	11783
25049	20516
25049	22539
25049	57692
25052	1995
21284	25054
25054	21284
4717	1998
4717	14851
4717	17681
4717	36309
4717	36310
4717	36311
25060	14641
25062	2003
25063	2003
25064	21448
2009	16317
2010	25075
25077	2012
2020	12864
25086	25087
25086	25090
25086	25091
25088	25086
12962	19075
12962	51472
12962	51473
12962	51474
23086	28283
25139	7515
25139	60703
25143	60704
25143	60705
25143	60706
25144	13302
25144	38782
25144	60707
12320	25175
25171	18945
25175	12320
25176	13688
25176	30379
25193	60721
25194	18211
25195	7551
25195	19552
25195	33047
25195	60722
25202	2044
25202	42546
25214	2044
25215	2044
25215	16280
25216	2044
25217	2044
16221	30147
16221	54211
25263	60762
25264	60763
25266	31795
25270	60764
25315	60791
2594	7656
2594	15742
2594	27760
2594	27761
7998	9454
7998	27650
7998	38721
25318	60795
25319	60796
25326	25327
21288	27051
21288	58259
21288	58260
21288	58261
21288	58262
21288	58263
25332	16998
25332	23533
25358	60827
6838	11502
6838	26742
6838	30937
6838	34275
6838	37424
6838	38875
6838	42297
6838	42298
6838	42299
16865	20538
16865	54777
25385	24093
25387	41918
25388	60839
45702	8574
5298	9445
7127	21958
7127	43025
16630	15135
17594	55269
18383	20952
18383	22178
19342	12728
23085	2824
23689	23675
25410	37356
25410	60851
25410	60852
25410	60853
25410	60854
25410	60855
25410	60856
25410	60857
25411	10199
25411	34009
25411	36346
25411	45020
25416	41682
25417	60860
25417	60861
25424	12567
25424	60863
25425	41827
25425	60864
25939	6728
25939	23978
26360	11872
26599	61379
26966	18946
32279	10032
32279	23162
32279	45169
32279	63471
32333	63495
32333	63496
35010	17258
35010	34605
35010	56286
35010	57924
37280	65097
38782	25144
41703	30729
41770	22879
45903	23968
46858	9323
46858	52885
51190	32830
51891	36144
56924	66784
56924	69302
58579	21735
58579	41944
58579	69577
60800	25325
60800	35010
60800	69882
64877	36234
25429	20219
7566	18101
17900	30132
17900	55451
25451	60872
25451	60873
25451	60874
25451	60875
25451	60876
25454	60878
25456	30471
25457	60879
25457	60880
25457	60881
25457	60882
25457	60883
37794	56234
37794	65272
25467	22895
25467	41829
25467	60886
2073	1197
2073	2333
2073	2388
2073	11363
25469	11208
25469	22484
25469	54115
25469	60888
2076	25471
2076	25472
25476	14492
25476	33082
25480	18173
25480	34719
25480	55626
25480	60892
25486	26681
25486	60895
71406	23303
71406	28018
3318	3317
3318	12480
3318	14064
10543	10724
24732	29922
24732	60510
25499	43403
25499	45324
25499	60898
25500	60899
2093	25507
25507	60901
25507	60902
6242	27950
6242	40731
7711	1345
7711	44332
13524	28756
18092	25516
25515	4244
25515	34473
25516	18092
25518	25519
25518	25520
25520	25518
25520	25519
25520	41097
25520	41100
25521	39434
25536	17834
25536	30176
25537	7849
25537	13606
25537	45934
25537	60911
25537	60912
25538	3319
25538	13438
25538	13628
25538	60914
25540	60915
6083	23533
2749	14798
2749	28639
2749	28640
12212	19351
12212	50412
6766	19452
6766	25575
25575	6766
19949	20251
19949	23986
25612	2117
3851	17103
14679	7957
14679	40436
15888	15887
15888	53941
15922	29558
15922	53957
20877	20089
20877	36962
25226	46662
25614	2971
25615	18859
25617	37542
25618	13310
25618	21144
25618	33132
25618	60945
27067	21098
27067	61548
27067	61549
58125	31237
58125	69497
58125	69498
63751	33019
72451	75396
72451	75397
25621	14847
25622	25624
2122	11285
2122	25639
11285	2122
11285	49407
12278	3139
13648	12515
13648	13503
13648	19189
13648	20153
25640	12446
25640	53873
25647	25655
25647	60954
25648	7767
25648	23968
25648	29999
2127	25836
25836	8019
25836	20708
25836	29828
4992	7842
6888	3387
6888	30688
7008	42644
25664	60960
25666	20956
25666	30991
25669	35503
25669	41365
25670	60964
25671	16778
25679	60959
25682	32245
2132	25685
2137	25151
2137	25686
25686	9253
25686	60969
4621	25695
4621	32340
4621	36131
19457	15493
19457	17154
20353	31115
20353	57561
20353	57562
22609	59170
22609	59171
22609	59172
25687	60970
25689	60974
25694	25695
25695	4621
25710	60979
25710	60980
25711	2143
25712	2143
25713	2143
8747	25281
20503	49663
20503	57668
25720	25721
25720	60982
25721	25720
25721	60983
25739	60990
25741	14868
25751	60998
25751	60999
25752	34053
8479	45597
17016	4279
5406	38712
19950	57229
25769	61003
25771	5852
25772	22905
25772	54464
25772	61004
5745	22131
5745	39393
6750	25791
14939	53146
25777	15140
25780	19196
25780	61009
25782	32974
25782	38940
25782	61010
25786	61015
25787	7121
33079	33077
33079	33391
33079	63769
25792	25794
25792	61020
25793	25796
25793	25797
25793	25798
25794	25792
25795	25797
25796	25793
25797	25793
25797	25795
25797	25798
25798	25793
25798	25797
25804	21652
25804	26598
25806	22275
21163	28655
21163	58188
21163	58189
21163	58190
21163	58191
21844	25835
21844	58691
25815	20982
25815	49319
25821	41811
25822	27050
25824	20136
25825	17788
25825	32647
25825	35528
25825	52639
18590	41575
21323	21085
21323	21324
21323	21326
21323	24683
21324	21323
25850	57001
25850	61043
15629	33386
15629	53699
7632	26751
7632	26753
7632	26756
7632	44164
7728	10708
7728	17980
7728	33716
25256	17230
25256	60758
25256	60759
25867	20898
25867	58007
25867	61046
25868	9675
25878	25883
25878	36988
25878	43130
25878	54857
25878	61050
25878	61051
25878	61052
25884	25901
25892	25893
25893	25892
4079	13829
4079	33794
4079	33795
5737	15148
5737	36499
5737	39388
5737	39389
10806	18803
10806	28064
10806	37506
14867	8178
14867	18864
14867	18987
25910	23185
25910	24885
2166	20602
2166	20603
12894	21010
25914	61070
18589	55920
22165	58855
24282	55914
24282	60233
24813	60553
25926	26380
25926	59616
25930	21578
25930	23616
25934	61084
25934	61085
25936	61091
2170	20517
2170	25959
2170	25960
2170	25961
25960	2170
25961	2170
25961	20517
25961	33440
25961	61108
25967	30000
25967	32835
25967	38776
25967	60619
25967	60623
25972	22254
25972	58903
22191	48406
25940	12197
25940	36631
25940	38750
25940	61092
25985	43651
25985	61116
25985	61117
25985	61118
25989	10778
25989	37378
25989	48677
25989	48691
25989	61119
25989	61120
25990	20581
25990	54993
19805	8277
19805	25998
25998	19805
25998	61130
25998	61131
26001	59159
26001	61132
26017	16506
26017	18269
26017	28536
26017	28537
26017	54522
26018	8435
26018	8468
26018	61140
26022	11658
19128	56443
26030	61147
20374	9459
20374	13661
20374	26033
26034	26038
26036	61148
26046	2188
26046	22131
26046	61156
26047	2188
20610	41073
26051	22159
26051	38287
26066	50230
26067	61160
26067	61161
26073	26083
26073	26084
26073	26085
26073	26086
26074	26080
26076	26077
26076	26078
26077	26076
26077	26078
26079	17987
26080	26074
26080	26083
26080	26084
26080	26085
26080	26086
26083	17987
26083	26073
26083	26074
26083	26080
26083	26084
26083	26085
26083	26086
26083	26087
26085	17987
26085	26073
26085	26074
26085	26080
26085	26083
26085	26086
26086	17987
26086	26073
26086	26074
26086	26079
26086	26080
26086	26083
26086	26084
26086	26085
26087	26085
26093	8178
26093	20604
20966	33911
26099	8731
26103	7532
26103	21994
26103	61168
26111	19783
26128	39724
25922	61075
13122	12709
13122	35963
5907	39814
5907	39815
5907	39816
5907	39817
26147	61173
17017	13305
17017	21687
19611	27856
19611	33457
19611	35086
19611	35087
21679	26610
26171	61199
8202	26176
8202	45214
8202	45215
11738	12452
11738	20836
11738	47239
11738	47243
11738	49829
11738	49839
11738	49840
26175	29017
26176	8202
26179	61200
2213	26183
2213	26184
26183	2213
26184	2213
8480	8925
8925	8480
26187	18659
26210	36963
18546	26227
26236	61223
3619	4824
26329	24836
5804	10094
5804	20293
26363	26362
13457	19193
20523	51174
21269	19076
21269	37386
26371	19715
26373	34115
26373	37807
26373	61266
26373	61274
26377	61276
26378	20443
26378	57640
26380	24395
26380	25926
28347	6015
28384	62024
31202	8978
31202	63051
31482	63168
48399	67815
17408	12465
2731	19961
2731	28601
18820	6083
26391	45243
26403	26405
26404	26298
26404	61287
26408	61288
26408	61289
26408	61290
26420	29906
26420	61308
11605	20288
26427	61314
26428	22541
17129	11821
17129	55008
26432	11407
26432	25206
11821	13419
26435	31241
4893	10068
4893	36636
17587	55267
26456	27357
26456	61332
26467	22457
26467	25325
26467	61336
26467	61337
26473	24837
26473	28421
26473	61339
19609	11671
19609	49790
19609	49791
23250	39198
23250	59552
26478	16347
26478	61341
26478	61342
11913	26491
8988	46407
15595	16867
15595	52137
15595	53656
26502	26507
26502	26514
2777	25574
12224	25480
12224	25852
13458	10284
13458	51921
18173	25480
18173	26523
18173	55626
22624	38266
22624	59176
22624	59177
22624	59178
22624	59179
25285	26909
26519	11325
26519	45464
26520	61347
26524	21144
26525	19404
26525	41893
26527	12760
26527	51098
26528	61351
26529	61352
26536	32881
26542	6579
26542	15275
26542	26543
26542	26547
2267	3288
2267	11978
26555	10898
26555	26557
26555	61356
26557	10898
26557	26555
26558	35537
26558	61357
26560	14491
26560	22512
26560	26561
26560	27750
26560	61360
26563	16470
26564	61365
2271	26566
2271	26567
26567	2271
25530	31452
25530	46816
26578	17710
26578	61368
26586	61375
26596	61376
26597	26610
26598	21652
26598	25804
26598	40270
26598	58487
26598	61377
26598	61378
26601	61388
26604	26605
26604	26616
26605	26604
26605	41281
26606	12522
26606	24688
26609	43418
26610	61390
26613	26611
26613	26612
26615	19646
26615	56889
26616	20606
26616	61393
36482	11375
26627	48694
26627	50010
2681	14632
3036	2681
3036	11222
3036	12434
3036	29006
3036	29548
13529	24980
13529	51978
13886	52225
26646	27564
26649	37132
26649	51219
26649	59410
26649	59411
26652	27572
26652	61396
26654	61397
26656	20150
26656	31945
15480	27820
15480	53543
18595	12722
18595	55922
26260	24129
26260	53687
26260	60139
26260	61230
26667	26668
26669	5931
27820	15480
29836	29841
30148	30147
30148	62632
30148	62633
30148	62634
30148	62635
30148	62636
30148	62637
30148	62638
30148	62639
30148	62640
30148	62641
55922	18595
62632	30148
10221	10293
26674	17265
26674	22949
26674	31386
26677	8192
26677	25237
26677	61407
26677	61408
26677	61409
26684	21856
26684	22676
26684	47003
26685	61411
26705	56100
26708	26705
26713	11951
26713	61422
26716	26715
26716	26717
26716	61423
26717	26716
12530	18863
12530	22206
12530	33791
26726	61428
26727	61429
26728	10898
8465	22240
8465	45566
26751	7632
26751	26754
19421	34833
26766	12544
26774	45274
26774	61465
16909	37691
7727	24239
7727	44356
7727	44357
20250	2306
20250	57459
26793	15692
26793	61470
11626	11617
11626	16189
11626	44500
13258	18677
13258	26804
13258	26805
26803	8945
26803	13258
26803	18677
26803	26804
26803	26805
26803	56102
26804	18677
26804	26805
26805	13258
26805	18677
26805	26804
26805	61474
16441	15779
13343	13347
13343	13350
13350	13343
9006	11182
26848	61483
26853	61484
7535	7415
7535	18396
7535	21082
7535	40197
26874	19189
26877	29357
10774	22275
10774	48667
2347	20330
2347	20336
26895	2350
16025	12055
16025	26896
16025	26899
26896	16025
26896	21536
26896	28592
26897	61498
2353	6191
2353	8742
2353	18566
2353	26900
26903	2358
26904	2358
26906	2917
26906	29139
26908	61499
14064	3318
14064	12480
22651	7822
26910	27279
26910	36228
26910	61502
26918	38682
26923	30886
15944	25984
26930	27086
26930	61503
10063	20228
10063	28787
23629	36021
26936	48819
26937	61504
5016	4975
5016	11585
5016	37118
5016	37177
25377	6096
5938	9784
5938	10897
26955	9144
26962	3565
26963	6902
26983	16521
26989	2392
26990	2753
2395	27112
2395	27113
27112	2395
4658	36140
4658	36141
11769	6198
11769	49913
11769	49914
18538	55870
27007	11449
9444	10708
9444	31994
9444	47071
10633	14626
15767	30516
15767	35855
19557	51480
26219	61212
26223	5029
26820	18707
27016	61522
27019	26244
27027	10945
27030	43571
27034	30311
27034	61527
27035	61529
27045	27044
27049	61531
27050	25822
27051	21288
27051	61534
27051	61535
27054	46380
27058	27059
27058	34337
27059	27060
27059	27061
27059	34337
27060	27056
27060	27058
27060	27059
27060	27061
27060	34337
27060	54626
27061	27059
27061	27060
27066	27072
27070	27060
27070	54626
27072	27054
27072	27066
27072	44621
27072	61550
27074	33162
27074	33166
27077	20136
27077	40278
17607	17508
17607	31771
17607	49811
27086	26930
2418	3267
2418	27093
27093	2418
27099	29988
27105	61569
27107	61573
27108	27109
15605	864
15605	10818
27132	27133
27133	27132
27133	61576
18580	32739
18857	18863
18857	27138
18863	18857
18863	18866
18863	18868
18863	27150
18866	18857
18866	18863
18868	18863
18868	27150
18868	27151
27139	27141
27139	27155
27139	27156
27139	61579
27140	27139
27140	27141
27141	27139
27141	27140
27141	27155
27142	11767
27142	61580
27142	61581
27143	44958
27144	18863
27144	27150
27144	27152
27146	28006
27147	20953
27150	27151
27151	27152
27152	26761
27152	27144
27152	27150
27152	39805
2431	5872
2431	27160
5872	2431
5872	5875
5872	27160
5872	33175
5872	39737
27160	2431
27160	5872
10274	17502
10274	27169
10274	47868
10274	47869
10274	47870
10274	47871
10819	43871
27161	5017
27161	61583
27162	23998
27165	24489
27168	27169
27169	10274
27169	22184
27169	27165
27169	27168
27169	27170
6708	12052
6708	20903
6708	28497
6708	41947
9613	32441
9613	47266
14683	13902
14683	14690
14683	52944
14692	52952
15947	20166
27230	2434
27218	3413
27218	27223
27218	61591
27219	48435
27228	61597
27258	27259
27258	71452
27259	23136
27259	27258
71452	27258
3492	31315
3492	31316
3492	31317
27293	2456
27298	2459
9773	13701
9773	26610
9773	36498
9773	47474
21760	30245
23671	23961
27324	30645
27325	29192
27327	6709
27327	61619
27330	13104
27330	39762
27330	61620
18576	15170
27339	23567
27344	61624
8049	17256
8049	40363
13133	12610
13133	34343
13133	47823
13133	51629
13133	51630
13133	51631
27346	25259
27346	28111
27346	61625
71443	4263
71443	71684
71456	71687
2477	27350
2477	27351
27350	2477
27351	2477
10859	48774
27352	61634
27352	61635
27352	61636
27354	34710
27354	44585
14927	29543
14927	53143
27367	39473
27369	14115
27376	2484
27378	61643
3387	6888
3387	30688
27389	36539
27389	56148
27389	61647
27389	61648
27403	21919
27405	27029
27411	37359
27411	61656
27411	61657
27411	61658
27412	18813
27412	61659
27413	44173
27414	15063
22623	16236
22623	29291
27470	48270
27471	12427
27471	46232
11919	20580
27485	61415
27499	44729
27506	10058
27506	35771
9806	9805
16901	54812
27526	61690
16785	12430
16785	27533
16785	32171
27532	61691
27548	18055
27549	20531
27549	41093
27549	48082
27550	7145
27550	25653
27551	61693
27558	61694
27559	8992
24814	25809
25809	24814
25809	27564
25809	61023
25809	61024
25809	61025
25809	61026
27567	27568
27567	61701
2530	1202
2534	6821
5788	27576
5788	39494
27573	36866
27573	61706
27573	61707
27575	13035
27575	27574
27576	5788
27582	61709
27583	24465
27586	15105
23553	24138
27604	32775
4239	34453
8034	30184
27615	30184
11872	8361
11872	27628
26441	16719
26441	44504
27616	7011
27617	3615
27617	27620
27617	27621
27618	11234
27619	25476
27620	27617
27620	27621
27621	27617
27621	27620
27621	32090
27626	15738
27626	19952
27626	61716
27628	11872
27630	27629
27631	26441
13533	18659
13533	36582
13533	36585
9215	9211
10801	5775
10801	9214
10801	27705
27697	5775
27697	10801
27699	17600
27700	38259
27700	61749
3782	32416
4108	14477
27358	17419
27358	25425
10577	10569
17903	55455
18865	18278
18865	21015
18865	38281
18865	38282
27720	46870
27723	61762
27725	32590
27727	5554
27727	10294
27727	16317
27728	45644
27728	45651
27728	61765
27728	61766
27730	2571
27736	14377
27737	7343
2579	535
2579	13441
2579	16998
2583	4861
23554	59732
26244	20500
26244	20505
26244	27019
26244	47308
26244	47310
27749	11949
27749	50140
27750	22512
27751	61773
27447	2587
27447	51894
27447	51895
9271	13307
15829	19929
2595	27762
2595	27763
27762	2595
27762	27763
27763	2595
27763	27762
2597	3340
2597	27766
2597	27767
27766	2597
27767	2597
2598	21137
27768	2600
27768	27770
27769	2600
27769	10295
27770	2600
27770	10295
2601	3757
2601	14253
2601	19986
3757	9259
3757	9260
3757	9261
19986	2601
19986	19985
27788	5324
27790	2604
21090	15351
21090	58144
21090	58145
21090	58146
27807	27808
27807	45570
27809	27810
17799	24207
17799	24211
17799	40906
17799	55413
19015	23109
19015	28015
19015	56333
26618	26610
26618	26611
27799	21137
27819	61827
2613	6790
2613	12311
2613	16785
12311	2613
12311	27823
12311	36895
12311	50516
17483	18423
17483	31050
27833	61829
27834	17210
27834	17211
27835	27840
10617	48396
10617	48397
12825	10053
12825	17223
12825	45570
17223	12825
17223	20888
17223	27850
17223	55057
17223	55058
17223	55059
23425	42057
23425	59651
27847	27853
27847	34268
27847	61832
27852	27853
27852	27857
27853	27847
27853	27852
27853	27857
27854	54734
27854	61375
27854	61834
27854	61835
27854	61836
27857	25009
27857	27845
27857	27853
27870	40418
13117	19506
13117	25979
19506	13117
19506	25979
19506	27878
19506	27885
19506	56790
27878	25979
27878	27879
27879	13117
27879	19506
27879	27878
27897	40781
27915	15160
14961	11558
14961	27923
14961	27924
14961	27925
27923	14961
27923	27924
27923	27925
27924	14961
27924	27923
27924	27925
27925	14961
27925	27923
27925	27924
7735	44373
7735	44374
7735	44375
6410	16041
20446	19956
20446	43120
20446	57643
27968	14918
27968	61874
27968	61875
27969	4083
27969	33658
27974	27968
27993	61882
20875	22300
20875	57974
28001	20447
28001	31639
28001	52127
28002	28333
28002	61221
28003	56746
28003	61885
28004	13571
28004	21341
28004	37698
28006	53929
28007	37665
28010	61887
23135	19302
28032	28035
9272	46775
20115	35515
20115	47776
20115	57322
23254	13736
23254	25293
26314	61257
28037	61897
28040	13311
28040	47999
28041	15166
28042	44638
28047	61898
28048	61900
28048	61901
28052	20213
28052	36092
28052	36098
48227	67785
48227	67786
48227	67787
48227	71549
28063	61914
28065	33069
28066	52482
28066	61916
28067	37592
28074	28082
17521	26240
17521	48694
17521	48695
17521	55223
17521	55224
17521	55225
23422	23670
23422	41383
23711	45162
28135	61941
28138	61942
28141	28999
28142	45148
28142	56671
28142	61943
28142	61944
28145	7168
28145	28135
28145	38277
28145	61945
23133	28274
23133	42433
23133	59509
26927	32075
28175	23986
28175	51246
28175	61952
28177	38341
28185	61955
6019	15880
6019	40328
71466	28799
71466	30472
2660	13149
2660	28217
2660	28218
2660	28219
28219	21568
28219	43861
6353	28220
6944	3701
6944	13511
6944	19042
6944	22457
6944	31510
6944	32236
6944	42528
28220	19002
28220	28032
2670	10053
2670	28221
28228	61960
2674	28229
28229	2674
28229	13793
28239	7973
28239	12679
28239	37163
28239	61969
28239	61970
8474	45586
8474	45587
28247	3792
28250	30578
28250	61973
11873	28254
11873	28265
11873	28272
28254	28265
28254	28272
19588	10504
19588	31237
19588	31550
19588	35843
24568	53526
28320	25597
28350	22462
28350	23501
28350	23679
28350	29462
28350	62011
28356	28355
10351	16526
28359	38879
28359	38927
28359	45356
28359	62012
28359	62013
17545	22186
28363	29429
28364	25599
28364	62019
28364	62020
28366	29426
28366	30404
28369	6770
28369	19341
28369	25456
28369	34823
18366	31787
18366	55795
24857	12112
24857	34232
28385	24640
28385	34880
28394	31518
28394	31519
28394	31529
28415	62041
28426	62046
28426	62047
25158	23320
25158	37027
28443	62054
28454	6473
28455	62057
28455	62058
28455	62059
28455	62060
3218	30193
3218	30194
3218	30195
7551	43897
13482	13591
13546	22115
13546	51984
14477	15584
14477	23709
15602	2818
15602	18766
17786	49692
17786	55377
18548	3399
19351	13274
19351	16679
19359	37868
23136	21175
23136	39869
23136	58566
23692	18942
24678	7045
24678	15574
26463	8739
28309	61995
28418	14547
28418	61872
28462	7563
28462	22568
28465	54486
28466	26853
28467	15187
28467	18941
28467	62061
28467	62062
28468	62063
28470	8930
28470	21331
28470	43801
28470	62064
28471	34691
28471	56191
28475	62066
28476	18070
28477	24052
28481	45654
28484	23408
28484	56303
28484	62067
28484	62068
28486	29891
28486	62069
28492	28495
28492	47207
28495	28492
28495	47207
28497	25360
30279	55107
33305	21776
33305	34972
38712	5406
38712	24378
40388	65974
40388	65975
40916	37982
40916	66105
40916	66106
40916	71523
42628	6982
42628	42617
47056	9434
47207	28492
47207	28495
48722	10828
48722	29802
51440	12940
51440	26705
51440	68386
54560	68925
60543	24796
70966	68536
70966	71133
71468	4113
72919	75440
72929	75443
13472	13467
13472	13469
13472	13470
13472	16942
28503	41018
28505	62078
28506	62079
28509	38897
28509	62080
3508	31493
3508	31495
3508	31496
20789	57920
28525	9268
28525	21674
28533	40363
28534	16147
28534	25282
28534	50167
28534	62102
28534	62103
28536	28537
28537	18269
28537	22420
28537	22512
28537	26017
28537	28536
28537	31617
28537	32715
28537	40345
21242	35801
21242	54933
21242	58218
28539	22257
28539	44362
28539	62105
11579	35360
11579	37023
11579	48107
11579	48111
13496	28992
28544	7456
28544	35195
28547	62111
28549	50146
28552	62114
2717	28587
2720	2903
2724	12219
2724	28588
12937	7787
12937	12733
12937	26416
12937	51438
12937	51439
3013	13876
18345	9318
18345	25828
18345	42049
18345	55739
18345	55740
28592	26896
28592	26899
2730	28598
2730	28599
28601	2731
3846	24491
2734	26102
2740	2396
2740	2767
28603	62127
5464	38844
28612	6127
28616	24899
28616	26721
28616	61424
28616	62130
5943	39870
5943	39871
26353	7121
26353	22352
28624	44774
28625	31527
28627	47006
28631	62140
28639	2749
28639	14798
28640	2749
28640	14798
28641	15509
28641	57961
28642	8932
28642	39149
26846	23074
26846	61481
26846	61482
28655	21163
28655	43446
28655	62148
28655	62149
28655	62150
28655	62151
28661	29581
15557	18905
15557	36196
2762	28671
2763	28672
28672	2763
28674	35388
28677	36971
28677	61322
28677	62158
28677	62159
2765	5122
28680	2769
28681	2769
2770	3481
2770	5728
2770	28686
2770	28687
3481	2770
3481	11032
3481	31281
28687	2770
28687	21502
28688	25401
28688	28689
28688	28690
28688	28691
28689	25401
28689	28691
24882	28694
28705	10521
28707	17159
28707	62168
28708	28709
28708	62171
28709	8643
16696	17499
24543	52255
19929	15829
22457	6944
22457	26467
28737	2797
10747	12390
10747	31700
10747	34697
10747	48635
10747	48636
10747	48637
6481	41090
9025	14675
9025	24166
9025	37488
9025	46461
9025	46462
9025	46463
28759	62178
2808	9668
16931	10398
28774	23664
28774	32378
28775	23709
28775	62186
28786	10293
28786	12526
2824	23085
28805	62211
28805	62212
20483	2838
20483	20479
9895	16833
9895	21512
9895	26864
9895	32791
9895	47546
9895	47547
2846	28844
28844	2846
28844	28845
24950	60632
26005	20573
26005	57749
28859	62226
3845	4140
3845	6120
28867	18525
26192	8157
7053	6980
7053	6983
7053	37904
10720	16659
18131	41995
18541	19882
18541	36078
18541	40305
18541	55874
18541	55875
20780	53126
28909	53715
28911	62246
28915	12533
28921	28232
28922	62248
28925	7080
28926	42752
28928	60183
28940	37691
28260	23183
28952	62252
19013	18340
19013	56332
19094	11146
28960	8824
28962	9971
2875	28970
28977	40741
28977	62266
2886	28988
28988	2886
5531	21568
13879	36321
13879	45587
28992	21467
28992	62268
28992	62269
28992	62270
28996	62272
28998	62273
29002	13108
29003	62274
29004	48900
29004	62275
29005	16505
29009	29518
29011	33629
29011	60635
29011	62277
29011	62278
29011	62279
29017	26175
29021	31776
3197	15249
3197	30107
12739	51029
12739	51030
12739	51031
12739	51032
14486	41433
14486	52604
14628	23230
18220	42902
18898	56149
25229	29033
25229	29036
25229	29039
25229	29040
25229	47836
25229	47989
25229	60747
25229	60748
25229	60749
25229	60750
27460	39198
29031	8028
29033	12892
29033	25229
29033	62287
29033	62288
29033	62289
29033	62290
29034	8554
29034	45679
29036	25229
29037	48168
5043	13071
5043	34356
8343	267
8343	42417
11718	10373
11718	49819
19612	32781
19612	56877
29085	23134
29086	62301
29101	29109
19045	17958
19045	20609
19045	29114
19045	29115
29115	17958
29115	19045
29115	29116
29116	14796
4349	7465
2912	3421
29134	2914
29134	29135
29135	2914
29135	29134
29137	62329
29139	2917
29139	12514
29139	26906
2918	18496
2918	29142
18496	1300
29143	3449
10659	10654
10659	10655
2926	16993
29145	29146
29146	29145
29149	21568
29150	29151
29150	29152
29151	29150
29151	29152
25347	12669
25347	47688
25347	60814
25347	60815
29163	22499
4772	23533
4772	25773
4772	29461
4772	36395
29166	4772
29166	42227
16700	54646
16700	54647
29186	62347
29188	62348
29196	20857
29196	56902
29196	62350
29196	62351
29196	62352
29196	62353
29196	62354
8917	3430
13413	8493
13413	10522
13413	26539
13413	37678
13413	43900
13413	51880
13413	51881
16298	29308
16298	46298
16298	54356
29230	26151
29251	2962
29252	2962
29252	29251
5240	22570
5240	38224
5240	38225
5781	39484
5781	39485
7562	9998
7562	15970
8864	46221
8864	46222
11554	49640
12968	25410
12968	26472
12968	51486
13518	51975
16344	18488
16344	20206
16344	20214
16344	43183
16344	54385
16518	12574
16518	42480
16518	54530
17502	10274
17502	26685
18784	17401
18784	34740
18894	12870
18894	14015
18894	56147
19075	9484
19075	10262
19075	12962
20214	16344
20214	20206
20214	54385
22029	8946
22029	22032
22612	22606
22612	59173
25835	21844
25835	58691
25835	58693
25835	61039
26337	45706
26694	61417
27392	61650
27954	16759
29261	47576
29263	11922
29265	59455
29266	62369
29266	62370
29267	62371
29271	43452
29271	54320
29271	62376
29272	62377
29273	14365
29273	16389
29273	25932
29273	51512
29273	62378
29273	62379
29273	62380
31192	63039
31192	63040
31192	63041
31192	63042
32278	8407
32278	12008
32379	29271
33344	8330
33344	17540
33344	19878
33344	51955
33344	63698
34815	15239
34815	19978
34815	53397
43252	40605
43252	66016
43252	66637
43252	66638
43252	66639
43758	13213
43758	43757
46900	58472
46900	59119
47615	9998
61069	25901
67088	44995
68900	54424
73371	75494
29044	4200
29044	42302
29044	62293
29044	62294
29279	19117
29281	2973
14824	14828
14824	14829
14828	14824
14828	14829
14829	14824
14829	14828
29293	71466
29294	29292
3232	30309
5172	19346
8389	45458
8674	29312
8674	29315
8674	29316
8674	45858
8674	45859
8885	4621
22247	12180
22247	17786
22247	26412
29301	62390
29309	8116
29311	62391
29312	8674
29319	31805
29319	35421
29319	39634
29319	62392
14894	11005
14894	32481
14894	33124
14894	53110
14894	53111
14894	53112
29327	28380
29339	40328
29339	62400
4632	19852
4632	32159
4632	35621
4632	36112
4632	36113
4632	36114
29346	26813
29346	62402
29346	62403
29346	62404
29347	62405
29357	26877
13119	26100
13119	28799
13119	49550
13119	51603
28746	26416
28746	32221
28746	32229
28746	54322
28746	58362
8921	29422
8921	46305
8921	46306
13118	2987
29384	2987
29398	29678
13855	5783
13855	21424
13855	52203
29404	13855
29404	15252
29428	36988
29429	28363
8203	12215
8203	15261
18655	21882
29439	2994
29439	42503
29439	62428
3003	3340
3003	27266
29456	62437
29456	71395
13876	11215
29461	4772
29462	22462
29462	23501
29462	39944
29466	19950
29466	57303
29509	23223
3017	29510
29518	3021
29518	19158
29518	29009
29520	33245
3024	29522
29522	3024
29525	31944
29526	41721
29527	32944
29539	21715
3032	29540
29540	3032
29547	13243
29547	36427
15159	5407
15159	38714
15159	43743
15159	53316
15159	53317
29551	29554
29553	62465
3041	29557
29564	29565
29565	29564
17995	17985
17995	17996
17995	35741
17996	17988
17996	17995
29573	22409
29573	33685
29583	62474
25203	13908
25203	26028
21261	33624
25329	19281
25329	23316
29594	29607
29598	62488
24585	24681
24585	29335
24585	35278
29621	62498
29575	29640
29640	22185
29640	29575
29640	53335
29642	36781
29642	62510
29642	62511
29645	32954
29645	33353
29645	43872
29648	62513
29648	62514
29648	62515
29649	34006
29649	62518
29649	62519
29672	62523
29675	3810
29676	41601
29678	22014
29678	62524
29680	22014
29680	29681
26240	17521
26240	48693
26240	48694
29700	17521
14484	31290
3093	3048
3093	3056
3095	3060
29703	19523
29774	6436
29774	14410
29774	40983
29818	58396
29818	62542
29818	62543
29795	62534
29795	62535
29797	4082
29802	42921
29802	48722
24541	28699
24541	47960
28699	24541
28699	39004
28699	47960
28699	51581
28699	62160
28699	62161
28699	62162
28699	62163
28699	62164
29823	19927
29823	62549
29826	17431
29826	31470
29826	62554
29827	7865
29827	21607
29827	61907
29827	62555
29827	62556
29837	12528
29837	29839
3136	16218
3136	29882
3136	29883
29845	46117
29845	62559
7953	3121
29851	3122
29852	3122
20058	6639
20058	18265
20058	20532
20058	28407
20058	32467
20058	57278
29853	3125
3126	29855
3126	29856
29855	7425
29855	35446
29855	62562
29855	62563
29856	3126
29858	3129
29882	3136
12270	3139
12270	12243
12270	12278
12270	12280
12280	3139
12280	12243
17384	55138
29903	27971
29909	62579
4104	33951
20373	30398
20373	57587
3150	8471
3150	12535
8471	9373
8471	18895
12535	27647
7282	29947
14741	4238
27899	6464
27899	17206
27899	42451
27899	42455
27899	61850
27899	61851
29957	62584
29961	22961
29961	59419
29961	62585
29961	62586
3164	4082
3164	12295
3164	21172
3164	21280
3164	21441
3164	29967
3166	29978
29978	5757
29981	62593
29981	62594
29985	37680
29985	62595
29987	62596
29990	60237
29991	22119
5325	38524
5325	38525
25653	27550
29996	12236
29999	25648
29999	62602
30000	25967
30000	32835
30000	38776
30000	60619
30000	60623
30004	30807
30004	62604
30007	24129
30007	62605
30010	3171
30042	62616
30043	5069
30043	62617
9861	13750
23213	8434
23213	30128
23213	36053
9113	9416
9113	44549
3190	1086
3190	19102
3190	30094
3190	30095
3190	30096
3190	30097
3190	30098
19102	56398
19102	56399
19102	56400
30095	3190
30095	62622
3193	30100
30105	53125
30107	7822
30107	8921
27443	46423
30108	62627
30110	30111
30112	62628
30115	59497
3200	24319
14883	30121
14883	53090
14883	53091
27990	61879
30120	13101
30120	21341
30129	12940
30129	30130
30129	30132
30129	30134
30129	34217
30132	30129
30132	30130
30132	30134
30134	30129
30134	30130
30134	30131
30134	30132
30134	62631
30135	47350
15681	21752
30146	3205
30147	16221
30147	30148
30147	40852
30149	3205
30149	44889
30154	48072
30155	62644
30156	27571
30156	40925
30156	62645
13596	15023
30165	24491
12903	32580
12903	51387
16589	54578
19018	24001
19018	35304
24849	40820
30178	7199
30178	32896
30179	51480
30179	52111
30179	55027
3214	22291
3214	30183
30184	8034
30184	27615
30188	20200
30188	24169
30188	47040
30188	62648
30188	62649
30188	62650
30188	62651
30188	62652
30192	62657
30195	3218
30195	30194
30195	51462
30195	62658
5704	39336
22229	41523
28710	28709
30201	30202
30202	30204
30203	30205
30204	30205
30205	30206
30207	31549
30207	62659
30210	38315
30215	30214
30215	30216
30215	30218
30215	30219
30215	48555
30215	48559
30218	30214
30218	30219
30218	48555
30218	62667
30219	30214
30219	30220
30220	30214
30220	30219
35440	50853
35440	59290
35440	64650
35440	64651
40344	65961
3221	17162
3221	30234
30234	3221
30236	9891
30236	33541
30236	62670
30236	62671
30236	62672
30237	30240
30244	3224
24918	24909
24918	24913
30246	7784
17898	6314
17898	9830
23413	1782
30257	62677
30265	48398
30269	17044
16967	19912
16967	20717
16967	54904
16967	54905
30273	28975
30273	35497
30273	41991
30273	62262
30273	62264
30273	62681
30274	36999
30274	62686
30275	51111
30276	22538
30277	24564
30277	43508
30277	61200
30280	57508
30280	62689
30281	19339
30282	62690
30286	16396
30286	28909
30286	62691
30286	62692
27396	7792
30296	9357
30300	54358
30309	3232
30309	62700
30311	27034
30306	3232
30316	13264
30598	15508
30322	3915
3244	30327
3244	30328
3244	30329
3244	30330
30330	3244
3246	3247
3247	3246
6651	9148
6651	30352
6651	30353
30350	30351
30351	9148
30353	6651
30353	9148
30355	3251
30375	20609
30375	40008
30375	49397
30375	51873
30375	62714
30375	62715
30377	20200
30377	54800
30377	60533
29460	3013
29460	3452
29460	9556
29460	28033
29460	38790
30432	62736
30432	62737
30432	62738
14986	48473
14986	53188
20987	58070
30442	36608
30442	36609
10379	15493
10379	48012
30334	37822
30334	62706
30492	61247
30492	62779
30497	3287
30499	3290
3291	30500
19103	3296
3298	30513
30513	71423
30516	15767
30516	35853
30516	35854
30516	62792
30516	62793
30526	46198
30526	62794
3309	513
3309	18315
30530	38924
30530	62795
30533	30534
30536	26329
30537	62798
30537	62799
30538	62800
3317	3318
3317	14064
3319	25538
6510	23629
6510	25599
23315	15113
23315	32802
23315	59598
30550	23132
30551	38004
30556	22770
10953	24762
30568	41054
30568	62802
7965	20738
30577	32409
30577	58396
30577	62804
30577	62805
30578	13678
30578	28250
30578	62806
30578	62807
30586	46557
30586	62808
30587	62809
30588	30576
30588	62812
18387	36625
18387	55807
18387	55808
18387	55809
26898	12055
26898	21536
30595	52744
30597	5626
30603	62817
30610	19086
9623	47269
30627	62823
8505	9784
30615	40093
30615	62824
30643	32915
30643	48404
27692	3363
30647	62835
15573	9246
30657	7321
30657	19696
30657	22429
30657	62838
30657	62839
30659	52374
30659	52377
30659	62841
30660	62077
7107	25360
7107	42975
14008	45528
23394	12061
23394	59060
23394	59639
3381	28036
30677	3385
13047	30680
13047	30684
13047	31968
13047	36847
13047	51536
30680	13047
30680	30682
30680	30683
30680	30684
30680	36847
30680	51536
30688	3387
30688	6888
9754	5711
9754	9752
29389	23679
29389	29462
29389	62409
30696	43570
30696	62846
30726	18948
30731	3396
16642	54610
30732	41692
30732	59784
30739	22469
30739	30753
30750	42082
30752	33429
30752	62872
30753	22469
30753	30739
30753	62873
26878	7798
30785	62897
30801	12186
30801	24674
30801	25731
30802	31226
30803	47154
30803	52190
30803	62909
30795	30812
30810	30812
30811	30812
30813	30812
30815	27032
30815	30812
30816	3409
30863	3413
30864	3413
4156	34060
7674	12669
7674	43283
8931	11481
10166	42643
13213	43757
13213	43758
15101	53269
22461	6303
23145	16108
30871	28468
30883	62941
30886	26923
30902	62945
30902	62946
30906	16289
30920	22854
30920	37957
30920	42778
30920	45361
30921	26554
30922	58418
30924	17265
30924	43478
30926	39175
71977	75270
22307	29648
22307	30940
22307	41135
22307	58938
22307	58939
22307	58940
22307	58941
30936	33943
30938	27604
30940	23029
30940	37330
30942	62956
30945	62957
30952	30953
30967	30966
30968	30979
30997	30998
30998	30997
31000	14781
31000	48269
31000	62978
31001	62979
30379	25176
30379	33179
31004	3424
31010	62982
31013	62983
31013	62984
31014	31028
31014	31029
31014	62988
31014	62989
11880	3427
20342	3427
31033	3427
31034	3427
31035	3427
31083	63014
31083	63015
7970	8430
8983	6721
8983	46399
13804	25280
13804	37872
13804	52176
13804	52177
13804	52178
27565	21571
27565	28219
28580	14533
28580	47881
28580	62123
31101	63024
31103	63026
31118	31119
31118	31126
31119	31118
31161	7230
26722	3443
26722	61425
26722	61426
26722	61427
31178	3447
31180	26027
31180	63038
31187	3452
31188	25058
31188	51387
31197	11458
31197	16027
31220	14943
31220	21265
31220	31223
13714	20597
31226	57924
31226	63056
6883	18355
29937	26626
29937	35919
31250	18922
31250	23257
31251	19725
3468	31257
31257	3468
3469	15750
3469	24737
15750	25388
3470	2438
10214	3755
10214	7716
31268	24667
31268	31269
11124	14265
11124	36201
31273	31272
13106	10748
30991	3421
30991	10913
30991	14257
30991	18913
30991	25666
30991	62975
3484	31300
3484	31301
3484	31302
3484	31303
31302	3484
31310	3487
31312	3487
3489	8119
8119	3489
3490	31314
31314	63088
31317	29993
31317	38091
31317	62601
31317	63092
31317	63093
31317	63094
3493	18779
3493	31318
3493	31319
31319	14249
31319	20201
3495	1086
3495	12656
3495	31320
3495	31321
3495	31322
3495	31323
3495	71446
31320	13776
31322	63098
6993	31328
31329	31332
31329	31333
31329	31337
31329	31338
9760	35263
23627	18949
23627	40107
31348	39266
31348	63106
31376	60651
31376	63124
24843	13319
24843	35340
31386	26674
31387	23416
31459	63157
31459	63158
31460	63161
31473	27525
31493	3508
31493	13906
31493	17591
31493	21778
31493	26614
31493	41991
31493	46706
31493	63171
19010	56325
19010	56326
19010	56327
21598	58433
21598	58434
28807	16813
28807	46513
28807	62213
28807	62214
28807	62215
30823	62920
31516	31534
31518	28394
31518	31519
31518	31534
31519	28394
31519	31518
31519	31529
31519	31534
31520	14901
31520	43322
31522	37446
31523	27471
31526	22501
31526	56064
31526	63187
31527	28625
31529	28394
31529	31519
31530	63192
31534	31516
31534	31518
31534	31519
31536	22969
31547	60199
31547	63198
31549	31550
31549	37535
31549	63200
31573	20029
19054	56364
19327	23978
19327	44165
19327	56588
19335	11697
19335	12557
19335	17499
19335	17905
23613	32425
23613	36927
31574	33729
31574	51542
31574	51543
58589	69579
31593	63222
31596	55937
31597	31599
31603	45323
31603	45325
31603	47860
31603	50901
31603	50902
31603	59593
31605	45323
31606	31605
31606	51199
31606	51200
31606	55409
31606	61563
31606	61564
3518	21937
21937	3518
21937	58729
23176	52125
23176	59520
23176	59521
23176	59522
31612	35373
31612	63232
31615	37110
31616	63235
31616	63236
31616	63237
3521	31626
3521	31627
3521	31628
31626	3521
31628	3521
4476	14550
13789	3442
13789	24603
13986	32801
13986	52280
15376	13230
22660	59195
22660	59196
22660	59197
23170	19710
23170	59516
30825	23707
30825	35439
30825	41638
30825	59844
31636	22829
31637	43594
31639	12469
31641	16376
31646	15350
31646	23475
31646	63241
6464	27899
10474	11468
10474	44123
10474	48183
10474	48184
11475	49561
11475	49562
11475	49563
15786	53844
18979	13361
18979	35966
18979	49631
20982	7556
20982	25815
20982	32445
20982	41718
20982	58066
20982	58067
20982	58068
21749	3521
23707	21801
23707	30825
23707	59843
24355	49538
24355	58124
24355	60279
24355	60280
27572	50420
27572	54154
27572	61705
28019	10443
28019	11727
31651	23427
31651	24066
31651	33036
31652	54539
31652	63244
31653	20623
31653	37976
31653	47922
31653	63245
31653	63246
31655	23495
31665	63248
31667	63249
31669	48156
31671	41532
31671	63252
31671	63253
31671	63254
31672	32671
31672	34172
31672	43862
31672	61125
31672	63256
31672	63257
31672	63258
31672	63259
31676	49698
31676	63261
34691	28471
34691	47136
16743	7367
16743	16139
23417	59647
26884	22391
26884	26858
26884	61494
31685	59119
31694	23404
16222	7956
16378	13420
16378	54442
23404	31694
23404	31695
31705	62614
31707	23349
31709	63269
31710	63270
31710	63271
31710	63272
31710	63273
31712	23612
31712	51877
31712	63274
31714	23332
31718	63278
31741	27078
31744	63281
39473	5774
14820	14822
14820	14825
14820	14826
14822	14820
14822	14823
14822	14825
14822	14826
14823	14820
14823	14822
14823	14825
14825	14820
14825	14822
14825	14826
14826	14820
14826	14822
14826	14823
14826	14825
31759	11783
31759	27301
31760	35310
31762	29282
31762	31375
31763	31765
31765	31763
31769	19450
31771	40447
31776	29021
31777	17701
31777	31781
31778	17603
3532	31783
3532	31784
31783	3532
31784	31386
31784	63290
31784	63291
31784	63292
16787	29092
16787	54707
16787	54708
31794	21693
31794	24349
31794	51277
31795	25266
31814	14114
31814	32439
31814	45578
31819	22914
3537	15354
25765	31857
31853	63317
31855	21528
31855	63318
23392	21753
23392	59635
23392	59636
23392	59637
25235	60751
31876	45686
31879	63328
31879	63329
31879	63330
31879	63331
16861	52553
24474	10914
31888	49914
18553	4014
18553	18549
18553	18550
18553	18557
18553	51729
3855	27726
15869	53926
31897	22022
31902	3565
3567	3363
3569	29091
29091	62305
29091	62306
31914	31916
31916	3577
31916	31914
31916	31917
31920	58362
31920	63334
31920	63335
31921	44306
31921	50772
31927	49726
31933	7727
31933	47420
31933	48642
31933	54150
31933	63348
31934	24734
36529	64934
31943	30128
31943	54484
31944	29525
31945	26656
31945	63350
31945	63351
3587	31950
31950	3587
31954	63353
31956	63356
31957	23553
31957	24138
4541	3590
4541	35733
24902	12563
31967	31974
11248	31976
31980	13494
31980	63359
10354	12298
3603	6422
3603	32004
3603	32005
32006	3605
32006	17288
32006	63363
3610	17508
17508	21863
32012	3612
3620	12679
32016	3629
32017	3629
32018	3629
11341	49467
13243	14256
13243	29547
13243	35891
32028	10214
32032	63370
32034	15961
32036	14263
3635	32038
32038	11081
3640	32097
3643	7351
3647	32045
32045	3647
3648	10914
3648	18529
3648	24128
8100	3650
8100	15012
8100	32047
10024	3650
15012	3650
15012	8100
15012	10024
15012	32046
15012	32047
15012	32048
32047	3650
32047	8100
32047	15012
32048	3650
32048	15012
3653	5735
5735	3653
5735	7584
3657	13860
3657	17314
3657	20505
3657	32103
20505	13202
20505	20500
20505	26244
20505	32994
20505	47307
20505	47310
20505	47311
20505	47312
32103	3657
32103	17314
3658	3343
32118	3661
3665	13307
3665	32119
3665	32120
3665	32121
32122	63412
32125	23722
3668	32136
3668	32137
3668	32138
32136	63420
32137	3668
4624	36105
32140	51522
32143	51504
32148	63424
5089	37351
24928	1923
24928	60614
29947	7282
31333	31329
31333	31338
31333	63102
31333	63103
31337	29945
31337	31336
31338	31330
31340	31332
31340	31333
31340	31337
31340	31338
31341	31329
31341	31330
31341	31333
32159	63427
32159	63428
24836	17507
28965	62258
32173	16809
32187	16808
32189	32190
17602	55270
32223	63446
32223	63447
3695	3436
3695	7920
3698	32232
3698	32233
32232	63450
32234	3700
3701	15978
3701	32235
3701	32236
3701	32237
32236	10482
32236	63451
32240	13096
32242	28755
32243	32240
32244	16679
27647	12535
32268	63463
32271	17639
32274	55439
32274	63467
32274	63468
32274	63469
32274	63470
32281	63472
32281	63473
26258	61229
32341	63503
32343	32342
32343	60154
32343	63504
32343	63505
32345	3731
32346	3735
32346	48261
32346	63506
32346	63507
3743	8664
3743	32356
8664	8663
32356	48601
3761	4140
3762	11310
3763	32370
3771	32376
32378	25773
32378	52737
32378	63533
17723	15188
17723	16141
17723	27005
17723	30987
17723	32386
17723	32390
24618	28942
24618	54567
25597	28320
25597	32571
25597	49455
25597	60936
25597	60937
32383	63535
32386	24605
32386	32397
32386	41380
32388	10730
32388	41595
32388	48707
32389	32390
32390	17723
32390	32389
32392	24174
32400	19305
32400	22512
32402	17465
32402	30987
23456	33448
23456	49910
23456	59662
32132	45366
32132	63418
32409	10635
32409	21527
32409	30577
32409	62804
32411	22673
3781	3746
26691	22815
32422	35772
32422	63541
32422	63542
32457	18140
25465	2071
3788	32466
3788	32467
32467	24719
32467	34377
32467	63561
3800	3100
32475	32476
32475	32477
32475	32479
12814	51279
31434	23488
31434	31054
31434	32481
31434	53221
31434	57152
31434	62309
32436	63553
32480	22805
32483	32490
32483	63564
32483	63565
32486	63583
32487	32481
32487	63584
32489	32483
32489	63580
32490	32483
13602	32497
32559	32563
32561	32559
32561	32563
32562	32561
32562	32563
14675	52940
14675	52941
14675	52942
3818	32504
3818	32505
3818	32506
3818	32507
32504	3818
32507	3818
32507	32504
3824	32510
32510	3824
5296	38417
30772	47049
30772	47050
32529	23327
32533	63592
28577	62121
32548	41127
32548	41131
32549	63594
32569	43058
32569	63596
32569	63597
29880	29879
32586	30524
13819	16525
13819	36484
29787	43183
10742	15054
12971	42343
13645	19842
30385	5529
30385	20873
30385	35755
30645	15234
30645	27324
30645	30265
32092	63404
32614	24617
32614	34736
32614	63624
32619	22501
32619	31526
32623	22472
32625	54084
32627	4610
32629	23483
35029	64489
36029	23239
36640	27324
38723	17762
47217	23239
47217	36029
47217	59543
48474	67848
52125	50914
58684	21834
62941	30883
62941	70167
68495	52125
71484	18332
71485	18594
6248	6912
32635	32636
32636	32635
32658	27879
32659	22803
32662	25354
32662	27810
32675	35843
32679	32682
32682	32679
32682	32681
4099	25299
4099	33942
4099	33943
25299	25296
25299	60779
28361	62014
28361	62015
28361	62016
27570	46572
27570	54456
27570	61702
27570	61703
30767	19216
30767	30287
30767	32718
30767	38194
30767	39485
30767	62882
30767	62883
32697	56873
32697	57140
32697	57141
32697	57143
32697	57145
32697	57146
32697	57149
32697	57150
32700	63641
32704	17834
32704	30176
32707	18748
32707	32081
32707	48679
32707	52881
32707	59696
32707	63643
32707	63644
32707	63645
32709	32791
32710	32717
32711	49218
32712	8227
32712	24041
32712	32720
32712	38961
32712	45245
32717	40499
32718	45245
32720	31925
32720	38961
32720	45245
53812	41541
10575	18735
10575	32756
15626	15632
15626	15637
15626	21148
29869	48085
32762	32948
32762	47696
32762	50427
32763	19327
32763	20407
32764	32766
32766	32764
32767	32763
32767	32764
32768	32763
32768	32764
32768	32767
19288	56559
27659	32438
27659	32786
27659	32788
27659	61735
28427	51189
30613	21843
30613	28253
32786	27659
32786	32788
32787	63666
32789	19689
32789	43043
18512	13035
18512	27574
18512	27575
32791	7368
32792	63670
32796	63671
32798	16719
32798	23130
32798	32764
32798	41537
32798	63673
32801	13986
32801	52280
32804	32805
32819	24698
19137	19221
32841	6267
32841	32842
32842	6267
32842	32841
32842	63681
32843	19137
32847	22497
32847	63682
32847	63683
32847	63684
32848	21096
32849	36478
32849	63685
32857	6639
32857	32858
32857	63688
32858	32857
31976	11248
31976	32863
32864	4385
32871	63690
32871	63691
32883	22014
32883	51392
32885	25696
14789	13022
17905	11697
17905	12557
17905	17499
17905	19335
17905	40255
17905	55213
17905	55456
20107	32902
26688	61415
32894	32898
32894	55774
32894	55781
32894	57847
32894	63699
32894	63700
32896	30178
32896	51484
32896	63701
32898	32894
32898	32896
32898	32899
32898	51484
32898	55777
32898	55780
32898	55781
32899	32898
32899	32915
32902	14935
32902	20293
32905	57514
32905	63704
22131	19872
22131	20501
22131	21013
22131	26046
22131	32825
22131	32949
22131	58840
32946	8728
32946	51394
32946	63723
32947	30548
32947	32948
32948	30548
32948	32762
32948	32947
32949	22131
7145	27550
10443	28019
10443	46514
10443	48131
22220	51512
24885	20430
32953	63727
32954	29645
32954	32957
32954	43872
32956	14950
32957	26797
32957	32954
32957	43872
32971	63732
32974	25782
9282	9304
9282	22773
10879	10898
10879	48791
10879	48792
10879	48793
10879	48794
10879	48795
18011	20242
18011	55542
32981	35716
32981	35723
3910	9127
3911	8996
3914	18026
3914	33006
33006	3914
3915	30322
3915	33007
4217	34416
33010	20042
33012	41171
33012	44991
33012	54547
24761	25796
33018	40916
33018	54670
33018	56134
33018	63748
33018	63749
33019	63750
33022	41796
33022	63753
16717	19378
16717	23352
16717	37537
16717	54663
31552	33235
31552	33236
33025	32716
33025	34933
33028	22919
19767	1444
19767	19765
21300	33044
23852	1834
33032	63754
33033	13461
33033	63755
33034	27892
33040	45048
33041	34833
33047	9371
7323	33042
7323	41790
33063	63761
33065	10513
33065	20951
33066	43729
33068	41826
33069	28065
33069	62198
4495	21929
4495	35557
4519	35691
4663	23352
4663	23718
4663	32620
4663	36150
4663	36151
7538	37457
10315	21686
10315	22720
10315	47929
10315	47930
10315	71499
13638	36629
13638	45155
14889	3441
19783	16073
19783	26111
19783	54096
19783	57055
19783	57056
19783	57057
21748	29603
23303	14566
23303	27342
23303	35715
23303	53217
23303	59580
23303	59581
23418	28074
23418	59648
23732	24030
23732	59871
26686	44090
28258	19002
28417	15381
28417	15383
28417	19145
28417	45159
28417	45348
28417	45365
29624	56682
29624	62501
29624	62502
29686	23723
29890	62568
29890	62569
32216	54353
32216	63440
33077	33079
33077	34022
33086	16812
33086	37113
33086	54321
33086	63776
33088	63777
33089	18885
33089	25692
33089	34850
33092	35672
33092	35673
33094	57685
33094	57686
33094	57687
33094	57688
33094	63779
33096	63781
33098	45156
33119	10433
33119	63785
33122	33120
33122	33121
33229	42564
34208	23179
37539	18341
37539	49089
37539	54821
38092	50485
38227	65359
40408	56807
41518	21791
44982	43169
44982	67083
44982	67084
59062	22471
59062	31734
59062	39618
59062	69635
59062	69636
59062	69637
59411	37132
59411	51219
59411	59410
62454	29525
63440	32216
63440	52676
65359	38227
66128	40993
66128	66129
72051	75279
33105	63783
33109	48456
33109	55692
33110	24992
30474	30476
33121	24754
33121	33122
33143	5997
33144	21602
33144	63794
33148	33149
33149	33148
24149	24151
24149	34604
24149	43329
24149	49149
24149	57191
18355	6883
33157	11833
33157	22443
33162	11700
33164	11290
33164	49425
33166	27074
33166	33162
33176	4369
8056	44912
33178	39240
33178	47051
33178	47052
33178	63803
33178	63804
33178	63805
33181	63808
33181	63809
33181	63810
33188	43425
33188	63811
33188	63812
33188	63813
33189	18174
20171	1828
20171	10425
20171	11961
20171	57382
32558	40683
6485	41114
8731	26099
20109	14960
33205	34869
33205	34870
33205	34871
33205	34872
8306	45373
22497	25618
22497	59084
31477	46572
31588	63221
33230	63816
33247	19664
23853	1834
23853	30474
23853	59944
6705	6695
6705	7090
6705	41945
33259	34921
33263	53742
33266	63830
33267	40856
33270	19596
14885	24554
14885	50166
20367	57578
33273	63832
33277	24639
33287	10680
20874	12789
20874	48231
20874	49684
33299	50003
33299	63835
33299	63836
33301	33303
33306	21799
33306	63840
33307	25991
33307	63841
33308	13230
33308	33311
33308	56454
17295	22418
17295	33282
17295	34972
17295	46087
33311	13230
33311	33308
33311	56454
33314	26098
33315	14991
3974	33323
33335	56390
3982	15829
13765	27520
18013	15863
25432	11493
25432	15532
25432	33380
25432	33381
25432	33383
25432	60866
32753	22164
32753	25624
32753	63654
33378	63875
33380	15532
33380	33381
33381	15532
33381	25432
33381	33380
25849	33389
33388	63878
33390	22537
33390	30848
33390	63879
33390	63880
33390	71487
33391	11819
33391	12724
33391	16337
33391	33079
33391	50019
33391	63881
71487	33390
19956	10351
19956	13505
19956	18055
19956	20446
19956	35093
19956	42060
19956	54322
19956	57230
28799	13119
28799	45986
28799	71466
30472	28799
30472	33413
30472	62775
30472	71466
33413	30472
32313	63484
33341	10594
33421	19765
33427	6313
33427	63889
33429	63893
33429	63894
33430	61390
33431	24150
33431	26739
7724	33442
33449	33450
33450	33451
33454	63899
33455	63900
11926	11924
29628	33470
29628	46656
29628	62507
33469	18152
20612	19843
20612	28157
32580	12903
32580	57230
32580	63601
32580	63602
32580	63603
32580	63604
32580	63605
32580	63606
32580	63607
33473	7472
33475	62582
33475	63907
33475	63908
33476	22009
33476	38245
33476	55181
33476	63909
33476	63910
33476	63911
33484	33483
33484	33485
28188	15337
28188	33488
28542	33491
33487	21748
33487	23965
33488	28188
33493	33495
33495	33493
33497	33498
33500	58734
33506	63916
7108	6717
29422	8921
33511	63917
33511	63918
33512	23761
33512	29562
33512	63919
33512	63920
33514	63921
26761	12223
26761	39805
26761	50239
26761	50420
26761	50423
26761	61454
26761	61455
26761	61456
26761	61457
26761	61458
18554	4014
18554	9438
18554	14106
18554	18549
18554	18559
18554	51725
7045	24678
17906	15757
17906	27317
17906	44346
17906	46862
26165	20156
26165	27049
26165	42915
26165	44393
26165	56469
26165	61194
26165	61195
30762	30733
33523	63928
33529	15837
33535	48710
33538	23161
33538	40389
38461	38460
62046	28426
13534	11389
13534	18098
13534	23754
13534	51979
13534	51980
16851	11194
16851	17018
16851	30434
16851	54749
33550	17906
33550	46862
33563	63936
33572	63938
33588	18363
33590	8241
33596	11005
33596	11962
33596	37877
33606	63967
33607	9295
33607	18626
33607	24096
33607	33611
33608	33616
16011	9335
16011	37556
9912	797
33630	35911
33630	63974
33631	13942
33644	33645
33645	20247
33645	33644
33645	33646
33645	33648
33646	20247
33646	32791
33658	4083
33658	27969
33658	63989
33663	28013
19729	38546
19729	56999
19729	57000
19729	57001
33681	63996
33682	63997
33696	6424
7748	7747
27667	18659
27667	36585
33721	15774
33762	4065
33763	4065
33763	33764
33764	4065
33764	10481
33764	21333
33764	33763
33742	35686
33742	46100
33742	54859
33768	21673
23718	4663
23718	19533
24617	49227
24617	50029
24617	60450
24617	60451
24617	60452
33780	25156
4074	11408
11408	18122
33819	32581
16331	33769
16331	54373
32731	32727
32731	32732
33842	20443
33846	64068
10839	6411
10839	12318
10839	48729
16723	19707
16723	21934
16723	25334
16723	28475
16723	50780
16723	54673
21852	12524
21852	47006
21852	58695
25744	33862
25744	33863
25744	33864
25744	35332
28266	28258
32130	33865
32130	47901
33848	45268
33849	48413
33850	64070
33851	33867
33851	49297
33852	33860
33853	33852
33853	33860
33854	25691
33854	48485
33855	13793
33855	33857
33857	33855
33857	52170
33857	64078
33858	33851
33861	26580
33861	33851
33861	45920
33861	49299
33861	51216
33865	32130
34086	34087
34086	64136
34086	64137
34087	16991
50353	12112
54916	16991
6254	40743
6254	40744
13793	33855
13793	43153
13793	52167
13793	52168
13793	52169
13793	52170
13793	52171
14681	14684
14681	44990
22167	12870
22167	38754
22167	58857
28272	19318
28272	28265
28272	51654
33875	11993
33875	33934
33875	34335
33875	49149
33875	50154
33875	64080
33875	64081
33875	64082
33875	64083
33878	64087
33883	12944
33885	64089
33892	40386
33892	40390
33892	40395
33893	24677
33893	38994
33893	49927
33893	60168
33895	10883
33895	48295
33898	64092
33904	64094
33906	4256
33906	45989
33906	55981
28351	13831
33943	64101
33943	64102
20476	4101
20476	20468
20476	20473
20477	4101
20477	20468
20477	20473
20478	4101
20478	20468
20478	20473
33945	64103
33951	4104
33951	64105
4110	19695
4110	33955
4110	33956
33955	4110
33955	33956
33955	64106
33956	4110
33956	33955
33956	64106
33956	64107
4113	33960
4113	33961
4113	33962
33961	4113
33961	33962
33962	4113
33962	33961
10187	6831
33987	64115
33989	33990
33990	33989
34022	33077
34030	20732
4125	4311
4125	34033
34034	36277
34034	36278
34034	64123
4130	34037
34037	4130
4131	18921
4131	34038
18921	8832
18921	56188
4132	26181
4132	32813
4132	34039
26181	4132
26181	32813
26181	34039
26181	34053
26181	61204
26181	61205
26181	61206
32813	26181
34039	4132
34039	26181
34039	30800
4135	8961
4148	34050
34051	33733
34051	45834
34051	64011
34058	9868
4155	14621
34064	47511
34069	23117
34069	64131
34075	47222
14781	5207
34079	8258
34082	24025
34082	34078
34082	34079
34082	34087
34083	16102
34084	34835
34084	37872
34091	17276
34091	64145
34091	64146
32854	63686
21440	11187
21440	58348
34183	21440
34183	34185
34185	21440
34198	64207
34198	64208
34198	64209
34198	64210
4172	19671
4172	34231
4172	34232
34231	4172
34231	34232
34231	45066
34232	4172
34232	34231
34232	64241
34232	64242
34235	4175
7957	32222
7957	44780
7957	44781
34247	20183
34247	64245
34247	64246
34248	64247
34248	64248
34248	64249
34264	64251
34264	64252
34270	64257
32217	14520
32217	26472
32217	36981
34275	19751
34275	57023
34275	57025
34277	49904
29058	34310
29058	45481
29058	62295
29058	62296
34310	29058
34327	10862
34327	37210
34327	37211
34330	12987
34332	27330
34334	34335
34335	26691
34342	64273
34342	64274
34342	64275
34342	64276
34342	64277
34343	13133
34343	51630
34343	51631
34350	13335
34350	15771
34350	64284
34350	64285
24745	8430
34367	15395
34367	64290
34376	10955
34377	27049
34377	37584
34377	64291
34380	7797
34380	8597
34385	34383
34390	34389
34405	64299
34406	64300
34408	22276
34409	64301
34409	64302
34412	34413
34412	64304
34412	64305
34413	24278
34413	34412
34413	35272
34413	64304
34413	64305
34413	64306
34413	64307
34416	4217
34420	18945
34420	55093
15399	29566
17457	25363
4225	34432
34432	4225
34447	64312
34447	64313
34447	64314
34447	64315
4237	34448
4237	34449
4237	34450
4237	34451
4237	71488
34448	4237
34450	24433
4241	13442
4241	34455
32835	25967
32835	30000
32835	38776
32835	41175
32835	41176
32835	60619
32835	63678
34457	34458
34458	34457
34462	64318
34462	64319
34465	41067
34469	38419
34472	4244
34473	4244
34473	16057
34473	25515
34473	34474
34474	4244
34474	34473
34475	4244
34491	64333
34565	4265
34567	4265
34572	14056
34577	4271
34577	24344
34580	4273
34585	64365
34594	15055
34630	4281
34630	34631
34631	4281
34631	34630
34632	35192
23475	21685
23475	31646
23475	34088
34662	4284
12218	41878
12218	50415
27040	21534
34665	57633
34668	39516
34671	20167
34675	4289
34676	71523
4292	470
4294	25984
26817	11220
26817	16266
26817	37650
26817	38787
26817	54331
26817	54332
26817	61477
26817	61478
34682	16370
19927	25398
19927	29823
19927	57205
34694	34693
34694	34701
34698	37857
34699	34700
34701	34694
20230	26295
20522	10076
20522	12940
20522	23276
20522	23910
20522	25782
20522	57698
20522	57699
26295	10239
26295	20230
26295	61244
32222	7957
34714	17969
34719	18173
34719	25480
34719	55626
34719	55627
4303	3573
6841	18000
21677	58512
26293	29983
26293	47721
34721	55210
34724	55654
34728	64400
34729	27941
34729	30275
34732	17499
34732	64404
11504	9213
11504	9432
34734	64405
34735	64406
26800	48230
26800	61473
15450	53530
22591	5396
34743	8841
34746	34745
34752	34404
8225	8226
34799	64426
30404	25773
30404	28366
30404	62725
34806	10433
34806	64427
34812	34808
34813	4693
34813	42701
34813	42820
34813	64428
4376	4385
4376	25353
4376	34996
34839	7942
34840	7942
4347	26878
4348	8584
4348	8839
4348	34843
4350	8524
4350	28616
4350	34844
4350	34845
34844	4350
34844	12140
34849	35443
21547	1600
21547	21548
21547	50836
21547	58412
34846	4584
4382	25353
11597	49728
24683	4385
24683	21323
34861	64437
34863	8323
34866	33205
34866	34613
34866	34867
34866	34869
34866	34870
34866	34871
34866	34872
34866	34874
34869	34871
34869	34872
34870	33205
34870	34871
34870	34872
34871	15786
34871	34870
34872	33205
34872	34866
34872	34869
34872	34870
34872	34874
27913	61861
34876	62040
34887	4663
34887	17239
34887	18344
34887	64441
34887	64442
34887	64443
21776	16960
21776	33305
21776	33429
23803	38034
23803	59699
23803	59897
24751	19817
24751	27079
24751	31317
24751	33808
25360	7107
25360	28497
27005	17723
27005	34892
27005	61520
31424	15857
31424	40353
31424	47349
31424	63144
31424	63145
31424	63146
34891	12867
34891	34930
34891	51335
34891	51338
34891	64444
34892	27005
34894	64445
34902	16656
34902	23320
34902	61303
34902	64449
34902	64450
34902	64451
34902	64452
34906	8861
34906	19761
34906	64456
34909	19877
34921	51948
34927	64459
34930	9163
34930	64460
34930	64461
34934	34952
34936	9163
34936	34219
34936	64462
4369	34956
4369	34966
34954	34004
34954	55902
34955	64463
4396	4365
11734	49837
34960	64464
34961	20720
34962	14440
34966	4369
34966	64466
4365	4396
4365	18602
4365	34969
9455	15768
9455	47080
9455	47081
9455	47082
27889	27892
27889	34978
27892	27889
27892	33034
34972	64467
7556	20982
26416	50423
26416	54106
34982	9623
16896	45078
34993	26763
34993	41067
34993	45560
34993	61144
34996	4376
27170	27169
27517	25353
12895	41777
12895	51361
12895	51362
12895	51363
35003	17084
35003	64469
35003	64470
33152	8471
35009	11961
35009	64472
35011	64473
35011	64474
35011	64475
35011	64476
35011	64477
35011	64478
35011	64479
35011	64480
35011	64481
35011	64482
35011	64483
35011	64484
33792	21245
35016	35020
35026	51425
35026	64488
35031	64490
35031	64491
35033	12794
35033	35032
35033	35035
4395	19752
4395	25782
4395	35038
4395	35039
4395	35040
4395	35041
19596	33270
19596	56860
19596	56861
19596	56862
19596	56863
35045	23600
27391	61649
35055	9489
35056	52394
35056	52396
35056	52397
35085	64511
35086	19611
4719	36312
19722	42172
35192	34632
23431	34128
23431	42819
35220	26798
10771	14114
10771	22910
10771	44667
10771	48658
10771	48659
10771	48660
10771	48661
32640	31758
10131	14993
35264	24796
35264	64567
35267	49149
35270	64569
35270	64570
35272	20947
35272	34413
35272	64573
35272	64574
35274	35393
35274	53557
35274	64575
35276	64578
35276	64579
35276	64580
4438	35294
4438	35295
35295	18766
4445	9574
4445	22487
4445	35297
4448	35298
35298	4448
4449	35299
35302	64585
35304	22821
35304	22823
35304	35308
35304	35316
35304	35331
35304	49102
35304	64586
35304	64587
35304	64588
35305	35310
35305	55071
35305	55073
35305	55074
35305	55075
35305	55077
35305	55078
35307	64590
35310	35305
35310	55075
35312	35321
35314	64592
35339	23079
16374	30390
16374	54424
16374	54425
33653	9485
33653	28095
33653	31781
35391	37563
35391	37571
35391	42541
35391	64633
35391	64634
35422	64158
35422	64640
35422	64641
35431	22000
35433	35438
35433	64643
35436	32791
35438	35433
16370	53484
35454	24863
35454	64654
4471	4475
35461	64655
35461	64656
35466	4475
4479	35470
35471	27625
35471	35163
35471	44340
35471	58355
35471	64657
35472	14498
35477	18077
35482	35481
35490	64661
35490	64662
35497	21019
35497	53328
35501	22921
35501	58621
35504	35560
35505	47151
30460	62755
30460	62756
30460	62757
30460	62758
30460	62759
30460	62760
35334	23475
35521	60547
35524	37225
35524	55981
35509	4487
35510	4487
35545	64681
4491	25022
4492	35556
35557	4495
4496	35559
4499	11468
4499	14889
4499	35562
4499	35563
4499	35564
35563	4499
35592	35593
35618	49861
15762	9329
15762	35633
15762	53813
15762	71433
23109	59488
23109	59489
23109	59490
23109	59491
34004	9509
34004	27332
34004	34954
35619	14941
35620	64704
35626	64712
35626	64713
35629	64715
35633	15762
35637	17534
35637	56655
35637	64718
35638	41816
35642	64719
35645	21973
35645	58774
35651	28633
19373	1913
19373	43628
35663	4513
35683	35685
35684	35685
35685	35684
35686	64722
35691	5210
35691	51559
7568	21538
7568	22302
7568	43911
35704	14540
35704	41141
35705	35706
35705	35709
35706	35705
35708	35705
35708	35706
35709	35708
35714	6404
35714	8339
35714	45405
15635	15640
15635	33401
15635	33520
35716	31596
35716	32981
35716	35723
26952	61507
26952	61508
33396	14550
33396	42069
33396	50848
33396	63882
35732	64748
35733	4541
7078	11260
20369	55411
35738	11277
35738	64753
35739	7113
35752	13724
35752	15841
35752	31111
35752	35739
35752	44980
25655	7767
25655	11098
25655	25647
25655	25648
25655	60954
35762	35757
35762	55859
6770	28369
6770	42117
35767	44733
35772	32422
35773	64757
35775	56454
35778	31442
35784	35796
35798	5899
35799	42647
35799	44564
35799	45438
35801	21242
35803	64758
32334	35818
32334	63498
32334	63499
19377	6463
19377	10322
19377	56694
21203	31545
34297	64268
35810	40013
5520	39044
17785	17342
17785	17795
13813	52183
35851	64764
11892	41185
24257	22230
35865	12641
35865	64765
35865	64766
35868	10931
35868	11892
35868	12649
35868	15850
35868	19339
35868	43397
35868	51457
12647	24538
25287	60774
35873	54347
35873	64767
35883	21314
29629	15974
29629	41857
35889	10904
35889	37424
35889	64773
35889	64774
35893	64775
35893	64776
24764	35906
24764	39001
35906	15195
35906	24764
35906	28129
35906	35907
35907	28129
35907	35906
35908	64784
12651	12647
12651	24538
13163	29199
25485	7324
25485	7955
25485	22668
25485	60893
25485	60894
35916	11234
4592	14814
4592	35918
35918	27812
35918	40598
35918	61825
4593	4263
4593	35919
35921	21597
23415	14918
23415	30777
10776	7787
10776	15922
10776	21765
10776	24571
10776	40155
10776	48673
18362	37916
18362	55785
18362	55786
18362	55787
18362	55788
18362	55789
18362	55790
35934	20582
35939	20202
35939	57425
35939	64788
35939	64789
35943	13143
35943	64790
35944	13143
35944	35945
35944	46333
35945	13143
35945	35944
35952	14870
35966	64792
24293	51515
24293	60250
24293	60251
35971	48249
35971	64798
35973	7285
6685	41877
16917	39538
36003	36005
28265	28272
36017	15340
36017	41764
36017	49450
23722	32125
8352	15086
8859	20902
8859	46203
15546	31228
19577	10207
19577	23986
21438	55428
21438	58347
25813	2154
26124	61172
33359	41734
36047	9223
36047	64819
36048	22804
36051	33846
36052	43846
36052	64820
36053	8434
36053	45531
36056	48866
36056	64822
36068	64823
36072	5179
36081	12878
12820	12812
12820	21072
12820	43164
12820	43165
12820	43166
20213	27090
20213	36092
20213	36094
36090	21360
36091	34582
36092	21360
36094	20213
36094	36097
4628	36110
4629	29501
29501	4629
29501	42217
4631	21520
36114	19901
36118	19579
4637	14244
4655	8946
4655	22030
22030	22029
35430	4656
35430	22560
36140	4658
36140	36141
36141	4658
36141	36142
4662	15470
36147	13921
36148	13921
15470	4662
35537	15248
35537	38773
35537	39966
36160	64850
36162	13775
36165	23567
36165	59739
36166	36167
36166	64853
36166	64854
36166	64855
36166	64856
36166	64857
36166	64858
36172	4677
7571	36089
7571	43913
36175	15866
36177	28261
36177	45464
36177	64861
6939	1151
6939	15052
6939	15260
6939	22901
6939	31063
6939	42524
6939	42525
15170	36184
36184	15170
36184	18576
4748	224
4748	13902
12901	41186
36186	64862
36187	64863
15167	36203
15167	53332
36198	64865
36199	25391
36199	52441
36199	64867
36199	64868
36199	64869
36199	64870
30462	4689
30462	8603
30462	24807
30462	43639
36213	4689
22499	29163
22499	59087
30757	19316
30757	53774
22326	21448
22326	22313
22326	22317
22326	22328
22326	58947
22326	58948
22326	58949
26760	15870
26760	61453
36228	27279
36228	61502
36229	12371
36232	6825
36232	36233
36234	64877
36247	64885
36247	64886
16172	18345
31972	8320
31972	13499
31972	17468
31972	31974
31972	51950
31972	51951
31972	63358
36264	45442
36264	45444
36265	54522
4710	36266
36266	4710
4711	17040
25837	2127
25837	34328
5689	39322
19551	39318
19551	56823
36271	26779
36272	61060
36273	36275
36275	36273
36277	34034
36277	36278
36277	36345
36277	64123
36277	64887
36277	64888
36278	34034
36278	36277
36278	64123
36278	64887
8542	45671
8542	45672
29891	12793
29891	62570
36291	19794
36291	31137
36292	28750
36298	49563
36300	64893
36309	4717
36309	36310
36310	4717
36310	36309
36311	64895
36312	4719
18000	55530
36314	36417
4726	6638
5592	4729
4733	18279
36331	36064
4735	19535
4735	36338
4735	36339
19535	21582
19535	56815
36339	19916
36339	35163
36349	33945
4740	32232
18272	36354
4746	28774
7868	4747
34544	64344
36361	4752
36362	4752
34481	10800
34481	51522
9241	13413
9241	15833
36381	5777
36381	36382
36382	4763
36382	5777
36382	17650
36382	36380
36382	36381
36382	39481
11639	49756
15155	15174
8342	267
8342	4771
26931	4771
36393	4771
4773	835
4773	4765
26745	21043
28878	21043
6096	25377
12987	34330
31174	24131
36408	16138
36409	64921
36413	36408
19456	36430
19456	56752
36430	19456
36432	4793
15896	15325
15896	30524
15896	32586
15896	39344
15896	39345
36435	43011
34498	13831
34498	21978
34498	38413
34498	45159
34498	45351
36440	36441
36441	36440
36442	48670
31381	63129
32860	7305
32860	15837
32860	16114
32860	17361
32860	62056
6405	27485
18281	55699
4809	13270
4809	36456
4809	36457
10355	47979
36464	4811
4823	36470
36470	4823
10069	47686
5583	12234
5583	33840
5583	36474
5583	36475
5583	39125
5583	39126
33840	36474
33840	36475
36474	33840
36474	36475
36474	39126
36475	36474
36475	39126
36475	39136
15365	12961
15365	20427
15365	30442
15365	53490
15365	53491
36478	32849
4840	36499
4840	36500
36501	8093
4843	15399
4843	36508
9764	34957
36522	9630
36522	15601
36522	36526
36522	39175
36522	41572
36522	53658
36523	64932
36526	21326
36526	36522
36526	39175
24309	36527
36527	24309
36527	64933
36528	38405
4912	21109
36537	56419
36537	56420
36537	56421
36537	56422
36537	64935
36538	64936
36539	27389
36539	64937
36544	64938
36544	64939
36547	36549
36547	36550
36547	43747
36549	36547
36549	36550
36550	36547
36550	36549
36555	36557
36555	36560
36555	36656
36555	64940
36555	64941
36555	64942
36557	64943
36562	6337
4857	36566
4857	36567
4857	36568
36566	4857
25398	19927
25398	46958
25398	60843
25398	60844
25398	60845
25398	60846
25398	60847
29611	40438
29611	45154
29611	62493
18659	13533
18659	36585
18659	36586
18659	36877
18659	36878
26153	26146
26153	26150
26153	26154
26153	26155
26153	36582
26153	36583
26153	36588
26153	36589
26154	26146
26154	26150
26154	36582
26154	36588
26154	36589
26155	36582
36582	26155
36585	13533
36585	18659
36588	16647
36589	26153
36589	26154
36608	30442
36609	30442
36610	36611
36611	36610
17480	12679
17480	15877
17480	39060
4888	36625
36625	18387
36625	55808
7428	36629
7428	43645
36629	13638
36630	44504
36631	25940
36631	36632
36631	36633
36631	38750
36631	41571
36631	64960
36631	64961
36633	36631
36633	36632
36633	41571
36633	64961
36638	64962
36638	64963
4901	18335
36560	36555
36560	36557
36560	36656
36657	22162
36657	36658
36657	46898
36657	46899
15639	15626
15639	15637
15639	33430
15639	48124
15639	53702
30410	62726
36667	53058
36668	13035
36668	36669
36669	36668
19152	34147
31969	31968
34779	64412
34779	64413
34779	64414
36687	36854
36687	64966
36702	64967
36724	64971
36730	36816
36781	28134
36781	29642
36781	62510
36781	62511
36781	64972
36816	16474
36816	64977
36816	64978
36826	30680
36847	30684
36847	51535
30414	21526
31050	17483
31050	28337
31050	62998
36857	21735
36858	28337
36863	4926
36863	29994
36864	4927
36865	4927
36866	27573
36866	27574
36866	64981
5220	37883
21664	27733
21664	58493
21664	58494
21664	58495
21664	58496
26309	31650
26309	61255
31925	24041
31925	38961
31925	63345
31925	63346
34099	37898
36930	33300
36932	64990
36941	24289
36941	59994
36941	64994
36945	43473
36949	61870
36949	64999
36949	65000
40091	21936
40091	32425
27236	14407
36877	18659
8882	37451
8882	46245
8882	46246
8882	46247
36883	36886
13567	4776
13567	71417
36981	14034
36981	20178
36981	28333
36981	32217
36981	52254
37003	37006
26414	16592
26414	51245
17792	55404
17792	55405
20106	57318
37023	11579
37023	65028
37037	41944
37037	43636
37037	65031
37045	4968
9661	26175
16873	54788
37046	65035
37046	65036
11602	49731
37073	31442
37075	46594
37075	51236
37080	63094
30769	30733
37084	37085
6473	28454
27860	15701
28261	11233
28261	36177
37090	22977
37091	51419
37091	65044
37092	37097
37096	65047
37096	65048
37097	65049
37099	65050
37099	65051
37110	31615
37111	16944
37111	33722
37111	38457
37111	38465
37111	65053
37111	65054
37113	16812
37113	33086
37113	54321
37113	63776
37118	5016
37118	37177
37118	39102
37118	65055
37118	65056
37133	26605
37133	39805
37133	65057
21693	24349
21693	31794
21693	51277
21693	58540
10866	48778
23628	59793
37141	32425
37141	36927
37149	34202
37149	58690
37149	65066
37151	31232
4986	1198
4986	19726
4986	37156
4986	37157
19726	4328
19726	44518
19726	56995
37157	4986
4987	18098
37158	4988
4997	36994
4997	37163
36994	4997
16364	2326
16364	4998
16364	8310
37165	9466
36399	5001
36399	15734
22134	33620
22134	45079
22134	58841
35020	35016
36369	8114
36854	36687
37172	60262
37172	65072
37172	65073
5014	37176
5018	5751
37179	41027
37179	45089
37179	51838
37179	65074
37180	5024
37181	5024
34352	5025
5030	37187
5031	21320
31367	22914
31367	63117
31367	63118
31367	63119
31367	63120
35376	64625
35376	64626
35376	64627
37210	34327
37211	34327
34356	5786
5044	25505
25505	5044
25505	9114
37237	17761
37237	51275
37237	53814
5052	25368
25368	60829
25368	60830
37262	46493
25733	4811
37298	44707
37298	65102
27089	15085
27089	16910
28424	62045
35975	64800
37116	37330
37311	65105
37316	43929
37316	51246
37319	55635
37319	65107
37319	65108
37319	65109
37320	8544
37320	32975
37320	34260
37320	51594
37321	65110
37324	45685
37324	65111
37324	65112
37327	19550
37327	39318
37331	45919
37332	65113
37339	5077
37339	15247
19072	56380
37345	5081
5083	37346
5083	37347
5086	37349
6386	11274
6386	23227
6386	40870
6386	40871
37351	5089
9952	47561
37353	32483
37353	32489
37353	63580
37359	27411
37362	36228
37365	6204
37368	57753
37373	65119
37373	65120
37377	65124
37377	65125
37378	10778
37378	48677
37378	61119
29419	12656
29419	15223
29419	18296
29419	20819
37386	19076
37386	21269
37386	65128
37389	8305
37389	11883
37389	37390
37389	37391
37389	65129
37390	11883
37390	37389
37390	37391
22592	59158
22592	59159
34053	18211
34053	25752
34053	64127
34053	64128
34053	64129
37415	37414
5111	11270
37417	37418
21268	29940
21268	58251
23276	39790
37419	37426
37424	65134
37425	5159
37427	19766
37427	65136
37430	30829
37430	35668
37430	39400
37430	65137
37431	19514
37431	56795
37436	14889
37436	14922
37436	25744
37436	37433
37436	65138
16768	16682
32978	14796
32978	63734
32978	63735
32978	63736
37442	12179
5120	37445
5120	37446
37446	5120
37446	31522
31423	37456
37451	8882
37451	19404
37451	46245
37458	17231
37458	65144
37458	65145
37464	5132
37479	65146
37480	20698
37496	16852
37496	51089
37497	65160
37526	65165
21622	58461
21622	58462
23496	33842
23496	56914
25384	23692
27127	61575
28295	3421
31450	9869
31450	9870
31450	10225
34114	21751
35321	21611
35321	35312
35321	52665
35321	58455
35321	64595
35321	64596
35325	6585
35325	22780
35325	37734
35325	64599
35332	25744
36240	12569
36240	54854
36240	64883
37563	21957
37563	65191
37565	21957
37565	31495
37565	37563
37568	54916
37568	65199
37570	21957
37571	33562
37571	35391
37571	65200
37572	56179
37574	65201
37577	61875
37580	25478
37580	65202
37581	65205
37587	21973
37587	21980
37587	22856
37587	54086
43654	37823
53153	14950
53153	48580
63179	31495
63179	70203
64265	34290
64265	64266
73182	75480
37592	21957
5150	37593
5150	37594
5151	5702
5151	16409
5151	37595
5151	37596
37595	37596
37596	37595
5152	37597
5157	37601
5157	37602
37604	5159
37604	65214
37604	65215
37605	5159
5238	18330
5238	34398
5238	38222
5238	38223
37611	65219
37611	65220
37611	65221
37611	65222
37611	65223
37612	58018
37613	40891
37613	65224
22323	15589
22323	42141
28942	6856
28942	15051
28942	16474
28942	24618
35052	15586
37627	15589
37627	29876
37629	65230
37632	23040
5166	37634
5166	37635
37634	5166
37635	5166
37635	65232
5170	13206
19346	20807
19346	31487
19346	56636
19346	56637
6446	32223
22642	59190
22642	59191
37647	47812
37647	65236
37650	16266
37650	26817
37650	38787
37650	54331
37650	54332
37650	61478
37651	9246
37651	31574
37651	32347
37651	41321
37651	43815
37651	51458
37651	51463
37651	56047
37651	60454
37651	65237
37654	8561
37654	37655
37680	29985
37686	65245
5195	5884
5195	11081
5195	37691
5197	37693
37189	8961
37189	65075
37694	15419
37694	45664
5200	17871
37708	40104
37726	5303
37726	54766
37726	65253
37726	65254
19060	8501
19060	16682
19060	45615
37766	23674
37766	65266
37771	52703
37816	35122
37856	14114
37856	14587
37856	37867
37856	65285
37857	37858
37872	13804
37872	34084
5217	37882
37882	52371
37882	56159
37882	65294
37883	5220
14901	35517
14901	53127
16391	23495
16391	54459
16396	19374
16396	19785
16396	30286
16396	39441
16396	54463
19379	16948
19379	32439
19379	39316
19379	56695
21437	8160
21437	40107
23163	16110
23163	22758
23163	43640
29471	16383
29471	23495
29471	24797
29471	34640
30829	37965
30975	30980
30975	30985
30975	62969
31419	21581
31419	37436
31419	63141
31419	63142
33029	20153
33739	16856
33739	19672
33739	23775
33739	42894
33739	64012
33739	64013
33739	64014
33739	64015
33739	64016
34143	24175
34143	34138
34640	16383
34640	24797
34640	29471
37735	65256
37829	32362
37896	14340
37899	37955
37901	42655
37913	65302
37916	18362
37916	55785
37920	33069
37923	37916
37924	24888
37927	65306
37928	35159
37931	65309
37932	19671
37934	59430
37934	65311
37934	65312
37934	65313
37937	10494
37942	37944
37948	65315
37949	18984
37955	37899
37956	37959
37957	22854
37957	30920
37957	37958
37960	14522
37960	22834
37962	37957
37965	30829
37967	23965
37969	33297
37970	24318
42572	22260
42572	66512
43322	19542
43322	31788
45066	8160
45066	34231
45988	19701
45988	35192
48506	19701
48506	41895
48506	64141
50252	12037
51634	23678
52707	14578
53127	14901
53844	15786
53879	31646
56968	19701
58566	21721
59747	23580
59747	23602
60019	23965
62917	30818
63241	31646
63253	31671
63253	41532
65191	37563
71521	34661
72188	75310
72190	75309
7956	16222
7956	44778
7956	44779
10477	38021
10477	40649
10477	48194
10477	48195
17778	55372
20024	13889
20024	20028
20024	33669
20024	41171
20024	48101
20024	57260
20024	57261
20026	23898
20026	57263
20223	27993
20223	57447
20961	58055
23685	16222
23685	24022
23685	32487
25293	60776
25293	60777
28148	43527
28148	61948
31470	29826
34608	64369
34608	64370
37490	65157
37978	37982
37986	14601
37986	28633
37986	30947
37986	35650
38001	25019
38001	47350
38001	65318
38004	56048
38009	41981
38011	65325
38012	63526
38030	65332
38044	65334
38052	21764
38063	31459
38064	65335
38084	32957
38084	33865
38087	54756
38089	31561
38090	8447
38090	15469
38090	65336
39923	29531
41787	19206
42803	66555
42803	66556
47682	44591
48030	48028
48156	31669
48156	67769
48183	10474
48418	67818
49644	42718
54075	16047
54422	16368
54422	38562
56864	69285
56864	69286
57134	58508
57134	69346
57134	69347
59858	23726
60581	47890
60955	25647
60955	69900
62086	35446
68244	50541
68877	54291
72665	75417
72739	75420
72759	75421
8054	17111
14793	36468
19341	28369
19388	12191
22901	45361
22901	59365
23725	47691
23961	23671
23961	43411
24278	10682
24278	12733
24278	34413
24278	41992
24278	54151
25947	20961
25947	49118
25947	61095
27569	39061
28657	48872
28657	62153
28657	62154
30176	20968
30176	29648
30176	35222
30176	38780
30176	55803
30176	62647
31509	19528
31509	63183
31510	6944
31510	24623
31510	58378
31677	13512
32443	14901
32985	50887
32985	63741
33611	18626
33611	20964
33611	54563
33730	24427
33730	37456
33730	38474
33730	50054
33730	60308
33730	60309
33730	60310
34222	22704
34222	64231
34222	64232
34548	18987
34651	32395
34651	57716
35187	41523
35249	38126
36513	28147
36513	36519
36513	64239
36513	64931
36952	45481
37542	65174
37542	65175
38091	29993
38091	31317
38091	40682
38091	45542
38091	62599
38091	63093
38091	63094
38091	63095
38100	65343
38105	35411
38120	65348
38153	16889
38194	30767
38194	62884
38212	65356
38220	38219
38220	41992
38457	16944
38457	37111
38510	65419
38516	65422
38523	65423
39347	65669
40233	6015
40233	21678
40233	27729
40233	65922
40233	65923
40447	31771
40447	65985
41093	25654
41093	27549
41427	38340
42115	40452
42115	45564
43497	43294
43497	43499
43497	63707
43497	63711
43497	66647
43582	34717
44123	17705
44313	66916
45114	23999
45114	67136
45114	67137
45114	67138
45323	12781
45323	31603
45323	45325
45323	47860
45323	50901
45323	51200
45686	49650
45686	51523
45686	57176
45686	67259
47006	28627
50003	33299
50003	39786
50003	40396
50003	41742
50003	63835
50407	12208
50740	68279
52176	13804
52176	68514
53067	14859
53651	22475
53651	68779
54151	67142
54151	68850
54151	71544
54457	68905
54885	54886
54885	54889
56669	38107
56669	56667
56746	19441
56746	50411
56793	69274
57071	57065
57071	65886
57071	65887
57071	65891
57071	69332
57563	20356
57563	46879
58197	21186
58197	69510
59644	23397
59644	43498
59644	69714
61386	26605
61555	69973
62056	28448
62322	38992
62476	70109
67137	45114
67142	45156
67142	54151
67142	68850
67142	71544
69399	64686
69399	69398
69399	70419
69816	60306
71113	69451
73426	75822
73499	75501
73502	75504
73502	75505
73506	75506
73508	75507
73527	75511
73530	75513
73534	75516
73537	75517
5233	3735
5233	38221
38221	5233
38222	65358
38224	5240
38225	5240
38233	65361
26008	61133
26008	61134
26008	61135
26008	61136
38245	33476
38247	33443
24688	12522
24688	26606
24688	33553
38269	41816
38269	44681
38270	65369
21295	18598
21295	58266
38278	27980
38278	38283
38278	59544
38280	38282
38281	18865
38282	18865
38283	38278
14033	52326
38296	38297
38304	38303
38310	30941
38310	44673
38310	65382
20738	7965
20738	57859
38322	51353
38322	65387
26448	11297
38337	19156
38341	65388
38349	65389
38356	8615
38356	65390
38357	39730
38365	18540
38365	32347
17306	17305
38367	18614
38367	65391
38367	65392
38371	38373
38373	38371
38376	18053
38376	28565
38376	65393
25459	9686
25459	17877
25459	24563
25459	38400
25459	60884
38400	7136
38400	25459
38406	29425
38406	51234
5291	38413
38413	5291
38417	5296
28895	62241
28895	71472
10388	42198
10388	48021
10388	48022
16262	45230
16262	54329
20985	31402
20985	58069
29532	24169
29532	47951
38454	24169
38454	38461
38454	47951
38455	20223
10822	22441
10822	25828
37456	7538
37456	31423
37456	33730
37456	37455
37456	38474
37456	38478
37456	54017
37456	65143
38473	65409
38474	65410
25871	38325
6026	38495
6026	40354
32439	16948
32439	18034
32439	19379
32439	36933
32439	40362
32439	41025
38493	8875
38495	6026
28165	38501
38501	28165
36853	36787
36853	64979
36853	64980
23738	19506
32845	34865
32845	34871
38534	5318
38534	65431
38507	38506
19339	30281
19339	56634
19925	18354
19925	19132
19925	20278
19925	55767
19925	55768
19925	55770
19925	57200
32522	32523
34660	33561
38512	22027
38512	65420
38513	7399
38513	16944
38514	65421
38527	65426
38528	38529
38529	38528
13939	52249
35723	32981
35723	35716
38559	6754
38559	65433
38559	65434
38560	5351
16266	26817
16266	37650
16266	38787
16266	54331
16266	54332
38566	25317
38570	52569
5356	7330
5593	8935
5593	12856
38574	25166
38574	65441
5360	5351
38581	19580
38581	65442
15033	31593
15033	53219
16963	21386
16963	54896
24182	11978
24182	38949
24182	40035
24182	49927
24182	60179
24182	60180
24182	60181
24182	60182
24182	60183
25181	11871
25181	22617
37168	37169
38583	65443
38584	13573
38587	46680
38587	56707
38587	56708
38587	57404
38587	57410
38588	14403
38588	30400
38588	52536
38588	65444
38589	65445
38591	65446
38595	65450
29153	29151
18932	13273
18932	22432
18932	43725
5377	5375
5378	5375
5381	38616
5950	39886
7299	43244
9822	12541
13979	14604
16709	54651
20776	16965
20776	57905
23242	59544
28955	62253
29284	17211
29284	27834
29284	55051
29284	55052
36899	20884
36899	64984
38618	65452
38622	9979
38623	12123
38627	18899
38632	65461
38633	65465
38635	65466
38638	65468
38650	12856
38650	51320
38678	24836
38678	65474
38678	65475
6382	40855
9232	27650
9501	28114
9501	47150
38681	7792
38684	10294
5388	38692
38693	5389
38701	5396
38702	37150
38702	55553
38702	65478
38702	65479
38702	65480
13914	9014
38706	65483
38709	18397
38709	47089
38709	55816
38709	55817
38709	55818
38709	55819
5407	15159
5407	23319
5407	26617
5407	38714
26617	5407
26617	42059
38714	5407
38714	15159
38714	53316
5408	38715
38721	7998
38727	38726
38735	5421
38736	5421
38750	36631
14711	52970
16858	23009
16858	41050
24073	57490
24073	60106
38768	38771
38769	21948
38769	38770
38770	38769
38773	35532
38773	35537
38773	55024
8494	5703
38787	16266
38787	26817
38787	37650
38787	54331
38788	30176
38788	48774
38788	65500
38801	65501
38805	62376
38805	65502
15566	36914
37553	47030
37553	65187
38807	65503
38808	15852
38808	50049
38808	53914
25731	30801
25731	32955
25731	46888
38823	53250
38823	53251
38826	65505
5436	2987
38838	5452
38839	5452
38839	65508
5454	5271
5461	11975
38844	5464
5465	25533
13805	11290
13805	25790
13805	44652
38847	8812
38848	8812
38848	11788
38849	9437
26453	38852
26453	38854
38851	8928
38852	26453
5472	35321
5485	38864
5486	12151
5487	36073
36999	36998
36999	38869
36999	38871
36999	38873
36999	38878
36999	38879
36999	38880
36999	59188
38868	54345
38868	54346
38870	18298
38870	65514
38871	36998
38871	43242
38871	65515
38871	65516
38872	38879
38873	36999
38873	38879
5495	8831
32998	22386
38887	7546
38887	41721
38887	43892
38888	20889
38888	36109
38888	65525
38888	65526
36978	40203
20083	28297
20083	38909
20083	38910
20083	57297
38909	18166
38909	19215
38909	20083
38909	38910
38910	20083
5529	30385
5529	35755
5529	39050
5529	39051
5529	39052
30473	56338
30473	62776
30473	62777
35360	11579
35360	20027
35360	52829
35360	64614
35360	64615
35360	71529
38917	19391
38917	34427
38917	42156
38917	65533
38917	65534
38917	65535
38919	35883
38920	35537
38924	28267
38924	30530
38924	62795
38924	65536
38926	65541
38927	9465
38927	47094
38927	65542
38927	65543
38933	12732
38934	65545
38934	65546
38939	41663
38939	65548
38939	65549
38940	25782
38940	61010
38949	23989
38950	65559
38953	56501
38954	38010
39379	40110
39379	52998
38957	59942
38957	65563
38957	65564
12804	12764
12804	19145
12804	24751
38970	9318
38970	16217
38970	65569
15974	10452
32844	38978
32844	38981
32844	55761
32844	55762
38978	65572
38978	65573
38978	65574
23825	59921
24178	22848
38992	62322
38992	65576
38994	49927
12977	9322
18907	9438
18907	18902
39000	12884
39000	65581
39001	24764
39004	28699
39011	5515
12923	51422
39016	65588
39016	65589
39018	36528
39018	55490
39018	65591
39018	65592
39018	65593
39018	65594
14626	10633
15717	35779
15717	38945
15717	39142
15717	53781
15717	53782
15717	53783
15717	53784
5525	3122
5525	6520
5525	39047
39047	5525
5526	39048
39048	5526
39048	62372
5528	4576
5528	39049
39049	5528
39049	38637
39052	46669
39053	65595
39053	65596
31785	3532
39061	27569
19594	39068
19594	39074
19594	56857
23660	18862
23660	23612
23660	24132
23660	59814
23660	59815
23660	59816
39067	15188
39067	65603
39068	19594
39068	39303
39069	65605
39069	65606
12522	24688
12522	26606
12522	33553
39081	65607
34172	31672
39084	65608
39087	7057
39091	49598
5875	5872
5875	13823
5875	22859
5875	39741
5875	39742
5875	39743
39093	6743
5556	6998
5556	9959
5556	13752
5556	16240
5556	16812
5560	39102
39109	5565
39110	5565
39111	42423
5571	12867
5578	31053
5578	39115
31755	7805
31755	28935
31755	63283
31755	63284
31755	63285
39119	65611
39122	8961
39125	5583
39125	33840
32563	32559
34819	64430
39129	20412
39129	65613
28333	36981
28333	54821
28333	62006
5589	5590
5590	16614
5590	39138
5590	39139
16614	12139
16232	38720
16232	39141
16232	39144
38720	39141
39144	16232
39144	38720
39144	39141
23142	18484
23142	19097
5779	12180
5779	39500
18788	18796
18788	31569
11267	5613
11267	27673
39162	40137
39164	65619
39164	65620
39164	65621
39165	65627
39175	30926
39175	36522
39175	36526
39175	61578
39175	62719
13108	21320
13108	29002
13108	39300
13108	51597
26739	22872
26739	33431
26739	39187
26739	61442
26739	61443
39188	39192
39189	32642
39192	26739
39192	39188
5635	31652
26233	13738
26233	61219
26233	61220
26233	61221
26233	61222
34759	36557
39221	24990
39226	65647
39231	40883
39240	5643
39240	33178
39253	5651
5653	39254
39256	5657
39257	5657
39257	14579
39257	45158
39257	65651
39258	39259
37781	23709
37781	34086
39261	15372
5668	14334
5668	29199
21270	15453
32256	13096
39285	12096
27907	4110
37722	54840
39293	17008
39293	65656
39300	30392
39303	19594
39303	20711
39303	22851
39303	35285
39303	39068
39303	65657
8908	39696
8908	46279
19550	32922
19550	37327
19550	39315
19550	39318
19550	56822
39315	19550
39316	19379
39316	32439
39318	19550
39318	19551
39318	37327
39318	65662
5686	12123
5686	24689
5686	39320
39320	48012
39320	65663
39323	53089
39324	39325
39325	39324
14704	8375
5698	39327
5698	39328
5698	39329
5698	39330
5698	39331
39327	5698
10115	5702
10115	25860
39332	5702
39334	5703
39334	39335
39335	5703
39335	6811
39335	39334
39335	58004
39335	59828
39338	5709
5711	13651
28444	5715
28444	32594
32594	5715
32594	5861
32594	28444
32594	28445
32594	39715
32594	63618
39340	7575
15325	15896
15325	21919
15325	39345
15325	53439
15325	53440
39341	45794
39345	15325
39345	15896
16401	11054
16401	48995
39346	39349
39346	65666
39346	65667
39355	15531
39357	39885
39376	23933
12233	12377
39387	10862
39387	65674
39387	65675
39387	65676
39387	65677
39387	65678
39387	65679
39387	65680
39387	65681
39387	65682
39387	65683
39387	65684
39387	65685
39387	65686
5731	8932
5739	39390
31378	63125
5741	16910
39393	5745
5749	16830
39397	5753
24804	60547
25745	5207
25745	8472
39407	45014
39414	21839
39415	42039
39416	65693
39416	65694
39416	65695
39416	71533
39417	40339
12319	50521
32972	32967
32972	32968
32972	39422
39429	39428
39434	25521
39437	17703
39447	5762
37242	5763
39449	5763
39453	65698
39461	5768
39461	65700
5824	5771
5824	39626
24805	5771
39466	5771
12963	10058
12963	18983
12963	39471
12963	40846
12963	51475
27707	5775
27707	16261
39474	5775
39474	27697
6350	34083
39476	65701
39485	65702
5786	18000
5786	34356
5786	39490
5786	39491
5786	39492
39493	5787
39494	5788
39494	30428
39494	33361
39494	61348
39494	65697
39498	65706
17419	27358
26199	7032
30310	3232
30310	62701
33707	64001
33733	34051
33733	64008
34782	60159
39304	65659
39503	65709
39505	26485
39505	65710
39507	8047
39509	12954
39509	43842
39509	43852
39511	28942
39516	65714
39517	65716
39520	37442
39523	65717
6379	5615
6379	13226
6379	40853
6379	40854
39528	65719
39529	8054
39529	23270
39529	59561
14935	16047
14935	21999
14935	53145
27735	5801
27735	25505
27735	46043
27735	56447
27735	61771
39536	5801
5802	16902
16902	5802
26501	30981
28380	29327
28380	62022
28380	62023
71393	37507
39545	11009
39545	28958
39545	48969
5816	39611
39611	5816
5817	39613
5817	39614
39614	5817
5822	8883
5822	8903
8903	5822
8903	8883
39634	21312
39634	39636
36895	12311
39652	37616
39652	41992
39653	65738
39668	37833
39668	39664
39668	50896
39668	65741
39670	38461
19132	19120
39678	19132
39678	39679
39678	53287
39679	19120
39679	19132
39683	17997
5842	17446
5843	39688
39688	5843
39688	13803
39688	22843
39688	65743
39688	65744
39697	5848
5852	25771
5853	39703
5854	32594
39705	33202
5861	28442
39720	39721
39720	65746
39720	65747
39720	65748
39720	65749
39721	65749
39721	65752
18599	29670
39726	12950
39726	20949
39726	21096
39726	27912
39730	38357
39743	5875
39743	65766
39743	65767
39743	65768
39744	5881
28448	62056
21919	58714
10744	48632
22164	20705
22164	22159
22164	32753
30044	62618
30044	62619
30044	62620
39754	39765
39754	39769
39755	9979
39755	36578
39755	44829
39758	39773
39762	14427
39762	27330
39762	65773
39765	39769
39767	39769
39769	39750
39769	39752
39769	39754
39769	39757
39769	39761
39769	39763
39769	39764
39769	39765
39769	39767
39769	39770
39769	39771
39769	39774
39777	22758
39778	39779
39779	39778
19065	7049
19065	42628
39649	16534
39649	65735
39649	65736
39786	50003
39790	14547
5892	39794
5892	39795
39794	5892
39795	39794
39796	5893
39801	13777
5900	5899
5904	5898
11346	11348
11346	13786
11346	21715
11346	26364
11346	33062
12934	13344
12934	13349
31362	63115
39814	5907
39815	5907
39815	65781
39820	24029
39823	5910
39825	65784
18545	41367
27349	61628
27349	61629
27349	61630
27349	61631
39829	21276
39829	38397
39829	65785
5920	5899
5922	5899
5925	39833
39833	5925
39833	65786
5926	39835
5926	39836
5926	39837
39835	5926
39835	39836
39836	5926
39836	39835
39836	39837
39836	65787
39836	65788
39837	39836
16919	5931
5937	22564
5937	39859
13477	51939
39862	65795
39871	5943
37418	37417
38687	44829
13452	12636
13452	36081
13452	37141
13452	51916
39928	17706
39931	41963
39931	41966
39931	41967
39933	30392
39933	41291
39944	37539
39944	65840
29336	29331
29336	62398
29336	62399
39964	44867
18987	34548
18987	39336
18987	42902
18987	56307
18987	56308
10825	48719
10825	48720
39968	39990
39989	65847
39990	39968
39991	35532
16654	18768
16654	21163
40017	18862
23314	44619
40048	26228
40048	43335
40050	21277
40052	21377
40052	53252
8690	45881
18276	33746
18276	55691
22244	42601
22244	58898
33397	24584
33397	63883
40061	56532
40072	65868
34518	5207
34518	41686
34518	64338
40076	11934
40077	45322
40082	25860
19024	41076
19024	56339
19024	56340
33769	16331
33769	54373
40127	21506
25833	25834
25833	56522
25833	61028
25833	61029
39214	17244
39214	65643
40137	39162
40138	7182
40141	40140
18488	18450
18488	33965
18488	45325
19378	16717
40159	21598
28701	17987
28701	62167
30435	10481
30435	23989
30435	34807
30435	40165
30435	40166
30435	40167
30435	62743
40165	30435
40165	34807
40165	40167
40166	40165
5984	5983
5986	40173
40173	65901
40173	65902
40175	40174
40177	5989
40177	24563
40177	65904
5990	40182
5990	40183
5990	40184
40183	65905
11728	40186
11728	49833
40187	19678
40189	12607
40189	22363
40189	47328
40189	65907
13811	21959
30448	24038
30448	26953
30448	39347
30448	39631
30448	50996
30448	62751
30448	62752
40210	65912
40215	45245
40215	59534
18348	55757
19555	31478
19555	56826
19555	56827
32438	63554
32438	63555
32735	43870
37833	17727
37833	31266
37833	51069
37833	65280
40113	31487
40113	42536
40224	65919
40227	60571
40227	65920
40230	42225
40231	37424
40235	65924
40242	12191
40243	65926
40244	65927
40246	58000
40247	65929
40248	45175
40248	65930
40254	45737
40255	11697
40255	12557
40255	17499
40255	17905
40255	19335
40255	55213
40255	55457
40256	65931
53985	53970
55803	22331
55803	55447
55803	55802
55803	58952
55803	69071
61832	27847
63094	31317
63094	38091
63094	63093
63094	70186
63783	33105
69811	60265
71536	41410
40260	65932
21846	53938
28769	11078
28769	12944
28769	51442
28769	62184
40277	65935
40277	65936
40278	27077
40281	22929
6009	5983
6009	6010
6010	5983
24911	60607
24573	40197
37665	28007
37665	28276
37665	32292
37665	65240
40301	27522
40301	45973
32932	10036
32932	21812
32932	40305
40303	12943
40303	16473
40303	42381
40303	42383
40303	53258
40303	65945
40303	65946
40303	65947
40303	65948
40314	15326
23302	8176
26740	10316
26740	32888
32888	26740
32888	63696
40319	65957
40322	20409
40322	37993
15880	6019
40328	6019
40328	29339
40328	65958
40340	26741
40340	40343
40340	65960
40342	30715
40343	22946
35368	22716
35368	40348
35368	40350
35368	59241
40348	22716
40348	35368
40355	40856
29335	24585
29335	24681
29335	28167
39198	45107
39198	65637
40362	57235
40364	65969
40365	65970
40374	21175
40375	21175
40375	24288
40375	25828
24807	14564
24807	30462
24807	36934
24807	39819
32924	40377
40377	20580
40377	32924
40377	57754
40377	57755
24536	20759
30232	21314
30232	42954
40390	33892
40390	40386
40390	40395
40390	65976
40396	50003
42103	66416
46792	51136
50533	32715
40416	6041
28959	11698
28959	21542
28959	62255
40102	65872
40418	27870
10433	34806
28095	11193
28095	13776
28095	18922
28095	33653
28095	43855
40429	65981
6091	6049
18739	11187
18739	56047
40449	21564
40451	65987
40452	42115
6064	37843
37843	60159
37843	65282
40471	6072
40472	6072
40482	65989
33459	51227
33459	51229
40485	48176
40486	10084
40486	18540
40486	30541
6079	40493
40493	6079
40495	8900
40495	23257
40495	46267
40495	46269
40495	65991
40495	65992
40495	65993
6082	6049
40498	48475
6086	6049
32115	24531
32115	32270
32115	63411
6093	9266
6093	40507
6094	40508
40508	6094
40508	7859
13742	52138
13742	52139
33932	8107
40516	40533
40520	66001
40527	51413
40527	66004
40527	66006
40528	16857
40532	66005
33685	22409
33685	40549
40553	55879
6122	25679
20760	13153
20760	57883
31454	63154
40565	24899
40569	46677
40571	10500
40571	48263
6127	28612
29184	13181
29184	40587
40589	19094
40590	47799
40591	40831
40592	30467
40598	35918
40598	40599
40599	27812
40599	35918
40599	40598
40601	14798
6149	40605
40605	8075
6151	8946
6153	9967
22032	8946
13710	25365
13710	39992
13710	52110
13710	52111
31232	37151
31232	63057
36963	26210
36963	65004
36963	65005
36963	65006
36963	65007
6164	40644
40644	6164
40649	40650
40649	40656
40650	40649
40650	40656
39182	16029
39182	65632
18661	55956
18661	55957
18661	55958
18661	55959
26681	25486
14007	52305
30475	30474
30475	30476
40679	18342
40681	12588
40681	40682
40683	32558
40692	6180
6181	7381
6181	17688
6181	23790
6181	40693
6181	40694
40693	6181
40694	6181
40694	7381
40694	17688
40694	23790
40694	43389
6197	40700
40700	6197
6202	3619
6210	40703
6210	40704
40703	6210
6214	40705
40712	6221
6228	3408
6228	39407
6228	40715
40717	40722
40717	66044
40717	66045
40722	48523
40722	66046
6231	1064
25132	9998
27950	6242
27950	17291
27950	52274
40731	6242
40731	18541
40731	43524
40731	44455
40731	50893
40731	66050
20208	32826
20208	36460
20208	40735
20208	40737
20208	57429
40737	20208
40744	6254
20057	6264
20057	8919
20057	25899
26477	6264
40746	6264
40747	6264
40747	9456
40747	66056
40747	66057
40749	6270
10245	6275
40750	6276
40750	14319
40750	21227
40750	60000
40750	66058
40750	66059
40752	66060
40753	6282
40761	6289
40761	43043
40761	66067
40761	66068
40761	66069
26025	40762
40770	6303
19496	56781
6309	40774
6310	8856
6314	17898
11553	12213
11553	49636
11553	49637
11553	49638
11553	49639
29562	11553
29562	12213
29562	24863
29562	33512
34807	30435
34807	40165
11528	9484
11528	11517
11528	11518
11528	11552
6357	40820
40821	40822
40822	40821
40827	66082
36656	36555
36656	36560
23198	6369
23198	59529
40835	6369
40835	40836
40835	66083
40836	6369
40836	40835
22606	24443
22606	59163
22606	59164
22606	59165
26753	7632
26753	26756
15513	17499
15513	40844
15513	53564
40844	15513
40844	40842
40845	40846
40846	40845
40846	53286
40855	6382
27552	14533
28018	20414
28018	40867
40867	27552
40867	28018
40868	66087
40870	6386
40870	66052
40871	6386
16499	10239
16499	12051
16499	14304
16499	15704
16499	31326
16499	47590
40875	65564
40876	21923
40877	66088
40883	39231
25975	25898
40884	23988
40884	34162
40884	40029
40884	66090
40884	66091
40884	66092
40892	66095
40899	46677
40908	66099
40910	40914
40911	66101
40911	66102
40912	24207
40913	6644
40913	40914
6395	40924
6395	40925
21847	15595
6404	31171
6404	35714
31171	3444
31171	6404
31171	10898
6409	9322
6409	24695
6409	30550
6411	10839
6743	15039
6743	38277
6743	40947
6743	42032
40947	6743
40951	7820
40951	18609
40951	66118
40951	66119
6436	14410
6436	40983
6436	40984
40983	6436
40983	14410
40983	40984
40984	6436
40984	14410
40984	20704
40984	40983
6440	28449
6445	7820
6445	40998
24263	6234
36108	4626
12282	6450
12282	50493
12282	50494
41006	6450
41008	41010
41009	66131
41014	43494
41018	66133
41025	32439
41025	37405
41025	63152
41025	66134
41025	66135
41026	44569
41026	58127
41027	37179
19066	6463
19066	56375
19066	56376
19066	56377
19066	56378
6465	11342
6465	41043
20180	57384
13470	13472
13470	51935
24699	23162
24699	39994
26735	61432
29478	53112
35528	25825
35528	45711
35528	64678
41049	59984
41050	16858
41050	23009
41052	64341
41054	46572
41055	20365
41055	66139
41055	66140
41058	13803
41058	66141
41060	42157
41060	52193
41106	41048
52639	25825
52639	41944
52639	42775
52639	42832
41066	47890
15630	26128
15630	38275
15630	41067
36372	13719
36372	15647
36372	38275
36372	39724
6471	41072
41072	6471
6475	37545
37545	6475
37545	21841
37545	25974
15628	32739
41076	19024
41076	55799
41089	6480
37042	65032
41097	25520
41100	25520
41118	21415
10260	6216
10260	47858
16329	13568
16329	16319
29451	2998
32829	18831
33652	42225
33786	13470
33786	64055
34482	64324
34482	64325
35474	4480
35474	41138
35475	4480
37261	37260
37261	65091
41126	20192
41127	32548
41131	32548
41131	41127
41132	41139
41132	66160
41133	66161
41133	66162
41135	22307
41140	13470
41140	32090
41141	35704
41141	41127
41148	27253
41148	41767
41148	66164
41151	63984
41154	66165
27571	27568
20089	2819
41166	32781
41170	8723
41171	20024
41171	48101
41175	41176
41175	63678
15645	15643
39724	13719
39724	15630
39724	15647
39724	20399
39724	26128
39724	36372
39724	38275
39724	41067
39724	52117
20767	22408
41186	12901
41189	66174
41189	66175
33128	24569
33128	50164
33128	63788
41192	66177
21442	23666
23661	22515
23661	48096
23661	59817
32089	32074
32089	45686
32089	57176
41204	41213
41211	41210
65752	39721
65752	41060
68302	50901
23439	41221
23439	59654
41221	23439
41224	45078
33399	11558
33399	41233
41233	33399
41243	41247
41243	66184
41243	66185
41244	66186
41244	66187
41247	41243
24647	60468
27314	42747
17062	17060
17062	33826
17062	40378
17062	41253
40118	40119
41264	19820
41264	66192
39195	6520
40037	6520
41268	41266
41268	41267
41268	41269
41268	41270
41268	41271
41268	41272
41268	41273
41269	41266
41270	41271
41270	41272
41271	41270
41271	41272
41272	41266
41272	41268
41272	41270
41272	41271
41272	41273
41272	57856
17909	20594
17909	55467
20594	11078
20594	16370
20594	17909
41281	26605
41281	37767
14745	13309
41291	30392
41291	39933
8868	22466
34470	34462
34470	34464
6533	33749
6541	36601
6541	41301
41303	23813
41303	41305
41303	59918
41305	23806
41305	23812
41305	59918
41305	71493
6551	12825
6551	26864
26864	9895
26864	11468
41309	39316
41313	6554
8305	20297
8305	31741
8305	37389
35076	16852
35076	64507
41348	66203
41352	66204
41357	41365
41365	25669
41365	35503
41366	34117
41378	66211
41379	12853
41379	25356
41379	32820
6570	17040
6577	35063
35063	6577
35063	9825
6579	15275
6579	26542
6579	26547
6579	34780
26547	6579
26547	15275
26547	26542
26547	26545
27253	41148
27253	61602
25160	11800
21615	41410
21615	41416
21615	58456
21615	58457
41410	21615
41410	41418
41410	58457
6585	15357
6585	28991
6585	29017
6585	35325
6585	41430
41430	6585
41430	66221
14604	13979
14604	27631
14604	52889
19401	41045
19401	56717
22605	59161
22605	59162
25602	2790
25602	7838
25602	60938
40640	6163
41445	66225
41448	23546
41448	54483
41448	54484
41454	22875
41454	27918
41454	51863
41455	20669
41455	66228
41457	66229
41458	33575
41458	65564
41459	11065
41459	12851
41459	66230
41459	66231
35203	49856
41468	22912
18357	34214
18357	51250
18357	55771
18357	55772
31475	35307
31475	46583
41477	37092
39442	41486
41488	14524
41489	28775
41489	43941
41490	14524
41490	29686
41491	14524
41493	14524
41495	66234
41502	66236
41513	41517
41517	41513
41519	41517
41530	41529
31551	20965
31551	43412
31551	63203
41537	18976
41537	38147
41537	38528
41538	40045
31802	19005
41548	66248
7628	44152
41159	17259
41159	63788
41564	13351
41567	30387
41567	42583
41571	25387
41571	36631
41571	36633
41573	46730
41575	18590
45787	71543
20533	22758
20533	43169
20533	57702
20533	57703
20168	12585
41596	66259
11197	18037
11197	49204
21775	58630
26449	61330
31486	13177
31486	28029
31486	63169
41601	29676
41602	66261
41617	34131
41623	6638
41624	30466
37225	26186
41629	10308
41655	6635
41656	6635
41657	6635
13160	43076
13571	27572
13571	28004
34584	20035
39247	65648
41660	20799
30466	6638
30466	41624
41663	38939
41663	66271
41663	66272
41663	71537
6643	22956
6643	37458
6644	40913
6644	41664
39689	5843
39689	41669
39689	41676
41665	18485
41665	28147
41670	43365
41670	43366
41670	43370
6648	7161
6648	18655
6648	21150
6648	39689
6648	41669
6648	41670
6648	41678
6648	41679
41679	43365
41679	43366
28870	25416
28870	41682
28870	41687
41712	60273
41712	66286
41714	13465
41714	51930
41718	24558
41718	66289
41722	6657
41729	66295
41731	33808
41736	41739
41741	66302
41742	50003
41743	66303
27238	28268
27238	41747
28268	27238
28268	41747
41745	18722
41746	24184
41746	28268
41747	27238
41747	28268
6665	41756
41756	6665
35246	35515
41759	66305
41760	57451
41766	12557
41766	17499
41766	20356
41766	53970
41767	41148
11474	49560
30839	62929
41778	38496
41779	11601
41779	28011
41779	66312
41788	55606
13803	41058
13803	52172
13803	52174
20964	14427
20964	33611
20964	52555
20964	52557
28267	50896
28267	61981
41794	66317
41794	66318
41794	66319
41794	66320
41796	33022
41797	66323
41797	66324
41797	66325
41800	18250
41816	19596
41816	21937
41816	35638
41816	38269
41817	66331
41820	57451
41824	42010
41835	33634
33002	18378
41846	66342
41846	66343
41854	71460
41858	66346
41859	11203
41859	22373
41859	25299
41869	38095
41869	38484
41869	41867
41877	6685
41884	66352
41885	35275
41941	64922
6702	8031
8031	6702
19499	56784
31805	28405
41944	17788
41944	42076
25652	19732
6709	11290
6709	27327
41963	41964
41963	41965
41963	41966
41963	41967
41964	41963
41964	41965
41965	41963
41965	41964
41952	66367
41952	66368
41977	6721
10631	48419
35668	8491
35668	23035
35668	37430
35668	59020
35668	64720
41981	38009
41983	6724
41983	18052
41983	18616
41983	41984
6748	6749
6748	12446
6748	20501
6748	42039
6748	42040
41988	22568
39659	41992
29833	42997
29833	42998
29833	62557
41996	22506
27901	61853
27901	61854
27901	61855
27901	61856
14785	53014
14785	53015
33651	63986
42014	63144
42018	24173
42018	42010
42030	66381
42032	34152
42032	38277
42032	51394
42032	51396
10295	27770
42034	66383
42037	26886
6749	6748
6749	20501
6749	42039
42039	6748
42039	7462
42039	39415
25791	6750
42045	66384
42046	66385
12271	30941
20443	1502
20443	26378
20443	33842
20443	57639
20443	57640
23130	32694
23130	32798
23130	41537
30759	24791
30759	28020
30759	46500
30759	62874
30759	62875
30760	62877
30760	62878
30766	59578
30978	62970
32672	23005
32672	63634
32672	63635
32672	63636
33808	19817
33808	24751
33808	41731
34006	29649
36998	7296
36998	38871
40269	19725
40269	65933
42057	23425
42057	51413
42057	66386
42057	66387
42058	57305
42059	26580
42059	45920
42059	49299
42063	66390
42064	66391
42065	64806
42069	66393
42069	66394
42075	66398
42076	41944
42076	43633
42083	44733
42083	66400
42083	66401
42084	66404
19452	6766
7089	12621
7089	35744
6775	6768
14918	8980
14918	19678
14918	27968
42096	66411
42097	33850
42097	66412
42117	6770
42117	66417
6773	16603
6773	25689
6773	31420
31420	6773
17499	11697
17499	12557
17499	15513
17499	17905
17499	19335
17499	55213
20623	57779
21754	23184
21754	30925
21754	58610
33517	31382
33517	55069
39674	24181
42121	51111
42121	66418
42123	66420
42124	39951
42125	16600
42125	54597
42125	66421
42128	66423
42133	66424
42136	42142
42136	48302
42136	48304
42139	66427
42139	66428
42140	66429
42141	16968
42141	35051
42142	42136
42142	48304
42152	42153
42153	19094
42153	42152
42156	17457
42156	38917
42156	49136
42156	56711
42156	57555
42157	41060
42157	47314
42157	48421
42157	48422
42157	52193
42158	22856
42160	41356
52171	13793
52171	33258
52171	52168
57973	20873
57973	30385
58778	21977
58778	51559
71025	68980
71025	71313
72611	75413
42164	7960
42164	42165
42165	42164
42177	66437
42178	20673
6781	42181
42181	6781
42181	48202
42181	51072
11923	31208
31208	11923
42188	6791
42189	6791
39658	19043
39658	65740
42198	10388
42198	48021
42198	48022
6794	22135
13327	10750
13327	12781
13327	13264
13327	13413
13327	17287
13327	18489
13327	20355
13327	20359
13327	51814
13327	51815
42205	6800
42205	52589
42205	71480
6803	28219
6803	42206
28014	57747
28014	61889
28014	61890
21923	22566
21923	40876
21923	42228
42228	38928
42228	61096
42241	14314
42245	12008
42262	7621
40114	15763
40114	58471
42263	16492
42263	19052
42263	54510
42264	42265
42266	42265
42282	6831
6832	42283
6832	42284
42283	6832
42283	42284
42283	42285
42283	66449
42284	42283
6835	11414
6835	17189
6835	42286
6835	42287
6835	42288
6835	42289
11414	20421
11414	49522
17189	6835
42286	6835
42288	6835
42289	6835
42289	66451
26742	16605
26742	23397
26742	30178
42297	6838
42297	66454
42309	42310
42326	6942
42326	38692
42326	42527
42328	15853
42329	7832
42345	6862
26575	61367
42351	7833
42351	20265
42351	63015
42351	66461
42351	66462
42368	42372
25136	6867
25136	15354
25136	60697
25136	60698
25136	60699
26532	61353
42377	42378
42377	42383
42378	42377
42381	12944
42381	40303
42385	42379
42385	66467
6881	9587
6881	42447
42447	6881
42447	9587
6886	33178
42457	10736
42457	13144
42457	24466
42457	34197
42457	36890
29361	9356
36206	36210
6899	8554
6899	42473
8554	29034
8554	40916
8554	45673
8554	45679
8554	45680
8554	45681
8554	45682
42478	12365
26297	61245
6909	9400
6909	11807
6909	39236
6909	42490
6909	42491
6909	42492
42492	6909
6911	9713
6911	42354
21586	20188
6922	15334
6924	25762
42495	6928
6930	16569
14676	10904
6934	7856
6934	42521
6935	42522
6935	42523
42522	6935
31063	63001
42524	21602
42524	53608
42524	66493
42525	24321
42525	60265
42525	66495
34193	34078
6942	8434
6942	38692
6942	42326
6943	12710
6943	14419
31988	11217
31988	31984
42567	16590
42567	21145
42569	27381
18526	34795
33398	51433
33398	63884
33398	63885
33398	63886
33398	63887
42574	11871
42574	17236
31877	31876
30387	41567
30387	42583
30387	62718
42583	30387
42583	41567
42583	66513
42587	12068
42594	60190
32259	32240
32259	32243
32259	32248
42609	34914
6971	7386
6973	4507
6973	40324
6973	42614
42614	6973
35926	6980
35926	53884
35926	53885
7402	42630
7402	43521
7403	7402
7413	7383
42630	7402
6988	20881
6989	27101
27101	6989
27090	20213
42636	42638
6991	13693
6991	14634
6991	42640
6994	8516
6994	9983
42643	10166
6997	8303
6997	17159
7012	7022
7012	20100
7012	42645
7012	42646
20100	7012
20100	7022
42645	7012
42645	7022
42645	20100
42645	42646
42646	7022
42646	20100
42646	42645
7018	6981
7018	6983
7018	7053
7018	35799
7018	42647
42647	35799
42647	45438
7021	38427
38427	65402
7026	8903
7026	42648
42650	7032
42650	13505
42653	7034
7038	30754
7038	42302
7038	42670
42302	6840
42302	29044
42302	58107
42302	66457
37086	24187
37086	65042
37086	65043
42687	14369
42701	31108
42701	34813
42706	33794
42711	66531
42712	57126
42717	66534
42720	66535
42737	42738
42738	42737
42740	66538
42741	66539
38363	8824
7043	36118
11561	12206
17019	54956
20149	57371
24881	19527
24881	22688
24881	25425
24881	42108
24881	60589
24881	60590
24881	60591
24881	60592
24881	60593
32062	32074
32062	57176
32065	24405
32065	45686
32065	46680
32065	56707
32065	57176
32070	32071
32287	28775
35446	4468
35446	7425
35446	14340
35446	20035
35446	39257
37544	65177
39994	38993
39994	65848
42778	22854
42778	30920
42779	66551
42783	32774
42788	66553
42795	23117
42805	66558
42820	66563
42828	66564
42832	13574
42832	35537
42832	42775
42832	52639
42832	66565
42845	37926
54750	16851
54750	68962
59430	22977
59430	37934
61507	26952
64111	33976
67729	70841
74518	75641
74540	73004
74541	75643
21839	23986
21839	39414
21839	58686
21839	58687
42902	18220
42902	18987
23131	7049
23131	19065
23131	20351
11736	49838
7054	15265
7054	42909
42910	7055
42910	33118
10580	48354
42917	11147
42917	16321
42920	42921
19599	13351
42952	7088
42954	30232
42954	66584
7098	6718
7098	42959
42959	7098
42975	7107
10261	47860
42983	66587
7113	15887
7113	36440
42995	13293
42995	42996
42995	51790
42995	66590
42996	13293
42996	42995
42997	18801
42997	22260
42997	29833
42997	42998
42998	29833
42998	42997
8035	44897
8035	44898
43020	66592
43025	7127
32781	63660
30476	7763
30476	19876
30476	30474
30476	30475
43049	17197
43056	66600
43056	66601
43056	66602
43056	66603
30782	3400
30782	7459
30782	33048
30782	61495
30782	62892
30782	62893
30782	62894
30782	62895
30782	62896
13124	7155
39902	7161
39902	11684
43075	66606
43079	43078
43080	39817
43084	7165
43084	51492
21838	58685
13565	22301
8728	13476
8728	15115
8728	32946
43120	51247
43120	66611
43123	31064
15647	36372
15647	38275
15647	39724
25883	25878
25883	36988
25883	43130
25883	54857
25883	61051
25883	61052
39725	13719
39725	26128
39725	38275
39725	41067
43130	25878
43130	25883
43130	36988
43130	61051
43130	61052
32975	37320
32975	51594
32975	63733
43134	66617
43139	19083
17171	50155
17171	55036
17171	55037
17171	55038
23307	59588
23307	59589
27677	43162
27677	61741
27677	61742
27677	61743
43151	34622
43152	27057
43152	41277
43152	61546
43154	66619
43156	66621
43156	66622
43162	27677
43162	61743
26763	61144
26763	61459
26763	61460
43171	26763
43171	34993
7211	43173
43173	7211
43174	7220
43176	7220
43183	16344
43183	20206
43183	29787
22745	14455
22745	39192
22745	59252
13951	8063
13951	44917
43224	66632
7260	7493
7263	26241
26241	7263
7267	43226
43226	7267
7271	7270
7276	9546
7276	27477
7276	43229
27477	3397
27477	7276
27477	7541
27477	19929
27477	35270
27477	42111
27477	61678
27477	61679
27477	61680
27477	61681
27477	61682
27477	61683
27477	61684
43229	7276
7300	43245
16015	7835
16015	22501
16015	43256
16015	54041
43264	7307
43265	7307
32220	63443
43266	7309
43266	29911
43300	7311
43316	62615
24616	24610
43329	7321
41790	37480
9943	2387
9943	7324
9943	13977
9943	47557
9943	47558
43332	7324
43332	43331
43334	7324
43334	31235
43333	7325
43340	66658
17027	24318
34403	4214
34403	64298
43348	21030
43348	48891
43348	66659
43348	66660
43356	16124
43356	31648
43356	34128
20598	12234
13786	7368
13786	20201
41676	39689
41676	41669
41676	41670
41676	41679
41676	43365
41676	43367
41676	43368
41676	43369
41676	63337
43370	41670
43370	41677
43370	44947
43373	66666
43373	66667
43373	66668
7378	148
29435	7380
29435	13255
29435	62427
43385	7380
43385	42246
43386	7380
43388	7381
43389	7381
43389	8746
43389	23790
43389	40694
43390	7384
43391	7384
43391	43390
13174	16173
7391	7415
7391	9627
18250	41800
18250	51818
20033	19598
20033	32082
20033	42746
20033	57272
21446	54655
21716	58556
21716	58557
26554	11652
26554	30921
26554	45919
32221	9478
33684	19779
41750	66304
43396	66669
43400	51480
43401	54249
43401	61979
43401	66671
43403	28194
43403	45323
43405	66675
43405	66676
43405	66677
43405	66678
43406	23886
43406	66680
43410	66683
43410	66684
43412	31551
43412	63203
43412	63204
43414	66688
43414	66689
43417	66690
43425	33188
43425	63812
43433	66693
43435	66695
45578	31814
45578	32439
46881	18735
47052	33178
47052	47051
73598	75525
17296	20045
17296	20669
17296	48018
28279	61989
23308	59590
34428	31523
34428	33236
34428	38917
34428	51419
34428	57720
37551	15849
37551	32951
37551	53907
37551	53908
37551	65181
37551	65182
37551	65183
37551	65184
41689	31758
41689	63907
41689	66279
41689	66280
43452	66700
43452	66701
43452	66702
43452	66703
43452	66704
43452	66705
43452	66706
43461	66708
43465	53009
43465	66710
43466	33825
43469	35691
43472	66711
43475	14524
43480	49292
43480	54001
43486	62015
39951	29377
39951	50890
39951	58122
39951	58123
43498	59644
43499	43497
43500	50867
43512	53485
43512	66720
43512	66721
43512	66722
43517	66723
43517	66724
43519	43644
7726	44355
43524	40731
43526	43529
43527	28148
43527	36630
43527	43528
43527	60479
43527	66725
43527	66726
43527	66727
43527	66728
43527	66729
43527	66730
43527	66731
43529	43526
43531	63392
43531	66732
43541	66734
43542	43556
43542	66735
43561	24536
43562	66738
43562	66739
43562	66740
43562	66741
43562	66742
43562	66743
43563	66745
43563	66746
43564	66748
43571	66750
43578	66751
10470	14506
10470	43637
10470	48166
10470	48167
10470	48168
20759	24536
20759	43569
20759	43571
20759	53740
20759	53742
20759	57882
43583	12199
43583	32465
43583	43585
43583	51007
43583	60370
43583	60372
43584	18321
43584	22382
43585	32465
43585	43583
43585	51007
43585	60364
43585	60365
43585	60368
43585	60369
43585	60370
43585	60372
43590	43592
43593	38340
43595	43596
43598	7414
43598	28059
43598	43602
43599	7414
43601	7414
43601	31440
43601	37539
43601	63725
43604	11340
43604	66759
43604	66760
43604	66761
43604	66762
43604	66763
43604	66764
7419	7383
31442	37073
43612	11253
43612	19529
23551	59730
23552	54693
27450	16586
27450	49903
43618	60332
43619	52948
43619	66768
7425	35446
7425	43623
7425	43624
43624	7425
43624	35446
43628	19373
43628	31645
19384	7697
19384	54747
19384	56704
23342	59396
25103	52124
25103	56476
32071	32070
32071	46680
32071	57176
32071	63391
43630	16110
43633	42076
43634	35026
43634	43637
43640	23523
43642	13535
45549	45550
45550	45549
59395	22929
59395	23342
59395	59396
59396	22929
59396	23342
59396	59395
75127	75128
43651	44999
43651	45000
43651	66782
43651	66792
43652	66794
36613	43728
43725	9373
43725	9881
43726	66796
40107	23627
43752	7480
7638	16024
43763	7638
43766	7494
31986	13167
43773	66807
9226	9229
19597	56864
43782	43793
43783	21942
7508	8946
7508	22030
7508	22032
43801	7510
43801	28470
32437	63542
28307	43356
7516	43835
43836	25274
43841	7519
7521	15254
7521	24742
43842	12954
43842	39509
7523	43854
43855	28095
43855	31781
43855	33653
43860	48156
43860	49359
43860	66825
40110	33850
40110	35040
40110	37537
40110	39379
40110	43872
40110	65877
40110	65878
43870	32735
43871	10819
43872	32954
43872	33353
43872	40110
36233	36232
7532	11208
7532	43877
43879	7533
40197	5997
37457	7538
7539	22978
7539	43883
7543	15533
7543	43884
24707	21978
24707	53965
43885	17300
43885	49512
43885	49513
43885	66829
43889	47569
43891	8400
43891	9656
43891	66831
7552	9520
7552	43898
7552	43899
7560	43903
7563	43906
7563	43907
43906	7563
7569	43912
8870	12427
8870	27471
8870	46231
8870	46232
9239	3340
9239	5084
9239	46726
9239	46727
43926	7576
43926	66835
43926	66836
43928	15222
43929	37316
34210	64219
43941	41489
7581	176
43989	7583
43990	66840
9344	9866
9344	29088
9344	46910
9344	46911
43996	7589
43998	44001
16355	21436
44063	17916
44072	66852
44088	7594
44089	7594
7602	44102
44102	66860
7603	2917
7603	29139
7604	44103
7611	26633
7612	10254
7612	15035
44114	66864
44114	66866
44115	13762
43508	47150
44121	19231
10778	10800
10778	28034
10778	37378
10778	41207
10778	48674
10778	48675
10778	48676
10778	48677
35159	37928
44127	46999
44127	66870
43101	7621
33637	63979
33637	63980
44131	66873
44132	44137
44132	44139
12808	12804
44144	66876
44152	7628
44152	66878
25730	39378
25730	45917
25730	60985
25991	33307
20785	10291
20785	57911
20182	20178
20182	20179
39645	20179
26756	7632
26756	26753
28378	39061
44165	19327
23355	59624
44172	32505
44173	24073
44173	31606
44173	66884
7649	5418
44196	19052
44196	42263
44196	54510
44197	7658
7659	44198
44201	16125
44201	66886
44205	19449
7669	12371
7669	44213
43283	43285
7682	44219
7682	44220
44219	7682
44219	66890
18928	47902
18928	53513
25056	60674
31130	25402
39695	40853
39695	40854
44223	10545
44235	66891
44235	66892
44241	66898
44244	27462
44246	17458
44247	66899
44253	35905
44259	66904
44259	66905
44263	22259
44265	66906
44268	66907
44272	29243
44272	66909
13664	24158
13664	44282
44282	13664
43781	66810
9909	22795
7708	27616
7710	11487
44333	66919
44333	66920
7715	196
44336	7716
44336	66921
44340	35471
16965	20776
16965	35115
16965	54903
33442	7724
44350	44353
44352	12569
44352	15681
44352	47904
44352	66926
44353	44350
44355	7726
44357	7727
33716	7728
44360	9990
44362	28539
44362	28757
44363	10074
26027	14315
26027	31180
26027	56316
44367	66927
44373	7735
44374	7735
44374	17858
44374	44375
44375	7735
44375	17858
44375	44374
7756	4200
44407	12736
44407	22262
44407	66932
44416	17988
21010	19513
21010	58081
21010	58082
21010	58083
44424	66933
44426	13035
44427	13035
13038	16459
44434	7776
24739	25773
24739	29473
24739	37805
24739	39246
24739	60515
44454	29256
44455	7784
44455	19086
44455	40731
44477	7805
44491	7807
44496	7814
44496	66939
44496	66940
44496	66941
44513	48069
22146	58847
22146	58848
22639	59189
19578	13311
19578	56848
44518	10907
44518	16927
44518	19726
44527	7833
44532	7840
44532	66943
44532	66944
44532	66945
26444	26439
15559	53604
23433	16193
23433	19265
44546	16001
44549	44550
44550	44549
7844	209
36190	7849
36190	18815
7852	10532
10532	48316
7853	44589
44600	7865
44600	66956
23784	35686
44603	54326
44603	66957
44603	66958
44603	66959
44614	27057
44614	44615
44614	66961
44615	44614
44618	27068
44619	23314
44619	59597
44619	66963
44619	66964
44619	66965
44619	66966
44623	7874
44624	44625
44624	44626
44625	44626
34549	7877
34549	14628
34549	64348
44632	20746
44633	14500
44633	35192
44650	7885
18687	31249
18687	44654
14690	14683
14690	14684
14690	52951
44658	7891
9114	25505
26062	58324
26062	59667
26062	61158
7898	44667
44669	66977
44673	30941
44673	38310
44675	23609
44675	66983
7902	36859
7903	44679
44681	7914
44681	38269
32331	63492
32331	63493
32331	63494
32081	32707
32081	48637
32081	57267
32081	63394
32081	63395
32081	63396
23376	7925
23376	46475
23376	59628
44707	37298
44707	65102
44707	66986
24256	19786
24256	40353
24256	60220
24256	60221
30465	28107
44763	44762
44770	44771
42899	7948
42899	39090
42899	42895
42899	44773
42899	44777
42899	56709
44773	7948
44773	24405
44773	57176
44773	57407
10482	32236
10482	48214
10482	48215
10482	48216
34196	7949
34196	36610
34196	64204
7951	5798
7952	27485
44778	7956
44779	15102
44781	7957
44785	44786
31070	8978
31070	11473
31070	63005
31070	63006
31070	63007
18174	47166
18174	48313
34833	33041
44801	25283
44801	67008
44802	51957
7972	11220
7972	11593
7972	22914
7972	44811
44811	67012
27690	7973
7974	13687
8107	7977
8107	33932
7978	220
7978	35013
9407	7979
44814	7979
14665	44815
26886	42037
26886	61496
44815	14665
44817	27715
44817	44821
44819	27715
44820	27715
44821	27715
44822	10907
44822	23311
44822	45607
44822	67049
44822	67050
44823	67051
44823	67052
17400	19028
17400	55140
17400	55141
17400	55142
17400	55143
20979	20516
26317	60711
41323	15065
41323	66198
44827	67053
44829	38687
44831	30286
44834	30007
7987	44836
44836	7987
36201	11124
36201	14265
39149	7995
39149	28642
19239	28225
19239	47985
44837	8001
8005	2313
8013	29713
25185	8014
44849	43517
44850	67055
26409	8015
44851	8015
44856	24486
44859	8019
44866	8542
44866	44863
44866	44864
43747	28238
43747	34832
43747	36547
43747	66800
43747	66801
43747	66802
43747	66803
43747	66804
44885	67070
11508	15509
11508	30147
11508	40852
11508	44888
11508	44889
34888	24627
40852	30147
40852	30148
40852	66084
40852	66085
44889	11508
8028	29031
8028	44893
8923	9981
8923	46307
8923	46308
8923	46309
8923	46310
15324	53438
19427	12387
44896	8032
44897	8035
44898	8035
44900	8037
44901	8037
8039	8508
8046	224
8046	8042
8046	8043
8044	224
17111	8054
17111	34222
17111	55001
44912	8056
44916	16932
44916	22414
44917	29198
44920	19249
8078	44941
23550	26681
44947	43370
44949	8093
8103	23725
8103	43576
8103	44956
8106	8110
8106	10510
8106	11179
8106	39633
8106	44957
8106	44958
8106	44959
8106	44960
8106	44962
8106	44963
8106	44964
8106	44965
44958	27143
44962	8106
8111	44966
32064	44982
44977	44978
44978	44977
44980	15841
44980	35739
44980	35752
44980	41552
8117	18298
8120	9529
44996	44997
44997	67090
44997	67091
44999	43651
44999	44996
44999	66781
45000	43651
45000	45002
45001	43651
45001	45002
45001	66782
8125	3792
8125	11883
8125	20342
8746	23790
8746	43389
8746	45992
8746	45993
37804	23678
37804	24553
37804	30585
45009	67095
34151	20705
34151	57838
45022	8139
45022	8516
8143	45024
8144	21393
41878	6685
41878	12218
41878	64999
45031	8303
45033	46902
13416	18946
39636	20581
39636	21312
39636	39642
39636	45933
39636	54989
45068	52741
45068	55881
45068	55883
41839	27369
30488	26585
30488	39641
45089	37179
32368	8178
45101	8178
45101	20604
45101	26093
45107	39198
45107	45108
45107	45109
45108	45107
45108	45109
45109	45107
45109	45108
45109	67133
34127	24273
34236	4175
39618	28199
39618	39620
39618	59062
39618	65725
39618	65726
39618	65727
39618	65728
41643	41638
41643	41640
41643	49231
45115	21786
45144	15943
45145	32801
45150	14522
45150	22834
45150	37960
45151	14547
45151	19828
45151	26528
45155	13638
45156	33098
45158	39257
45161	54451
45162	23711
45163	21606
45163	43639
45163	67143
28407	18265
28407	20058
28407	25746
28407	49505
45175	40248
45179	45180
45180	45179
45180	45184
45183	15097
45183	45182
8192	26677
8192	45188
16170	6942
24774	60527
39773	39758
43491	51407
43491	51792
43491	60950
43491	66709
43491	66713
43491	66714
45193	9393
45197	17357
45197	60480
8198	45210
45210	8198
8199	3340
17285	53411
12215	8203
12215	15261
12215	17513
45217	53970
45217	53985
8208	8204
8212	29059
29059	11537
29059	16761
29059	49615
29059	49616
29059	54699
8213	8214
45226	45231
45240	67147
45243	8222
45243	26391
45244	8223
45244	8351
45244	9626
45244	16709
45244	19648
45244	22243
45244	27029
45244	27405
45244	29550
45244	45414
45244	54651
45244	61524
45244	67150
45244	67151
45244	67152
45244	67153
45244	67154
8227	32720
8227	38961
8227	45245
38961	24041
38961	31925
38961	32720
38961	45245
45245	24041
45245	31925
45245	32720
45245	38961
45245	40215
12927	45252
45249	61521
45252	12927
45254	8237
45254	35905
45260	8242
45268	8249
45268	12652
45268	12756
45268	22730
45268	30538
45268	31832
45268	33848
45268	48642
45268	51176
45268	51180
45268	51181
45268	51182
45270	8250
18528	13153
18528	45274
11584	7623
11584	9434
11584	26102
11584	40568
11584	49719
45291	67160
14794	19554
14794	26131
39869	23136
39869	65798
45299	13026
45302	38949
33382	8279
45316	67162
28189	46677
10334	17611
10334	19779
10334	28576
10334	31121
10334	47960
13831	28351
13831	29621
13831	32132
14479	31799
15381	12971
15381	19145
15381	28417
15381	45159
24241	23978
24241	60216
24241	60217
30616	21843
30616	28253
30616	30613
30616	62818
45344	19206
45348	28417
45349	67171
45349	67172
45351	31816
45351	67173
45354	67189
45357	67190
45357	67191
45357	67192
45361	67193
45363	37931
45365	28417
8304	1930
45373	8306
10328	28267
10328	30968
10328	47954
10328	47955
10328	47956
17337	17823
17337	26262
17337	44669
17337	47714
17337	55127
24471	44905
42325	11263
42325	61060
30505	17277
30505	42582
8319	22432
26049	2188
26049	19872
17172	55039
45388	67197
45402	8336
45404	8336
45404	45403
8338	263
45405	8339
8341	266
45407	67200
45409	67201
8348	19588
8348	45410
8350	17431
8350	17674
8350	28305
8350	45411
8350	45412
45412	17431
8355	273
8355	8354
8356	273
8357	273
8669	8668
8359	273
45425	8365
8366	274
16606	19483
16606	21320
24535	7344
45438	35799
45438	42647
45443	45442
45443	45444
45444	45442
45448	8375
45450	8375
45450	14704
45452	10308
45452	47897
8386	36498
39898	65814
45464	26519
45464	36177
45466	45465
45466	67220
45468	12008
28967	36081
28967	62259
45474	27478
45481	21934
45481	36952
45481	50776
45481	50777
45481	67222
45482	25597
45482	67223
45482	67224
38955	45486
38955	45487
38955	45488
38955	45490
38955	45491
38955	45492
38955	65562
45487	38955
45487	45488
45487	45491
45488	45487
45488	45491
45488	45492
45490	38955
45490	45487
45490	45488
45490	45491
45490	45493
45490	53160
8417	45494
8417	45495
8422	14507
8422	17920
8422	44270
45509	13661
45509	20374
45509	26032
45509	26033
45518	8431
45528	14008
45531	8434
45532	8434
8468	8435
8468	26018
8476	22624
8476	45589
8476	45590
25956	61103
29093	11185
29093	11447
29093	14918
29093	21639
29093	21685
29093	25264
29093	35270
29093	62308
29093	62309
45535	67231
45544	67235
19448	56748
45545	37857
8452	14709
8452	24472
14709	8452
14709	24472
8462	18527
8462	32023
8462	45554
8462	45555
8462	45556
8462	45557
45551	8458
8459	42634
8460	8439
45554	34126
45555	8462
28276	37665
28276	61984
28276	61985
28276	61986
45559	67237
45560	34993
45561	67238
45564	42115
8466	45568
8466	45569
8466	45570
45569	8466
45569	27807
45569	45570
45569	61445
8470	17231
18895	34128
18895	56148
8472	5207
8472	25745
45586	8474
45587	8474
45587	13879
45587	67240
45589	28294
45589	67241
18645	8477
45597	8479
8481	7343
8481	29364
29364	8481
8482	15395
8482	44374
8482	45598
45602	13498
45602	15506
45602	45603
45602	67244
45602	71541
45603	13498
45603	15506
45603	45602
8491	31164
8491	31327
8491	35668
8491	45606
31164	8491
31164	31333
17484	8496
17484	20259
17484	45056
17484	55201
17484	55202
40741	8499
40741	28977
45613	8501
45613	45615
45615	8501
45615	19060
45615	45613
45615	45614
45619	8508
8509	45621
45621	8509
45621	20503
45629	8516
8521	7127
8521	13451
8521	16502
8521	19101
8521	24128
8521	45636
8521	45637
45636	67250
45644	27728
45644	60757
45644	61767
45654	28481
45654	67251
10587	2774
19111	24326
19111	38629
19111	56434
45660	38629
8537	10211
45664	37694
8540	39198
22278	22277
22327	28915
22327	36595
32453	32436
33634	41835
33634	63975
33634	63976
33634	63977
33634	63978
41293	22278
45667	45668
45668	45666
45668	45667
45672	8542
34260	8544
34260	37320
39349	39346
39349	65670
42664	17481
42664	19338
42664	23495
45675	67256
45679	8554
45679	29034
45681	8554
45683	8558
45683	67257
30962	3419
30962	16067
30962	34768
30962	53351
30962	53352
34768	30962
33729	31574
33729	51542
33729	51543
45691	45692
45692	45691
45700	8570
43789	23761
43789	66815
45701	8574
8576	3297
8576	7483
8576	45707
35532	55024
35540	45710
45710	35540
45710	38773
45710	67267
45712	8584
45737	9542
45737	40254
45737	67270
45758	8603
45758	67273
14968	5910
14968	14962
14968	14973
14968	14983
14968	53180
14968	53181
45777	67275
45777	67276
45777	67277
45782	52111
45782	61586
45782	67279
45793	8621
45793	45794
45793	58054
45794	8621
45794	22121
8635	45797
45797	8635
8639	9184
8640	45798
45798	8640
45798	10686
45817	45818
45818	45817
45818	45820
45833	8658
45834	8658
45834	8756
45834	20124
45835	8658
8660	45839
8660	45840
45839	37691
45839	65247
45840	50438
45840	67282
42598	61330
45095	33757
45847	38783
45847	67283
45851	67284
8668	8669
8916	3640
8916	13746
8916	36381
8916	46293
8916	46294
8916	46295
8916	46296
8916	46297
8916	46298
13746	8916
24651	14993
8679	45861
45864	38945
45864	53970
45864	53985
45867	55622
45867	55623
45867	67286
38288	65375
8692	9350
45882	67288
45886	31738
45886	45887
45886	67289
45887	45886
45887	67290
45889	31373
45889	66717
12897	38945
23043	7121
45908	67292
45908	67293
45910	42765
45911	64824
45912	19281
45917	25730
45919	26554
45919	37326
45920	20949
45920	23312
45920	26580
45920	33851
45920	42059
45920	49299
29906	26420
45923	9703
45923	35076
45923	62046
45923	71544
45924	45928
45928	45924
15632	7724
15632	15641
27888	45937
27891	22956
27891	27888
45941	8721
45941	24754
45944	67300
45944	67301
45944	67302
8723	41170
34266	64254
45952	45953
45953	45952
35395	11000
45959	12746
45959	51041
45959	51047
45961	35689
45961	56707
45961	57176
45961	57404
45961	57410
45963	45962
39877	65800
39877	65801
39877	65802
39877	65803
45970	67312
45973	27522
45973	40301
45973	47812
45975	21825
20112	21979
20112	24687
45984	33663
45985	19921
45985	67313
45992	8746
25281	8747
25281	39877
25281	60766
46003	24216
33520	4011
33520	15635
33520	26761
8799	8801
8799	8804
8800	8799
8800	8801
8800	8804
8800	46054
8801	8799
8801	8800
8801	8804
8804	8801
8804	46142
8804	46143
8807	8799
8807	46054
20586	20588
46065	33985
46069	46071
46071	16125
46071	46069
33837	40926
33837	46077
33837	64067
46077	33837
46079	18464
24584	20572
24584	33397
46083	71545
46100	20543
46100	33742
42433	23133
42433	46950
46118	61156
20816	21389
20816	32841
46130	65960
40275	6782
13026	13021
13026	13022
13026	22220
13026	23008
13026	26131
13026	45299
13026	45304
13026	45305
13026	46147
45674	34698
46144	67326
8816	305
8816	46166
46172	8825
46184	8844
46184	26586
46184	46185
46189	8845
46193	8850
46193	42491
46193	60345
46193	67333
46203	8859
46203	20902
8861	34906
46211	8862
46211	46213
46211	46215
46211	46216
46211	46218
46211	46219
46211	67336
46211	67337
46211	67338
46213	8862
46213	46209
46213	46211
46213	46215
46213	46216
46213	46219
46215	8862
46215	46209
46215	46216
46215	46218
46215	46219
46216	46211
46216	46215
46216	46219
46217	8862
8863	46220
46220	8863
46221	8864
46221	46222
46222	8864
46222	46221
8865	34882
34882	8865
8866	33771
46232	8870
46232	12427
46232	27471
8873	14094
8873	40695
8873	46234
8873	46235
8873	46236
8873	46237
40695	8873
40695	40696
46234	8873
46235	8873
46236	8873
46236	32791
46236	54000
46237	8873
8875	9985
8875	27226
8875	38493
8876	46239
46239	8876
46245	8882
46245	37451
46245	46246
46246	8882
46246	46245
46247	8882
46248	8883
46249	8883
46249	13271
46250	8883
46253	8884
8889	46254
8889	46255
46254	8889
46255	24931
8891	20045
17682	8894
8897	46264
46264	8897
8899	12886
8899	46266
46266	8899
46266	12886
8900	23257
8900	40495
8900	46267
8900	46268
8900	46269
8900	46270
46267	8900
46267	23257
46267	40495
46268	8900
46268	36967
46269	8900
46269	40495
46269	65991
46270	8900
46270	42658
8904	8670
8904	21842
21842	8904
46275	8906
46277	39630
46277	58214
46277	67348
39696	8908
39696	46279
39696	46280
46279	8908
46279	67351
46291	8914
46298	28074
46299	8919
8920	7925
8920	21528
8920	46303
8920	46304
21528	8920
21528	36334
21528	58398
46303	8920
46304	8920
46305	8921
46306	8921
46307	8923
46307	46308
46307	46309
46307	46310
46307	67354
46307	67355
46309	46310
8930	28470
8930	30185
8930	46315
8937	46318
46318	8937
46318	67356
46319	19538
8939	46320
8943	46325
8948	9751
46333	35944
44875	28094
44875	38871
44875	67065
46336	9093
46336	33077
46336	47416
46339	38509
46344	67360
46367	67364
46380	27054
46380	27056
46380	27059
46382	55011
8979	46395
8979	46396
46395	8979
46396	8979
46399	8983
46403	8986
46407	8988
21559	18093
36211	39057
36211	64871
36211	64872
12833	8992
46415	8992
46418	8996
8999	9052
9052	8999
46433	9014
35111	14259
35111	22391
35111	46442
35111	46443
35111	46444
35111	47214
46440	46443
46441	14259
46441	35111
46441	46443
46442	14259
46442	35111
46442	36029
46442	46441
46442	46443
46442	46444
46442	47213
46443	14259
46443	35111
46443	46440
46443	46441
46443	47213
46444	14259
46444	35111
46444	47213
46444	47214
46448	67376
38854	26453
46463	9025
9035	46472
46472	9035
9036	5165
9036	40434
9036	43569
9036	46473
40434	9130
40434	9744
40434	52014
40434	65982
40434	65983
46473	9036
9044	6265
9046	46475
46475	9046
46475	24395
46475	46476
9050	5367
9054	10794
9054	46484
9054	46485
9054	46486
46484	9054
46484	10794
46484	46486
46484	48687
46485	9054
46486	9054
46486	10794
9055	22429
9055	23563
28020	30759
28020	46504
28020	46511
33604	7215
33604	30759
33604	63966
35554	4491
35554	46503
44155	7628
44155	54764
45891	22918
45891	30759
45891	46516
45891	46517
45891	46520
45891	67291
46488	41666
46489	67384
46496	46503
46497	67389
46498	67388
46498	67390
46498	67391
46498	67392
46498	67393
46498	67394
46498	67395
46498	67396
46499	21662
46500	30759
46508	13388
46511	22135
46511	28020
46513	28807
46516	67402
46517	67403
9060	44998
9063	26356
26356	9063
9064	46528
9064	46529
46529	9260
9066	20857
9066	33399
31842	63316
9101	9093
36098	13276
36098	20213
36098	30490
35411	22758
35411	38105
46541	67410
46562	54097
9082	46564
46564	9082
46566	11395
41542	23957
41542	63642
23664	28774
23664	59821
23664	59822
46571	46572
46571	53681
46572	27570
46572	46571
46572	46574
46572	53681
46572	53682
46572	55666
46583	31475
46585	46589
46591	41073
9092	32775
9092	34906
9092	46594
9092	46595
9092	46596
9097	25790
46604	46603
46604	46605
46604	67415
46605	46604
27884	10133
27884	41389
32196	56390
46610	46609
46610	46617
46610	46619
46615	46616
46619	46617
9104	9103
9105	322
9105	46622
9111	12487
46624	9116
9120	27018
9120	46627
46627	9120
46632	9135
71415	12606
71415	16870
71415	71670
25392	18293
25392	60840
46651	67417
9144	22516
46656	29628
46656	41515
46657	46658
46658	46657
46659	9153
46659	46660
46660	9153
46660	46659
46660	67421
46662	10545
46662	25226
46664	67422
46667	9161
9163	22515
9163	34936
23348	57103
23348	59621
46669	33457
46669	35087
46669	39052
46680	60180
23266	31361
46685	46686
46686	46685
46686	55238
46690	67431
34149	32922
46693	43187
46694	34149
25487	9198
9199	10656
9201	15366
9205	6888
9207	46713
9208	10003
9222	19102
17488	12049
17488	16726
17488	38514
46717	9225
9227	6222
9227	46718
46726	9239
46728	9243
29660	10797
46747	67443
17352	19305
46763	9262
22212	9265
22212	21308
22212	58883
9267	46769
9267	46770
46770	9267
9268	28525
9269	17047
9269	20906
9269	46771
9269	46772
17047	54979
9274	17190
17190	47547
9277	46777
9277	46778
9277	46779
46778	9277
46781	9280
9285	46787
46788	9288
46789	9289
46789	21887
46789	58710
46789	67446
46789	67447
46789	67448
46789	67449
19604	9302
46806	9302
15633	39733
15643	15645
15643	46811
14413	6263
14413	52540
37391	11883
37391	37388
37391	37389
37391	37390
37391	65129
37391	65130
31991	46826
31991	46827
31991	51810
31991	52362
46851	9319
46852	20510
46853	19941
46857	9323
15757	17906
15757	27317
15757	32985
15757	53810
15757	53811
27317	15757
27317	17906
27317	31265
27317	33550
27317	61614
15640	15635
15640	19938
15640	29615
15640	39806
23332	31714
46879	20356
46879	34228
46879	57563
46883	23487
46883	56905
46884	11146
25381	9339
46899	22162
46899	46898
46902	24351
46902	45033
46904	52488
9346	24030
46918	9361
46923	67476
9367	1949
9367	35629
9369	35308
9369	46932
46932	67477
37799	23709
37799	50836
46933	9371
46938	9380
46942	9385
23299	33235
23299	33236
23299	51419
17031	54968
9408	7551
9409	9633
9411	46981
46981	9411
21764	58621
30429	62733
30429	62734
34519	64340
34519	64341
34519	64342
37803	11978
37803	55356
46982	37828
46982	67483
46985	46133
46994	19532
46997	67484
46997	67485
46999	44127
46999	66871
47003	21856
47003	67487
49851	68087
68769	53660
72839	75435
32915	32899
38096	47016
38096	50867
43296	43255
19043	39658
19043	56358
19043	56359
38256	19043
47018	22569
47018	54554
47018	59151
47018	59152
47018	67489
47018	67490
47018	67491
47018	67492
47022	62575
47025	51256
47028	25617
47030	37553
47030	65187
47030	67496
47031	29648
17065	15034
17065	19933
47036	67501
47040	33499
19603	34906
47048	67502
47051	33178
47051	47052
31649	28409
31649	63242
26038	26034
26038	26039
26038	26040
26038	29887
26038	51118
26039	26034
26039	26038
26039	26040
26040	12765
26040	26034
26040	26038
26040	26039
26040	29887
34612	9437
34612	24166
34612	52433
34612	56443
34612	64372
25002	3587
25002	19468
31994	13413
31994	49597
15768	9455
47082	9455
47089	18397
47089	38709
47089	55816
47089	55817
47089	55818
47089	55819
47093	9465
47094	9465
47094	38927
47094	65543
47094	65544
47094	67508
33826	58175
33826	64063
33826	64064
33826	64065
47096	47935
35074	5210
35074	8827
35074	30947
47102	9478
47103	9478
47104	9478
47119	9483
47119	31788
47123	9486
47129	9487
18117	9535
28400	38780
47146	9495
47150	43508
47151	18256
47151	35505
47166	18174
47166	32334
47166	48313
47166	67523
9521	9522
9521	10733
9521	45965
45965	8731
45965	46359
47169	9523
9539	47201
47201	9539
9542	45737
9542	47202
9545	47204
47204	9545
9548	47205
47205	9548
47206	49520
47206	51291
47213	14259
47213	35111
47213	46443
47213	46444
47214	35111
35899	9558
35899	22538
35899	35898
35899	59128
9561	9594
9561	47218
19980	19981
19981	19980
19987	2601
19987	6085
45079	22134
45079	56934
45079	67129
47220	12173
47220	50375
47220	67532
47220	67533
47222	34075
47222	67534
47222	67535
9564	12706
30027	62608
47228	67540
47228	67541
47229	67542
9581	38948
9581	47234
11344	49472
11344	49473
36417	36314
9597	20888
9597	47252
9597	47253
47253	67545
21582	19535
21582	58427
37877	9410
37877	22787
37877	22815
47255	41635
47255	51589
47256	56147
47256	67546
9611	47261
9611	47262
47261	9611
9615	19242
9615	23745
9621	1983
9621	2014
9621	2017
27980	38278
47277	33460
47277	63903
9990	4385
9990	4386
9990	6130
9990	44359
9990	44360
9990	47599
9990	47600
41832	20248
44915	8059
47304	67555
47304	67556
47314	42157
47314	48421
47314	52193
47314	67562
32988	20505
32988	32991
32994	20505
47309	20500
47310	26244
47310	32994
13129	21977
13129	26219
13129	45766
13129	51626
47328	40189
47328	65907
47334	21538
25019	1985
25019	23767
25019	38001
25019	47347
25019	47348
25019	47350
25019	60664
25019	60665
25019	60666
25019	60667
47347	25019
47348	25019
47348	38001
47348	60664
47349	31424
47350	25019
47350	30135
47350	38001
47350	60665
9662	5644
47359	9668
47361	9668
9676	1601
9677	1601
9678	1601
9679	1601
47369	9682
47370	9682
9683	26912
9683	33320
9683	47371
33320	63854
47376	18438
9697	23066
9697	47383
9697	47384
47383	67572
47383	67573
47384	9697
47384	23066
47384	47383
9702	17447
9702	35353
35353	9702
9703	47385
9703	47386
47385	9703
47386	9703
47387	67575
47388	9704
47391	9715
47392	9715
47392	47391
9716	5075
47398	9720
47400	9723
47400	18184
9726	47401
47401	9726
13877	9727
47402	67576
47404	47403
9728	34692
10222	9729
10222	10211
9730	44401
16646	54624
9733	47407
9734	47402
9734	47408
47408	67578
9735	9749
9735	47409
9749	9735
9749	27691
47409	9735
47409	47410
9737	44351
9737	47412
47412	67580
47417	11987
24752	47424
47422	42562
47425	24741
21395	18757
21395	24563
21395	58330
21395	58331
47435	18302
9744	40434
9748	5807
9748	15855
9748	47443
9748	47449
9748	47450
13006	15701
13006	24205
13006	51502
22436	20539
22436	35315
22436	37239
22436	40497
22436	41793
22436	59049
47456	9759
9761	47457
47457	9761
47457	47458
47459	32482
47459	67585
9763	47460
9763	47461
9763	47462
47461	9763
47461	40553
47461	55879
47461	55884
9765	40212
40212	9765
40212	10898
40212	65913
40212	65914
35077	19338
9771	18152
47476	67590
9801	9797
9801	9798
47485	9797
47485	47486
47485	67592
9802	11459
11459	9802
11459	23853
47488	9813
47489	9813
47496	9820
9823	4267
9823	29347
10654	10655
10655	10639
10655	10654
10655	36952
10660	10639
10660	10658
10660	27807
9834	47507
9834	47508
47507	9834
47507	47508
47507	67597
47508	9834
47508	15139
47508	47507
41433	6585
41433	14486
13750	710
13750	9861
47530	67598
47533	14369
47536	9869
47536	47534
9882	8189
9888	2438
9891	30236
9892	7632
9892	29360
47546	67603
9897	14332
9898	16026
9898	47549
9898	47550
47549	9898
9900	2019
9900	11699
9900	47552
9902	17734
9902	47553
17734	6214
17734	9902
17734	55358
9907	47554
12979	2628
12979	2832
12979	9910
12979	9912
12979	21027
12979	50720
9919	47556
9925	2137
9936	17278
9936	43769
17278	41573
17278	55115
9945	47559
9948	47560
9949	27009
9953	4025
47562	67608
9965	8364
9965	47565
9965	47566
9965	47567
9965	47568
47566	9965
47566	49717
47567	47565
47568	9965
9968	9673
9968	11792
31072	36176
9975	23749
9979	13373
9979	20124
9979	38622
9979	45834
19942	35256
19942	57223
19942	57224
47598	52840
9992	9996
9992	47603
9996	47603
24954	10001
24954	43213
24954	60634
10028	47626
47626	10028
16034	16368
10034	47635
47636	10036
47639	10044
47643	10053
10056	1416
10059	47648
16389	9135
16389	54458
47658	66476
20228	8961
20228	10063
28190	23961
28190	40279
28190	61956
32247	13096
32247	32240
32247	32243
32247	47680
32248	32240
32248	32243
41833	55606
41833	66339
42599	6981
42599	32240
44717	13279
44717	51773
44591	7857
44591	47682
44591	66952
44591	66953
45368	13505
45368	14474
45368	14496
45368	19389
45368	43639
45368	47682
45368	67195
45368	67196
10066	47683
47686	10069
47686	67623
47058	18766
47058	35285
47058	67505
47687	67624
47688	12669
47688	25347
47691	23725
47696	32762
47696	65347
10093	47697
47699	10094
10098	1067
10098	4257
10099	15067
10102	47701
10103	10934
47703	10104
47703	47704
47704	10104
47704	11835
39781	65775
47710	16047
47714	54430
11172	7053
25860	40082
47717	17757
10128	47721
47730	14070
47734	37700
10133	39180
10133	47739
16093	24248
47744	67655
10138	8849
10138	26588
47749	47750
47750	47749
19172	10152
19172	47751
19172	47753
19172	47754
19172	47755
19172	47756
47751	10152
47751	19172
47751	47752
47751	47753
47751	47754
47751	47755
47752	10152
47752	19172
47752	47751
47752	47753
47752	47754
47752	47755
47753	10152
47753	19172
47753	47754
47753	47755
47754	10152
47754	19172
47754	47753
47754	47755
47755	10152
47755	19172
47755	47751
47755	47753
47755	47754
47758	10153
47759	10153
10154	27319
47760	67663
47765	35841
47771	15130
47740	10133
47740	67637
47774	67665
47776	20115
47776	67666
47781	10182
16593	30461
16593	54582
47784	11912
10189	47789
30151	15490
30151	61692
30151	62642
30151	62643
45799	8644
45799	16108
10199	25411
23167	10201
10203	18297
47798	10208
47799	67671
47799	67672
10213	17603
17603	18779
17603	31778
10215	47801
10217	9729
10217	10211
10217	10222
47802	10225
27522	45973
27522	47808
10228	47815
47815	67684
47818	32892
47818	63697
47818	63698
47818	67685
47818	67686
47818	67687
47818	67688
47818	67689
19976	19603
19976	19977
19977	19976
39907	15235
10246	8189
10248	47829
47829	10248
47829	67692
10276	10256
47848	10256
47850	10256
47853	23733
47858	10260
47860	50901
47860	51414
28901	10293
47868	10274
47868	27164
47869	10274
47870	47869
47871	47869
10275	21860
10275	47872
47878	31788
10284	13458
47884	32461
47890	31700
47890	60581
47892	10503
47892	41108
47892	43304
47896	10307
42538	42548
47906	67710
37880	37926
37880	65292
47917	52806
47919	67713
47920	43401
47925	47923
10316	10319
10316	10320
24379	47932
24379	47934
47931	67717
47932	24379
47932	47933
47933	24379
17498	19880
17498	33073
17498	40990
21443	51260
21443	58349
21443	58350
39635	39641
39637	39635
39637	39641
39637	62880
39637	65732
39640	30771
39640	39637
39640	65734
39641	39635
39641	39637
39644	19546
39644	21154
39644	44634
39644	47942
39644	62880
40990	17498
47940	39637
47940	39641
47940	65733
47941	41576
47941	47938
47942	21154
47942	30771
47944	67729
10322	16879
10322	19377
10322	47946
47946	10322
47946	16879
10323	10318
47954	10328
47956	57697
10331	33402
10332	34773
10332	41870
28576	62119
31121	41759
47960	10334
47960	28699
10337	8026
10337	34232
10337	47965
47966	67734
47966	67735
10341	47968
47972	67736
10350	19248
10350	23749
10350	47975
10350	47976
10350	47977
10353	32540
10356	47980
47983	43619
47983	52948
47985	19239
47985	67741
47985	67742
48004	46368
48004	48003
48004	49707
48011	67750
17745	55363
48018	17296
48021	10388
48021	11770
48021	42198
48021	48022
48022	10388
48022	42198
48022	48021
48022	48023
10389	48024
48028	48030
48029	48030
48029	48033
10400	27335
27335	2473
48040	10404
10410	12135
10410	48041
48041	10410
39891	19125
45429	45430
30840	18255
48071	10429
48078	19249
48078	48128
48078	61958
48078	67757
38097	48870
38097	60021
38097	65341
24086	60107
43786	71539
48096	23661
48101	20024
48101	41171
48107	48111
48108	48110
48110	48108
48110	67765
48111	11579
48111	48107
48113	47869
10435	30482
38914	17488
38914	26378
29615	15640
29615	19938
29615	20147
29615	25806
29617	19938
48126	48133
11591	29671
11591	30441
11591	48134
48134	67767
48138	67768
10454	8185
48147	16524
48147	48148
48147	48149
48147	48150
48147	48151
48147	48153
48148	48147
48148	48149
48148	48150
48148	48151
48148	48153
48149	48147
48149	48148
48149	48150
48149	48151
48149	48153
48150	48147
48150	48148
48150	48149
48150	48151
48150	48153
48151	48147
48151	48148
48151	48149
48151	48150
48151	48153
48153	48147
48153	48148
48153	48149
48153	48150
48153	48151
10464	48155
10468	12606
10468	35464
48166	10470
48168	51196
48176	40485
48176	67776
48176	67777
48177	12449
48177	19319
48185	10475
48188	67779
48206	67780
48214	10482
48214	67781
48215	10482
48216	10482
48219	37781
48223	35794
48236	43407
37759	8501
37759	19060
37759	45218
37759	45615
48238	67789
48244	10497
48263	10500
48265	10503
48265	21762
33649	13776
33649	63985
36109	4626
36109	20889
36109	26779
36109	38888
36109	64834
32650	21978
32650	24707
32650	53965
48280	15681
48280	67798
48280	67799
48290	31544
41871	10513
41871	41867
41871	41869
41871	41870
35611	34604
35611	64703
48293	30703
48297	30703
10516	5220
10517	25199
25199	19716
25199	35411
48302	42136
48304	42136
48306	10521
10525	11376
10526	33159
10528	24608
48308	11418
48312	51189
48312	63984
48313	40088
48313	47166
48313	49202
48313	67800
48313	67801
48316	10532
30403	15066
10724	10543
10546	48322
48339	48340
10563	10572
48346	27930
32756	10575
10576	48351
10576	48352
10576	48353
48351	10576
48352	10576
48354	10580
10583	5201
10588	13518
37837	48355
39194	48355
48355	18358
48355	37837
48355	48358
10592	48361
10600	35285
10604	48381
10604	48382
48381	10604
48381	48382
48382	10604
48382	48381
23321	43249
23321	44930
23321	48386
10614	48393
48393	10614
48393	63642
48393	67813
10616	29562
10618	24358
10618	32958
24358	31703
34551	64351
15763	8242
15763	33808
15763	34912
15763	38949
15763	39790
15763	40114
15763	43784
15763	53814
48404	24157
48404	30643
48404	67816
10627	48411
25992	61123
48417	67817
48419	10631
48421	42157
48421	47314
48421	67562
48422	42157
10650	45570
48433	67833
48433	67834
48433	67835
10640	48435
48435	27219
48440	67838
43510	7399
43510	52174
47499	10644
47499	10650
47499	27807
47499	27808
47499	45570
47499	48426
47499	67593
10652	11031
10652	25541
10652	35512
25541	12819
25541	60916
35512	4487
35512	27700
35512	64666
35512	64667
48456	33109
48456	48459
48456	48461
48456	67844
48457	48458
48457	48459
48457	55694
48459	48457
48459	48458
48459	55694
48461	48457
48461	48458
48461	48459
10667	48467
48467	67846
10670	48469
35359	49835
35359	53438
35359	71528
41390	66215
38404	20958
48498	10687
48498	48499
48499	10687
48499	48498
48499	67855
48499	67856
10689	48500
10690	10676
41895	48506
48524	67859
48543	67860
48558	67861
48558	67862
48569	19901
48586	49528
48586	67875
10711	10691
10718	8857
31840	26330
31840	48591
48591	31840
23113	48595
34546	25351
34546	48595
34546	64346
48595	34546
48595	64346
10730	24761
48608	13084
30711	22841
30711	23536
48611	18982
48624	10736
10738	40918
10738	48627
10738	48628
48629	10740
48629	67877
48631	10743
48637	32081
48642	51181
28692	10750
10754	2847
10754	3508
10754	32441
10754	42549
42549	10754
10761	48647
27291	61607
27291	61608
27291	61609
27291	61610
48650	48656
10770	12679
48662	67886
48667	10774
34228	20356
34228	46879
34228	57564
34228	57565
34228	64236
34228	64237
28034	61894
48674	10778
48675	12455
48676	67895
48677	10778
48677	25989
48677	37378
48677	48691
48677	67899
19431	10780
19431	18153
10784	4733
10784	4866
10790	48682
48682	10790
48682	67901
48686	50898
48686	67902
48686	67903
48687	46484
10795	8240
10798	10809
38562	5351
38562	10800
38562	33607
38562	54422
38562	65435
38562	65436
38562	65437
48691	25989
27705	5775
11589	7053
48693	26240
48694	17521
48694	26240
48694	26627
48694	48695
48695	17521
48695	48694
37506	10806
10808	9979
10808	48698
48698	21659
10810	10808
10817	7384
10817	48707
48707	19719
48707	67909
48710	33535
48716	10824
48716	48717
48720	10825
28023	10827
10828	10510
10828	10827
10828	24052
10828	30246
10828	48722
40810	6331
40810	9359
40810	28237
40810	34033
40810	62435
40810	66073
40810	66074
10833	8656
10837	12106
10837	48726
12318	10839
30369	57240
48735	10841
48736	10841
10843	12843
10843	48737
48737	10843
48737	12843
25963	2170
48741	67913
48741	67914
48744	14628
48745	67915
48748	67916
10853	14960
48757	16395
48757	54461
39805	26605
39805	26761
39805	27152
39805	37133
39805	61455
39805	61457
39805	65057
48774	38788
48774	65500
48774	67919
48774	67920
10863	24371
10869	18202
10869	25507
10869	42416
10869	48779
10869	48780
10869	48781
10869	48782
10869	48783
10869	48784
10869	48785
10869	48786
48788	10874
48788	48789
48789	10874
10876	20832
48792	10879
48794	48795
48795	10879
10889	457
48807	10891
47133	9489
47133	10897
47133	23538
47133	48815
48815	16778
48815	47133
48815	48816
48815	52539
48815	67924
48815	71414
48816	10897
48816	12819
48816	48815
48816	51283
48816	67925
48834	10913
48839	67928
10918	10903
10919	10903
10920	10903
10921	10903
10922	10903
10927	463
10928	463
10928	23320
10928	48851
10928	48852
23320	25158
23320	59603
10929	463
10929	10930
10930	463
48853	10932
48853	67930
48853	67931
48853	67932
33339	23075
33339	63859
33339	63860
19041	41408
10946	468
48870	10947
48870	38097
48870	65341
48871	48870
10957	470
10957	15377
10957	22227
10957	28307
10957	35895
10957	42549
10958	470
10959	470
48890	10960
48905	10967
48905	27949
48905	62478
10971	480
10971	48907
10971	48908
48908	67945
48908	67946
43125	7182
47291	46385
19958	28107
48916	48917
48917	48916
48948	10988
48948	48949
48949	10988
48949	48948
10996	22894
10998	24854
10998	38059
10998	48930
24854	10998
24854	25752
24854	60576
48952	10999
48952	67877
48953	10999
48961	11003
28958	11009
28958	39545
28958	48969
29974	20813
29974	62589
48982	11024
48982	48983
48983	11024
48983	16545
48983	48982
48984	11025
48988	11045
30271	11057
30271	26950
49003	11063
49004	11063
49005	11063
49006	11063
49007	11063
49008	11063
13650	4626
13650	11065
13650	52057
13650	52058
49012	11074
49012	49013
49012	52429
49024	11077
49024	43612
11082	494
49040	67963
49043	11096
49044	24052
49044	67964
49045	67966
49053	11100
49054	11100
49055	11100
49056	11100
49061	11103
49065	11108
11109	502
23103	11119
23103	22330
23103	59481
23103	59482
11122	5054
11123	4626
11123	9689
11129	49081
42184	64826
42184	66442
49087	16026
49089	14575
49089	37539
49089	61126
11141	511
49102	22823
49102	35304
11148	513
49109	11157
71461	25979
71461	26652
71461	27885
71461	61396
43446	28655
19792	31569
49118	25947
49120	13724
49120	35749
11168	28805
49134	67979
49136	17457
49136	56711
49136	57555
49138	11177
49140	20153
11181	517
11181	11845
49149	17034
49149	33875
49149	35267
49149	49156
49154	67982
49158	11185
49159	11185
24990	1960
24990	13665
24990	39221
12650	10696
39398	5753
39398	21956
39398	24025
39398	65689
49202	48313
49202	49203
23612	19323
23612	59786
23612	59787
23612	59788
33766	64043
34286	13695
34286	24030
49217	27211
49218	28766
49218	32711
49218	41992
49218	62181
49219	44346
49219	67989
49219	67990
23426	23660
41630	37225
41640	41638
41640	49231
48896	67940
48896	67941
49227	24617
49227	60450
49230	14582
49230	23416
49231	41638
11209	521
11211	522
11211	49241
11211	49242
49241	47469
49242	11211
49247	24466
11221	525
49259	23965
49260	23965
49260	49261
47068	9438
49265	12973
49292	18152
49292	54001
49295	16878
49295	23312
49295	49299
49295	49301
49295	49303
47182	11233
47182	23419
47182	67527
49319	25815
49321	24206
49321	52880
42657	37901
42657	42655
42657	42656
42657	51281
48776	15655
49344	22774
49344	51281
49345	22774
49347	14489
49347	15655
49347	37854
49347	48776
49371	23166
33156	23302
43788	16870
43788	66812
44872	22717
44872	53513
44872	67061
49376	49377
49380	19055
44346	17906
44346	49219
49389	11254
49393	15333
49394	11256
49394	15333
49394	49393
19785	16396
19785	57059
49400	11270
11273	47469
25280	16049
25280	24315
49407	11285
49414	11288
20968	20970
20968	20973
20968	20975
20968	30176
20968	58060
40111	21996
40111	49421
40111	65880
49417	25884
49417	68017
49423	24872
44652	11290
44652	13805
49428	68018
49431	11296
49433	68021
49433	68022
42089	11300
28409	16941
28409	31649
28409	36081
28409	62039
31569	19792
42893	66569
49452	49453
49453	49452
31382	33517
11339	16999
11339	31413
11339	49466
49472	11344
11348	11341
11348	22023
49475	49477
49475	49478
49477	17876
49477	49475
49477	49478
49477	68029
49478	49475
49478	49477
49479	17876
49479	68030
49485	11355
49494	11363
11365	28890
11365	49495
49496	27770
28894	11381
28894	11785
28894	20879
28894	26959
28894	62237
28894	62238
28894	62239
28894	62240
11393	21674
49503	49504
49504	49503
11396	49508
11396	49509
49508	11396
49510	11397
49510	68034
11401	14052
17300	43885
49512	17300
49512	43885
49512	49513
49512	66829
49513	43885
49514	24344
49514	24399
11405	10978
11405	15354
11407	26432
11410	22352
11412	13074
11412	49519
11412	49520
11412	49521
49520	14334
49520	20325
49520	21245
49522	11414
11417	40607
11417	49523
40607	6149
40607	11417
40607	40500
40607	43769
40607	66017
40607	66018
40607	66019
40607	66020
40607	66021
40607	66022
40607	66023
40607	66024
40607	66025
49523	11417
11418	11966
11418	48308
11420	49524
11422	9712
11422	49525
11424	49526
49526	11424
11428	20990
11428	49532
49532	11428
49532	20990
31589	24794
31589	49535
37536	65168
11431	19042
11439	7827
11439	49543
11450	14577
11450	26221
11450	27895
49546	11454
49546	49547
49546	49549
49546	49550
49547	11454
49547	49546
49547	49549
49547	49550
49548	11454
49548	68036
49549	11454
49549	49546
49549	49547
49549	49550
49550	11454
49550	13119
49550	49546
49550	49549
49550	68037
11458	31197
11471	38274
11472	49558
49561	11475
49562	11475
49563	11475
49563	49561
49563	49562
47808	27522
47808	47812
47808	67678
47812	27522
47812	45973
47812	47808
47812	64987
47812	67683
49569	11481
49570	11481
11483	11465
11483	11467
19498	19497
49574	11493
27211	49217
11511	10608
11514	5049
49598	39091
11522	49611
11524	5015
11532	35969
11533	49612
11535	49614
49614	50140
11537	16761
11537	29059
11537	49615
11537	49616
16761	11537
16761	15320
16761	29059
16761	49615
16761	49616
49615	11537
49615	16761
49615	29059
49615	49616
49616	16761
49616	29059
31199	44718
31199	53802
31199	63050
49628	68045
11643	11642
49630	49631
49631	49630
11546	46169
49632	11547
49632	68052
49636	11553
49641	11555
49641	49642
32094	32074
49650	45686
49650	67259
49650	68054
49651	24405
11563	49656
11563	49657
49657	11563
49657	49656
49658	11564
49659	11564
49661	11564
24121	60135
43862	31672
48898	34795
48898	37091
48898	67942
49674	49668
49674	49673
18354	19925
18354	20278
18354	31353
18354	43437
18354	55767
18354	55768
18354	55769
18354	55770
25400	5633
25400	60848
37510	24552
37510	49689
49689	37510
49689	68057
13467	13469
13467	13475
13467	16942
13467	24272
13467	51932
13467	51933
13469	13467
13469	13472
13469	16942
13475	13467
13475	51933
49697	49692
49698	31676
43337	11577
13073	51551
24563	21395
24563	40177
24563	47735
24563	49709
30461	16593
30461	62764
31841	20953
31841	49704
31841	49705
40264	40233
47137	60307
47137	67516
47785	11912
49706	35923
49707	68061
49707	68062
49707	68063
49708	49714
49709	21817
49709	24563
49712	49713
49712	68067
49713	33947
49713	49712
49715	21678
49715	27729
49715	40233
68063	49707
68063	68061
68063	68062
68063	70919
70919	68063
49717	47566
49719	11584
49719	24600
26291	61241
49725	17193
49725	17226
11595	13850
11595	49726
49726	31927
11596	49727
49727	11596
49728	11597
33059	33878
33059	63758
33059	63759
33059	63760
21414	19523
21414	58337
49732	21414
49732	49733
49733	49732
11609	49738
11609	49739
24493	39828
49741	35705
11614	16748
16748	4686
44500	11626
44500	54361
11627	11617
11627	26783
11627	44500
11627	49747
35657	44500
49744	11623
11625	3380
11632	12403
11636	49750
11636	49751
48450	24684
48450	41512
48450	49752
48450	67840
49752	12210
49752	33892
49752	48450
49756	11639
11642	24378
49762	19557
49763	12914
49582	11652
49767	11652
49773	49774
49776	11658
49776	19877
49780	49781
49790	11671
49790	19609
49790	49791
49791	11671
49791	19609
11674	2721
15637	15641
49800	11692
49808	11699
49809	11701
49810	11701
25258	13419
25258	22572
11719	41336
11739	37467
11739	49842
20836	11738
20836	12452
20836	49840
49824	49829
49827	49825
11727	20822
11727	28019
11727	41848
49835	35359
49835	53438
49837	11734
49840	20836
21436	8644
21436	16355
21436	43638
23655	23678
23655	59796
23655	59809
35194	64550
35194	64551
35202	34086
35202	34087
35202	34632
35202	35192
35202	35193
37774	34086
37780	34086
37780	34087
49846	12050
49850	35201
49854	26460
49854	43478
49854	45669
49854	68088
49861	35618
49861	40107
49861	68090
49864	60600
49876	68091
49876	68092
49882	22759
49886	68093
11760	571
49903	21260
49903	27450
49904	34277
19513	54190
19513	56794
11767	27142
11767	39741
49914	31888
48023	10388
48023	42198
48023	48021
48023	48022
11772	41221
32741	52582
24677	60482
37077	23352
37077	51933
49302	54294
49302	63583
49927	33893
49927	38994
17366	17370
49932	49953
49946	17370
49955	49956
49955	49961
49956	49955
49975	11783
49977	11788
49978	11788
49979	11788
49980	11788
49981	11788
11789	8430
11789	8663
11789	14619
11789	14750
11789	16524
11789	48318
11789	49982
11789	49983
11789	49984
11789	49985
11789	49986
11789	49987
49984	49983
13499	8320
13499	31974
13499	34350
13499	38230
13499	51950
13499	51951
13499	51952
21134	58174
49989	21073
11791	20884
11791	49992
49996	11792
11793	583
11794	583
11795	583
50010	26627
11818	50017
11818	50018
50017	11818
23301	11819
50019	11819
50019	50021
50020	11819
50020	23301
50021	11819
50021	33391
50021	50019
11827	50027
50027	11827
11830	38738
50028	11832
50028	50030
50036	11835
50036	38645
50037	11844
24523	6178
24523	11846
29448	11852
29448	21516
29448	62430
29448	62431
50049	15852
50049	38808
50049	53913
50054	24427
50054	33730
50054	60310
19598	17541
11874	14388
11874	50065
50065	11874
35110	64530
50074	20604
50074	29672
50088	11895
50091	11901
50093	11904
11905	50095
11906	27950
50097	11908
11909	50098
11910	11585
11910	17656
50100	11912
50100	50104
50100	68117
50100	68118
50100	68119
50100	68120
50102	11912
11914	11926
11917	15140
11917	50111
11917	50112
50111	11917
50111	26045
50111	66190
50112	11917
50113	11918
11921	50116
11921	50117
50116	11921
50117	11921
11922	8464
11924	11926
11925	16856
50120	11940
50121	11940
50125	11941
50126	11941
50127	11941
27357	61322
27357	61637
50139	50141
50139	68128
50146	11963
50146	68137
50148	11964
50148	47569
50154	33875
50155	17171
50166	14885
50166	50173
50179	11969
50181	56135
50184	30134
50187	11972
50187	50188
50187	65885
50189	11972
50189	50187
50189	50188
12014	603
15100	12016
50221	12016
17519	50226
48714	20295
48714	36663
50230	26066
50236	65200
12031	33315
12031	33517
33615	12033
33615	50248
50248	12033
50248	33615
50248	50249
50248	68148
50249	12033
50249	33615
50249	50248
50251	12034
50255	12046
50261	12052
50266	12057
50269	50289
50306	12062
50306	50308
50307	12062
50307	50306
50307	50308
50308	12062
50308	50306
50308	50307
50309	12062
50309	50306
50309	50307
50309	50308
50310	38695
50312	50313
50313	50312
50327	12071
50329	12079
50329	68171
50329	68172
12085	608
12102	15350
12102	50340
12102	50341
12108	613
50358	68176
28868	12136
28868	62228
25349	12155
36038	12155
36038	64816
36038	64817
50366	12162
50368	12167
40122	12172
50373	12173
50375	12173
12183	18485
50390	12191
15143	36233
50410	19816
50411	56746
50411	63476
17513	8203
17513	12215
17513	55219
12216	16747
12216	50414
16747	12216
50414	12216
50415	12218
34523	12219
21412	20701
21419	21958
40473	6072
50420	12223
50420	26761
50420	27572
50420	50239
50420	50423
50420	68184
50420	68185
50420	68186
50420	68187
50420	68188
50420	68189
50420	68190
50420	68191
50422	12223
50422	50420
50422	50423
50422	68179
50423	12223
50423	26761
50423	50239
50423	50420
50423	68179
50423	68192
12225	16714
50425	12228
29690	62525
50438	26727
50438	45840
24756	12377
50448	12239
50448	50449
50448	50450
50448	68194
50449	12239
50450	12239
50450	50448
50451	12239
50452	12239
50452	50450
50453	12239
50453	50448
50454	12239
50455	12239
50468	12247
12267	50484
41556	22418
12276	12238
12276	50492
12276	71423
50492	12276
50492	30513
50492	68241
50492	71423
50502	12289
12293	22296
15716	22119
15716	27476
15716	32847
15716	50507
15716	53779
19391	33235
19391	33236
19391	38917
19391	56711
46908	9343
50508	12306
50509	19090
27823	2613
27823	12311
50516	12311
12312	50519
50519	12312
33375	29240
33375	63872
33375	63873
33375	63874
50521	12319
23200	13908
12333	50526
50526	12333
50551	12363
50554	50558
50555	50558
46470	9034
46470	50566
47837	50566
50567	47837
50567	50568
50568	50567
45610	12387
31003	62981
50605	12410
50607	50608
50608	50607
50627	12416
50629	12425
50630	12427
50636	12444
50639	12447
50640	12449
50641	12449
50648	12462
12464	13821
50656	12470
50658	12472
41933	64704
50660	57726
50683	50684
50684	50683
50685	14019
50685	18689
50685	24726
50686	68260
50704	50708
50705	12683
50705	14349
50706	14349
50707	14349
50708	14349
50708	32484
15344	53457
50709	12503
50711	16231
50711	65287
50712	12503
50715	12506
50715	50716
44479	28611
50720	12979
50720	18772
50720	65505
50720	68264
50720	68265
50720	68266
50720	68267
50720	68268
50736	33205
50736	68273
12513	1125
12514	29139
12515	13648
12515	50740
33553	12522
33553	24688
33553	26606
33553	63933
12526	28786
12526	50742
47247	36314
47247	36417
50750	12539
50767	12557
22149	12558
22149	22141
22149	22144
50768	12559
50774	12564
50775	12564
50778	68283
50782	31758
50783	27625
23183	28260
37805	23679
37805	29473
37805	29497
37805	53668
50842	12585
50842	37776
50842	71502
19052	16492
19052	42263
19052	54510
19052	56361
49262	67994
12594	42156
12594	50864
50865	13445
12599	50871
50871	12599
50871	24719
12600	10123
19329	56591
19329	56592
19329	56593
19329	56594
50880	12607
12657	12610
49806	11697
49806	39647
49806	68083
50884	53620
50885	21345
50889	12616
32818	3877
32818	8461
37549	35197
37549	47733
37549	52757
45325	12781
45325	31603
45325	43403
45325	45323
45325	51200
50901	31603
50901	45323
50901	50902
50901	59593
50901	68302
50902	31603
50902	50901
12631	25022
50912	12636
50913	12636
50914	18539
12637	50916
50953	12645
12646	31551
12646	50954
50954	12646
40433	40435
34796	12663
50965	12665
50968	12666
50969	12668
20489	12669
50970	12669
50971	12669
50973	12677
21335	9417
21335	12690
50980	12690
50981	12690
50982	12690
50983	12690
50984	12690
50984	68311
50989	35705
50989	50993
50989	68312
50994	19695
50999	12710
50999	14391
50999	51000
51000	12710
51000	14391
51000	50999
12733	12937
12733	19432
12733	51025
51007	32465
51015	12724
39868	51018
39868	65797
51018	39868
51023	12732
51024	12732
51025	12733
12740	32613
32613	63623
48251	67793
51041	12746
51041	45959
31554	63205
31554	63206
31554	63207
15772	24384
51059	12753
35584	28538
38460	24168
38460	26691
38460	51069
38460	54777
47953	38461
51069	24169
51072	42181
51075	12756
51075	51106
51075	51171
51075	51204
51076	12756
51076	51077
51077	12756
51077	51076
51078	51086
51082	51086
51097	44235
51097	68320
51097	68321
51106	58185
51113	22730
51113	51206
19974	15699
51119	12769
51119	68324
51120	51121
51120	68325
51129	19245
51130	68329
51132	68335
51138	68336
51138	68337
51146	30767
51166	51158
51171	68339
51171	68340
51172	25697
51174	20523
51175	20423
51175	44573
51175	51171
51175	51174
51175	68341
51178	20423
51178	22730
51178	30538
51178	50238
51178	51175
51178	51182
51178	51191
51179	31038
51179	68343
51193	12777
51196	48168
51199	12781
51199	31606
51199	51200
51199	51201
51200	12781
51200	45323
51200	45325
51200	50901
51204	51075
51219	26649
51219	37132
51219	59411
37893	24790
37893	64718
37893	65298
51229	51224
51232	12789
48617	12790
48617	24208
48617	43397
48617	43591
51234	12790
49104	11146
49104	12791
49104	12844
49104	17974
49104	28909
49104	41796
49104	51258
49104	52874
49104	67975
49104	67976
23616	21578
23616	25930
51245	22878
51245	26414
51245	68347
51245	68348
51246	28175
35390	12801
51250	18357
51256	47025
51258	49104
51259	68351
19145	12804
19145	15381
19145	15383
19145	16889
19145	28417
19145	45159
51275	37237
15851	17342
15851	19002
15851	25793
15851	42965
15851	53909
32647	25825
51302	15851
51277	21693
51277	24349
51277	31794
12812	12804
12813	12804
51279	68354
12815	12804
12815	12808
12815	12812
12815	12813
12818	51280
12818	51281
12818	51282
51281	49344
51282	12818
12819	29649
12819	48816
12819	51283
12819	51284
51283	12819
51283	48816
51284	12819
12826	19671
12826	51294
12826	51295
12826	51296
12826	51297
12826	51298
51294	12826
51295	12826
51297	12826
51298	12826
25948	34230
28155	13351
28335	4481
51310	51306
21747	12849
21747	52869
21747	58593
21747	58594
21747	58595
21747	58596
21747	58597
51311	12849
51311	21297
51311	21747
51311	24796
51311	51312
51311	59997
51311	68362
51312	12849
51312	21297
51312	51311
48967	11008
48967	12853
48967	67952
48967	67953
48967	67954
51330	12862
51331	12864
51332	12867
51350	12875
51351	12875
51352	12876
51352	46455
35075	12878
35075	50653
51354	12878
40578	12887
51356	12890
51356	68369
51358	68372
51358	68373
51361	12895
51361	51362
51362	12895
51362	51361
24831	24275
24831	60561
24831	60562
32084	63400
51365	68374
51366	41808
51372	23602
17546	20714
51384	28416
51384	51385
51387	12903
51387	13987
51387	25058
51387	31188
51387	68376
51392	32883
51394	32946
51395	68379
51396	38277
51396	51394
51396	53868
51404	37347
51404	51405
51404	51406
51405	51404
51405	51406
51407	43491
51407	54547
51409	12914
51413	40527
51413	42057
51413	45324
51413	47860
51414	47860
12922	14345
12922	51420
51422	12923
32669	40037
12930	51428
12930	51429
51428	12930
51431	12932
51432	12933
51433	12933
51433	33398
51433	63884
51433	63885
51434	12933
13344	12934
13344	13347
51437	40472
51439	12937
51442	12944
51442	28769
25065	2003
25065	12954
25065	60676
43852	12954
43852	39509
24542	60375
51458	37651
51459	30193
51459	30194
51459	51460
51459	51462
51459	68388
51460	30193
51460	51462
51460	51463
51462	30193
51462	30194
51462	30195
51472	12962
51473	12962
51474	12962
51476	18015
44709	43400
44709	51480
51480	30179
51480	43400
51480	44709
51480	68392
51480	68393
51480	68394
51481	12966
51484	18946
51484	55781
12972	19183
12973	10696
12973	19475
12973	33733
12973	49265
18012	12984
18012	40984
13003	21095
13003	51500
51500	13003
22253	58902
51505	13019
51505	15568
51505	24272
51506	13020
47952	67733
17401	48093
17401	48642
17401	55145
17401	55146
17401	55147
17401	55148
17401	55149
17401	55150
23442	8131
23442	59655
51516	51517
51517	51516
51522	32140
51523	57176
51542	31574
51542	33729
51542	51543
51543	31574
51543	33729
51543	51542
51544	25896
21532	51568
51572	68403
51574	28394
30392	39300
30392	39933
30392	41291
51578	41291
51580	51579
51581	28699
51589	47255
13098	19845
43492	13104
51597	13108
13110	24208
13110	51599
51602	13115
45766	13129
13130	37593
13130	51628
51628	13130
51629	13133
51649	68409
47945	13151
47945	20949
47945	67730
19274	13154
13165	12619
13165	19694
45236	67144
51665	51663
43185	15988
51669	13170
13175	24041
13175	51672
51672	52234
51672	68412
13181	13276
13181	14361
13181	16685
13181	20156
13181	21243
13181	23358
13181	51675
13181	51676
23358	13181
51675	13181
51675	51676
51676	13181
51676	51675
51681	13187
51684	13195
20963	58057
27814	61826
51691	13206
51692	13206
25137	13208
30485	3513
30485	34520
51694	42075
51694	52262
51694	52265
51695	18379
51697	68416
51713	13219
51713	13849
34269	4181
34269	64256
13231	23572
13231	51717
13237	26626
13237	31564
13254	9655
13254	28480
18552	4014
18552	18557
18552	18558
18552	42945
18557	18551
18557	42945
51728	18549
51728	18559
51730	13262
51760	13270
51760	28665
51760	51761
51760	62155
51765	67220
51766	13274
51766	52978
40684	13276
51771	13277
51773	13279
51773	18139
51773	44717
51773	68436
51774	13280
51775	13280
51776	13281
51779	13283
51779	31375
51787	13291
51787	21899
51789	24404
51796	23562
21687	13305
21687	14679
21687	17017
21687	22946
21687	58532
21687	58533
51803	13310
47999	13311
47999	28040
13320	48238
51806	68442
27250	14384
51808	13324
46826	46827
46826	51810
46827	46826
46827	46835
46828	16861
28604	62128
51814	22028
13330	51816
13334	30716
13334	51817
30716	16851
30716	62860
13341	51820
13341	51821
51820	13341
51820	51821
51821	13341
13355	51829
13359	3734
13359	11948
13359	51830
13359	51831
51830	13359
13370	51842
31447	37898
31447	57152
51843	14679
51855	39441
45706	13388
45706	67261
13393	27118
13393	51866
27118	13393
51866	13393
17416	16796
25834	51868
25834	61030
51868	25834
51868	61030
51869	68448
51869	68449
51873	54765
51874	68451
43900	13413
43900	51882
13421	11588
13427	51886
51886	68452
13429	51887
51889	68456
51894	27447
51894	51895
51895	27447
51895	51894
13435	51899
51900	68458
13440	9154
19174	13441
51909	23443
51918	68466
51921	68467
13460	51922
51923	13461
51923	24598
13465	41714
13465	51929
13465	51930
51930	13465
51930	41714
51930	68470
51933	13467
51937	13474
51937	51938
13481	23410
13485	12190
13485	22560
13486	19501
19501	13486
19501	56786
13488	15862
28129	35906
28129	35907
13497	15534
13497	51948
31974	8320
31974	13499
31974	18108
31974	31967
31974	31972
31974	63358
51952	13499
13501	49732
29401	35003
51956	68472
51958	68473
51960	41367
50890	59405
13517	5769
13521	51976
13521	51977
51978	13529
13532	27321
27321	59568
51979	13534
51979	51980
51980	51979
13535	43642
13535	51338
51338	12867
51338	13535
51338	34891
51338	68364
51338	68365
13538	13515
51981	13539
13542	27566
13542	51982
13543	51983
51984	13546
13552	11700
13552	51986
13555	15699
13559	8831
30848	13560
30848	33390
30848	62932
51989	13561
13563	23615
13563	42658
13563	51991
13563	51992
13563	51993
13563	51994
42658	13563
42658	23823
42658	46270
42658	51992
42658	51993
42658	66520
42658	66521
42658	66522
42658	66523
51992	13563
51992	42658
51992	51993
51992	66523
51993	13563
51993	42658
51993	51992
20064	1468
20064	13573
52000	13574
51999	13573
52016	13587
52028	13597
52028	23916
52028	52029
52029	13597
52029	23916
52029	52028
32497	13602
13605	16980
13605	21448
13617	16434
13622	29097
13628	25538
13628	25608
13628	52033
13631	34128
13633	52034
52041	26729
52044	52043
52044	52045
52045	48780
52045	52044
52056	43620
52058	13650
52060	13654
52061	13654
52061	14050
52062	68484
52063	13662
52071	13684
52075	13684
52087	13688
23317	59600
13692	11447
13692	52089
13692	52090
52091	13693
14627	13695
29911	43266
52106	68490
25365	13710
25365	39992
52111	13710
52111	30179
52111	55027
52114	13713
35754	49120
33709	25852
33709	46950
33709	64002
33709	64003
52133	53553
52133	61974
13741	52137
52137	14623
52137	15595
52137	21181
52137	53656
52137	68502
52137	68503
52137	68504
52137	68505
52137	68506
52138	13742
13748	29067
29067	13748
16527	40787
13758	52148
13759	13081
52149	27319
52158	13774
13778	714
13778	36993
13778	52161
13778	52162
52161	68509
52163	13784
52168	13793
52168	52171
13794	21533
13795	52173
52173	13795
13801	19218
52172	13803
52172	24237
52174	39198
52174	56965
52174	68511
52178	13804
13806	52181
52182	13810
52183	13813
13816	10095
13816	20247
13816	25684
13816	52185
13816	52186
13816	52187
52186	14550
52186	68517
36484	13819
36484	16525
36484	36483
36220	13823
36220	22106
13825	33320
13825	48476
13827	12071
13827	15959
13828	52190
52190	13828
52190	30803
32093	13829
32093	63405
32093	63406
23962	23956
23962	24205
52193	41060
52193	42157
52193	47314
52193	66142
52193	66145
52193	67562
52193	68518
13844	52198
13846	30502
30502	62786
13847	24571
13847	27026
13848	1887
13848	28607
13848	52199
52203	13855
52204	13857
52205	13858
52212	52210
52212	52211
52212	68520
52215	68520
13868	4584
13875	52217
13878	14405
13878	16569
13878	52218
52218	13878
13881	52223
52223	13881
13887	33533
13896	27236
13898	52230
13901	28442
28094	23321
28094	38871
28094	44875
28094	60156
28094	61923
28094	61924
52234	51672
52242	56009
52242	68524
13911	52248
36149	36147
13934	25668
52249	13939
37697	9295
37697	45813
47306	21827
47306	27255
47306	67559
47306	67560
47306	67561
20226	13945
20226	24146
15777	21404
15777	53834
15777	53835
15777	53836
15777	53837
52255	24543
52256	52261
52257	52258
52262	51694
52262	52264
52262	52265
52262	68530
52262	68531
52268	13949
13950	20240
13950	52270
13954	52271
52271	68532
13967	52278
13967	52279
52278	68534
52280	32801
52284	30128
52284	43833
52284	52285
52284	52286
52284	68536
13996	11749
52304	52303
28111	19961
28111	27346
28111	61930
28111	61931
28111	61932
36572	4861
14023	21413
21413	14023
21413	58335
21413	58336
14024	52323
52323	14024
14030	13908
52326	14033
52328	68550
14035	24483
14038	13865
14038	17507
14038	25038
14038	52329
52329	27360
52329	68551
52329	68552
14041	8145
14044	14376
14044	33561
52332	14052
14057	52335
14059	23573
14059	52336
14072	18996
14072	32131
14072	52342
14072	52343
14072	52344
52363	46827
14087	14081
14096	12416
42945	66583
52371	68558
52374	30659
52374	37882
52374	52371
52374	52377
52374	65294
52374	65295
52374	68558
52374	68559
52374	68560
52374	68561
52377	30659
52378	16368
52394	35056
52394	52395
52394	52397
52395	52394
52396	35056
52397	35056
52397	52394
52397	52396
43575	57871
14119	52412
52413	40155
52414	49314
52421	59302
21843	14935
21843	30613
52429	14125
52433	14126
52435	68566
14180	13277
14216	14159
14218	12977
14232	28213
14239	38423
14245	752
14248	754
52446	14250
52446	35624
14251	756
49900	34105
52449	52448
14257	29136
14257	30991
36207	14265
15994	14276
52458	14296
52461	14303
52468	14320
52468	52469
52469	14320
52470	14321
33783	14328
33783	64052
33783	64053
52474	14331
21245	14334
21245	49520
52479	14338
21523	14340
21523	14502
21523	28066
21523	37858
21523	37896
21523	44842
21523	46962
21523	58388
21523	58389
46962	14340
46962	52484
71505	14342
52499	14349
52501	14350
52506	14357
52506	52507
52507	14357
52507	52506
52508	14358
14360	17481
14360	42664
14360	52510
14360	52511
52513	14361
52514	14366
52515	14373
18795	14385
18795	24888
18795	37924
18795	48892
18795	56089
52529	14399
52531	14401
52531	36252
52531	68577
30400	14403
30400	38588
30400	52536
42462	6896
52536	14403
52536	30400
52536	38588
47284	58596
47284	67552
47284	67553
52538	14409
52538	47284
52538	58596
14416	44849
52542	14419
14420	8180
14420	14949
14420	18518
14420	47157
14420	52549
14420	52550
14425	52552
14427	11978
14427	20964
14427	39762
14427	52553
14427	52554
14427	52555
52554	27318
52555	14427
52555	20964
52559	22484
52562	52564
52564	52562
14435	24717
20683	20629
52572	20626
52572	20627
52572	20639
52572	20679
52572	66015
52574	20679
52574	52573
52574	52575
52574	52576
52574	57782
52575	52573
52575	52574
52575	52576
14442	9781
26072	61162
52583	14447
52585	14450
52585	52586
52586	14450
52586	52585
52587	14452
52588	14455
33796	4079
33796	53422
33796	64060
52590	68590
52593	53204
52593	68591
14461	52596
14472	52597
14472	52598
14472	52599
52598	14472
52598	68592
52598	68593
52598	68594
14481	52601
14481	52602
31290	14484
30715	14488
30715	43482
52605	54448
52619	14496
52620	14498
28523	14503
28524	14329
28524	14503
28524	20278
28524	25092
28524	28523
28524	49691
28524	62092
28524	62093
52622	14503
52623	14509
33013	14511
33014	14511
52626	14511
52627	14511
52634	63642
52634	68596
52652	14520
52652	14524
52653	14520
52654	14520
21139	21135
52625	14509
23079	35339
23079	41686
23079	52662
23079	59475
52665	21611
52666	58451
52682	14542
52683	14542
31414	50689
31414	59433
49356	35122
51637	33500
52687	68603
52690	56257
52690	60676
52699	14547
52699	18035
16381	34600
16381	54446
40104	37708
49446	68025
52806	47917
52806	52805
52806	52808
52824	52825
30818	37565
34094	17714
52850	14582
52855	14584
52867	49699
43308	14593
52869	58595
52875	14597
52877	14598
52878	49321
52878	52881
52878	68637
52883	52881
52885	35285
52885	46858
26712	20458
36621	64958
52874	67975
18283	55700
25397	52896
52896	25397
52896	52900
52896	68639
14618	31337
52910	14625
52921	18353
14640	6936
24920	60612
52925	68640
14647	2846
14652	16787
14652	52934
14652	52935
52936	14657
14663	52937
52937	14663
14666	52939
52939	14666
52939	22812
52941	14675
52942	14675
52944	14683
52946	35883
52946	48608
52948	47983
52948	68642
52948	68643
52952	14692
14697	52953
52953	14697
14703	21791
14703	42346
14703	52956
14703	52957
14703	52958
14703	52959
14703	52960
14703	52961
14703	52962
14703	52963
14703	52964
14703	52965
42346	6862
42346	14703
42346	52962
42346	52965
42346	62897
52956	68652
52961	14703
52963	14703
52965	14703
52965	42346
14706	38577
14706	51343
14706	52966
14706	52967
38577	14706
52966	14706
52967	14706
52970	14711
52970	35564
52970	68653
52970	68654
14715	44459
14715	52971
17544	15943
17544	52977
52977	17544
52978	51766
52978	58472
52979	68655
14746	10061
14761	20208
14761	21521
52994	14762
26819	53011
53011	26819
53013	24972
53014	14785
53015	14785
46039	10334
46039	20971
46039	29557
46039	42069
46039	67319
53021	68666
53022	68667
53025	68669
19554	14794
19554	29572
14802	71414
53030	14808
53030	68671
53030	68672
14819	35650
14832	14831
53048	68676
19249	14955
19249	44920
19249	48078
19249	56541
53049	68677
53053	14847
53054	14847
14853	11207
14853	23563
14853	53064
14853	53065
14856	53066
14859	44317
44317	14859
44317	66917
14861	28787
14871	53077
14871	53078
53078	14871
53090	14883
23610	35417
35417	4460
35417	23610
42542	37784
53111	14894
53114	50737
53125	30105
14903	53129
53129	14903
14911	47368
47368	14911
18499	14919
14922	37436
14922	53137
53141	51114
29543	14927
29543	28915
29543	62456
53143	14927
14929	5763
14932	21341
14934	20256
53145	14935
53146	14939
14942	16985
14942	53149
16985	14942
53159	14955
45491	38955
45491	45487
45491	45488
45492	38955
45492	45488
45492	45490
45492	45491
45492	45493
45492	67226
45493	38955
45493	45487
45493	45488
45493	45491
45493	45492
53165	41380
53166	68697
53173	14960
14983	14962
14983	14968
14983	53180
53176	35332
14964	53177
53178	14966
14973	14968
14969	14968
53182	14976
14979	14968
14980	14968
14990	797
53191	14991
53193	14992
14994	799
14995	799
14999	53198
15004	15373
15004	23254
15004	53200
15004	53201
15004	53202
15004	53203
15004	53204
53204	15004
53204	52593
53204	68703
15005	53205
15014	1983
15014	2014
15014	2017
15015	1983
15015	2014
15015	2017
15016	1983
15016	2014
15017	807
15018	807
39521	15024
26443	61326
50867	21857
53215	68705
15032	53218
53221	15036
15037	811
51399	15039
53224	15047
53224	23117
53226	15048
53086	15052
53241	15052
53242	15052
20681	20627
20681	20638
20681	20646
20681	20648
20681	20666
53246	20644
53246	20646
15059	816
15060	816
15061	816
31218	15067
53251	53250
53253	16443
53253	53251
53253	68713
53259	15083
53259	68716
16719	26441
53267	15097
53269	15101
15103	53274
53274	68717
53275	15105
53276	15105
53276	68718
53284	53285
53286	40846
53292	15128
53293	15131
53294	15132
53295	15135
53296	15136
15141	53302
53307	68721
53307	68722
53307	68723
53317	15159
53317	57299
34952	34934
15163	21019
15163	35497
15163	53328
15163	53329
15163	53330
15163	53331
53328	15163
53328	35497
53329	35497
53330	35497
53331	35497
24259	15171
47464	9764
47464	15171
53335	15174
53335	29640
15175	12103
53336	15187
24872	49423
53339	15190
53339	68733
53339	68734
46280	8908
46280	39696
46280	46279
46280	67352
53343	46280
53356	15196
53358	15199
53359	15201
19399	56304
40160	32793
40160	65898
48897	25647
53374	15222
53375	15222
53376	15223
21262	15203
21262	15230
21262	58227
53391	15238
53391	15243
53392	15238
53392	15243
19978	34815
53399	15242
53399	15269
53400	15243
29064	15244
53402	15249
53403	15249
53403	32990
53404	15251
30402	15255
30402	16971
30402	53411
53411	15255
53411	16971
53411	30402
42960	7098
53416	15259
43724	7452
43724	15265
53424	15266
35378	17788
35378	64628
35378	64629
26543	6579
26543	15275
26543	26542
26543	26547
15277	1807
15277	53432
53432	15277
53432	34451
53432	68739
53433	25624
53438	35359
53438	49835
53439	15325
53440	33759
15328	53445
15328	53446
53445	15328
53446	15328
53481	44437
53481	63741
53481	68747
53486	35567
53486	68749
53492	15372
53492	15374
15375	6872
15383	12971
15383	15381
15383	19145
15383	28417
15383	45159
15385	26175
15392	71507
25564	15397
53502	15397
53506	22666
53506	62472
53506	68750
53507	28872
18796	31568
18796	31569
18796	56090
18796	56091
25596	60935
44877	15411
53513	18928
53513	20169
53513	24768
53513	44872
53513	67061
53513	68751
53514	44874
53514	53518
53514	67063
53514	67064
53524	15419
15422	9864
15430	16349
15432	53527
53527	15432
15438	7106
15446	26356
53530	15450
53530	33152
53530	68754
15453	21270
15453	35107
35107	15453
35107	64523
15467	28147
15467	53540
53541	49258
15477	53542
53542	15477
53542	68755
53543	15480
15483	20077
15483	39342
15483	53545
53545	39342
15485	53546
15485	53547
15485	71494
53546	15485
53546	53547
53547	15485
53547	53546
15486	53548
53553	52133
53555	68757
53557	22780
53557	37225
15507	17672
15507	22391
15508	30598
38299	8493
53564	15513
53590	15531
53598	15541
53600	15544
31228	15546
15549	15927
15927	15549
15550	34430
15550	39308
15550	53602
34430	15550
53602	15550
22419	15555
22419	16929
18905	15557
53604	15559
15564	53610
15564	53611
15564	53612
15564	53613
15564	53614
36914	64987
15567	53616
53616	15567
15570	859
29391	62410
53620	50884
53628	52567
51794	18913
53632	15583
53632	68763
53634	15584
53634	68764
53635	15584
53636	15585
53641	15588
53641	15590
53656	15595
53656	52137
53657	20131
15601	36522
15601	36526
15601	53658
15606	864
24974	11382
24974	55777
24974	55781
26579	26028
26579	48289
53659	68768
53661	68771
53661	68772
53661	68773
53661	68774
53661	68775
53662	46475
53668	37805
53668	68777
53674	68778
53681	46571
53681	68780
53682	46572
15616	35932
15616	53685
15619	871
17322	15620
53687	24129
53688	15620
53688	17322
15641	7724
15641	15632
15641	15635
15641	15637
15641	18586
15641	53702
33386	15629
39733	15633
53701	19671
15636	41408
39806	15640
39806	65780
15649	15622
53704	15652
38076	44733
53718	34930
15663	53723
15670	15656
30371	16523
30371	20231
30371	54532
23259	15673
23260	15673
53749	15673
53750	15675
53752	15677
53752	68785
53752	68786
53755	28899
45216	8202
46965	11495
46965	67481
53767	15697
53767	68787
53778	15714
27476	8497
27476	9668
27476	61366
27476	61677
53782	68789
53783	54306
53783	68790
15729	29251
15734	5001
15734	23154
15734	36399
23154	5001
23154	15734
23154	36399
15735	53792
15740	884
53797	15742
53797	53798
53798	15742
53798	53797
53798	68792
53801	23323
53801	59604
53801	59605
53801	59606
53802	22740
53803	40339
15759	53812
53813	15762
53814	15763
53814	19814
53814	21017
53814	37237
53814	62757
53814	65546
53814	68795
53814	68796
53814	68797
53814	68798
53815	15764
53815	68799
53818	68800
53819	68801
53822	29435
35855	15767
15769	16604
15769	43398
15771	34350
15771	53825
15771	53826
15771	53827
15771	53828
15771	53829
15771	53830
15771	53831
53826	68802
53828	15771
53829	15771
53834	15777
53834	53835
53835	15777
53835	53834
15780	6436
15781	12470
15785	15783
15790	53845
53850	15792
53850	68804
53850	68805
15793	53851
15794	16115
35019	19132
35019	53858
53858	19132
21220	21216
53875	53874
53887	22908
53887	26442
53887	43594
53887	46858
53887	50914
53887	52125
53896	15839
18278	15841
18278	25131
53898	39670
53901	39189
53902	15845
53902	20131
15849	37551
53909	15851
15852	38808
15852	50049
15852	53913
15852	53914
15852	53915
53913	50049
53914	15852
15853	42328
53917	15859
15867	26996
26996	46363
26996	61516
26996	61517
26996	61518
15868	53925
15870	26760
53929	15877
34874	34869
34874	34870
34874	34871
34874	34872
15883	53939
53941	15888
53941	24843
15890	29454
15890	53943
15890	53944
15890	53945
15890	53946
29454	15890
29454	53943
29454	53944
29454	53945
29454	53946
29454	62435
53943	15890
53943	29454
53943	53944
53943	53945
53943	53946
53944	15890
53944	29454
53944	53945
53944	53946
53945	15890
53945	29454
53945	53943
53945	53944
53945	53946
53946	15890
53946	29454
53946	53944
53946	53945
15895	36544
30524	32586
15898	53949
15898	53950
53949	15898
53950	15898
51762	13270
51762	15903
41828	15906
15907	53959
53952	15910
53954	66492
53955	68828
53955	68829
29558	3042
29558	15922
53963	53964
33996	16036
33996	55358
42546	66507
53860	23671
53860	23986
53992	24060
54001	49292
54010	61357
54010	64677
15951	16861
15951	54014
54015	15953
54015	68837
54016	15953
15961	32034
15962	7325
25328	15977
15991	54030
15996	27049
43256	16015
54041	16015
54041	43256
16016	21958
16016	54042
54042	16016
16017	54043
16021	28142
16021	28713
16022	14249
26899	10978
26899	16025
26899	21536
26899	28592
49091	16026
54046	16026
54047	16026
16031	9373
16031	11958
16031	34083
53488	53489
53489	53488
54066	54064
54066	54065
54066	55732
54067	16036
54072	21020
54076	16049
54077	68840
54077	68841
54077	68842
54077	68843
54077	68844
52753	52012
52753	68612
52753	68613
52753	68614
54085	68845
16054	54088
16054	54089
54089	16054
16085	54099
54099	16085
54101	16102
39203	16108
54114	54113
54115	16119
54115	37934
54115	68847
54116	16121
54122	54126
54122	54128
54122	54130
54122	54131
54122	54133
54126	54122
54126	54125
16131	54144
54147	16138
54150	16141
54150	31933
54150	34229
54150	64239
16144	28312
16144	54153
29966	62587
54155	68852
54155	68853
54155	68854
54155	68855
54155	68856
54157	16149
16159	32156
32156	63425
16160	54159
54159	16160
54165	16173
16177	1782
16182	25270
16183	25266
16183	25989
16183	26586
16183	54169
16183	54170
16183	54171
54171	16183
54171	68861
16185	31613
16190	7576
16190	54177
34031	32227
54186	68863
54188	54185
54201	16213
54202	16213
54203	16213
54205	16216
54206	16217
16229	25404
16229	54213
54218	16234
54228	31471
54232	68867
54245	20429
54247	68871
54249	43401
54249	61979
54249	68872
54249	68873
54262	31984
54275	68874
54282	19678
54320	29271
54320	68881
54321	33086
54321	37113
54321	63776
16255	21847
16256	18975
16256	34941
54326	44603
54326	66957
54326	66958
54326	66959
45685	37324
16261	33854
45230	16262
54329	16262
54331	16266
54331	26817
54331	37650
54331	38787
54332	26817
54332	61478
54337	16282
54338	16283
54338	54339
54342	16289
47716	56710
16297	16288
54361	44500
16687	3450
16687	3460
16687	12724
16687	16316
16687	20381
16687	31184
54366	16316
54370	16323
54370	68894
54372	16326
16327	14399
16333	1792
16333	54376
16336	9964
16336	16124
16345	1834
16346	28506
16346	42773
16353	30417
30417	16353
16365	8228
16365	9723
53484	21096
53484	54413
54416	16372
54416	22547
54417	16372
16373	54419
54419	16373
30390	16374
30390	28431
54427	54435
54428	20380
54428	47714
54428	54434
54428	68901
54428	68902
54434	54435
54435	54430
54435	54434
34600	14046
34600	16381
34600	22984
37879	65289
46847	18852
54450	16384
54456	27570
54456	68904
54458	16389
54459	16391
54460	16395
54461	16395
54461	48757
54461	68906
39441	54590
16405	35576
54473	16414
19449	28465
19449	34823
19449	44205
19449	54486
19449	56749
52202	13852
54483	54484
54484	41448
54484	54483
54485	40555
54485	40557
54485	40560
54485	63036
54486	19449
54486	22010
54486	28465
54486	41061
16425	54489
54489	16425
16428	15063
16428	24980
16428	34367
16443	15329
16443	32110
16443	44441
16443	53253
16443	54490
16443	54491
54491	16443
16444	16646
16451	24888
16456	2569
16477	16470
16479	54501
16490	13397
54507	16492
54513	16495
16497	23486
54517	16505
54522	36265
54522	68911
16507	12558
16507	54523
16516	54526
16516	54527
54526	54527
54527	16516
54527	54526
54527	68914
16517	31064
31064	12243
31064	16517
31064	43123
31064	63004
54530	42480
16519	54531
54532	16523
54532	20231
54532	30371
54533	16523
54533	68915
40787	16527
40787	66072
16529	54536
16529	54537
16529	54538
16529	54539
54536	16529
54537	16529
54537	54538
54538	16529
54539	16529
16532	44267
16546	23422
54554	22569
54554	47018
54554	59151
54554	59152
54554	67490
54554	67491
54554	67492
54554	68922
54554	68923
16555	54555
16558	54556
16576	19578
16578	16799
16582	16605
16585	54570
54570	16585
54582	16593
54582	35923
54584	49455
16597	11697
16597	54590
54597	16600
54597	42125
16602	16600
29062	9877
29062	16611
29062	25368
29062	62298
16617	37176
16632	37046
54609	16634
54610	16642
54610	68931
40688	66040
54613	19815
54623	20595
54623	31618
35242	35243
35243	35242
54626	27060
54626	27070
44498	7814
44498	66942
54628	30416
54628	62727
54634	16661
16664	54637
54637	16664
16667	54638
16667	54639
54638	16667
54638	24726
54638	55251
54638	68934
54638	68935
42411	16684
16695	13451
16695	54644
16695	54645
54645	16695
54645	28959
54646	16700
54652	68937
54655	21446
16715	11962
54663	16717
54665	68938
54673	19707
16726	54675
16726	54676
54675	16726
54675	54676
54676	16726
54656	54678
54656	68941
54656	68942
54678	54656
16728	54682
54682	16728
54682	46467
54684	68949
54684	68950
54684	68951
22106	36220
22106	47284
22106	58822
54689	22792
16732	30287
30495	62783
30495	62784
54690	16733
16734	54352
16734	54691
54352	16734
54352	54691
16735	54692
54692	68952
16736	13942
16736	54693
54693	16736
54693	23552
54693	68954
16740	16741
16744	54696
16749	4686
16749	16748
16754	8824
16759	27954
16762	9049
16762	21531
16762	54700
21531	58400
16769	54703
16772	54705
54705	16772
16775	12528
29092	54708
54707	16787
54708	37729
18289	16795
54711	16795
54714	16809
54714	20723
54716	16809
54716	54717
54717	16809
54717	54715
54717	54716
38884	65524
54724	16813
16821	10178
16821	16818
54730	16830
54746	54945
16847	49993
54749	30377
54752	37496
47317	16856
47317	33307
47317	67563
16857	24378
16857	31491
31491	16857
54764	44155
54765	51873
54765	54762
54767	65506
20980	16864
20980	28090
20980	42418
20980	54775
28090	16864
28090	20980
28090	27429
28090	54774
28090	54775
42418	20980
54773	54775
54775	16864
54775	28090
54777	16865
54777	20538
54777	38460
21339	16867
21339	58302
21339	58303
54779	16868
54784	16870
54785	16870
54786	16870
54786	43788
16875	23186
16875	26690
49301	16878
49301	26580
49301	33851
54799	64141
54799	68969
54800	30377
45078	16896
45078	41224
45078	67128
32445	20982
32445	54813
54821	25860
16903	12434
16908	5531
54838	33069
16916	18308
54840	37722
16925	54842
54842	68977
71462	16934
54854	36240
54862	68980
54863	68981
54863	68982
54865	54867
54865	65909
54867	54865
54871	16941
47914	57176
54878	16948
54878	19379
54878	31814
54878	68985
54886	54884
54886	54885
54890	16958
54891	16958
54891	68986
54891	68987
24364	17159
24364	24901
54904	16967
54905	68988
16970	16938
16970	54906
54906	16970
16976	7335
16976	54908
16981	1927
54914	16991
54917	16996
37491	16999
37491	28963
17004	13071
17006	28255
17006	54926
17006	54927
28255	61974
54926	17006
54929	17008
54929	54930
54930	17008
54930	54929
54933	21242
54933	68991
54937	39944
54937	54934
54937	54940
17010	54941
54941	17010
54941	68992
17015	12205
17020	54957
17023	24804
17024	54959
17024	54960
54959	17024
54967	17030
17032	17689
54970	17039
54973	17044
31285	17045
31285	61974
54979	69000
54980	17055
17060	17062
17060	17063
17063	17060
17063	17062
17061	17066
17066	17061
40378	17062
17064	17062
54993	20581
54993	25990
54996	69001
17114	55002
17125	55006
55006	17125
55007	69003
17135	55010
17135	55011
17134	55009
55010	17135
55010	55011
55011	17135
55011	24901
55011	42443
55011	44576
55011	46382
55011	55010
55011	58383
17140	1047
17144	1051
17160	1064
17161	1064
17161	17160
25364	35532
25364	35537
25364	35538
25364	38773
25364	39992
25364	55023
25364	55024
55023	25364
53361	15204
55031	30790
55031	53361
55031	69004
55034	55033
55039	17172
17182	55042
17182	55043
17186	40557
40557	6119
40557	31165
40557	40555
40557	40560
40557	40561
40557	54485
40557	55881
40557	63036
40557	66008
40557	66009
55046	17194
55046	22296
55046	53774
55046	69005
55047	17194
55048	20949
17204	1078
55050	17207
55051	17211
55051	29284
55051	55052
55052	17211
55052	27834
55052	55051
17216	55055
55055	17216
48373	17226
55060	17226
52026	13591
17233	1088
17234	1091
55067	17235
55068	17236
55069	37589
55069	69009
17241	16677
55087	17244
55092	17249
55093	34420
55093	36997
55093	56215
55093	69012
32653	28385
32653	33307
55107	30279
55107	32495
22949	17265
22949	18531
22949	26674
17268	55111
55111	17268
41242	17264
41242	22013
55112	69014
17275	19720
17276	34091
17276	55114
55115	47810
55115	67680
55115	69016
55115	69017
55115	69018
55115	69019
17284	23709
17284	55117
17284	55118
55118	17284
17290	22523
17290	55121
17291	27950
55123	17303
17308	1118
17316	55124
17320	11364
53360	15201
17333	1090
55126	17335
17336	11849
26262	45274
17338	1134
17338	10196
17338	10691
17340	1137
55128	17342
17343	4998
17343	25166
17345	55129
17345	55130
17355	1146
17356	1146
17363	29954
17376	1151
17377	1151
55134	17378
17383	55136
17383	55137
55136	17383
55136	55137
55137	17383
55137	55136
55138	17384
55139	17395
55140	17400
55140	55144
55142	17400
55146	17401
55147	17401
55147	50531
54574	16586
54574	17402
54574	68926
17403	55156
17403	55157
55156	17403
55156	55157
55157	17403
55157	69021
55157	69022
17404	11023
17404	55158
55158	49505
17405	9682
55162	17412
17413	55163
55171	69024
55178	17431
55178	69026
55178	69027
55178	69028
55178	69029
55178	69030
17436	33381
17436	55181
55181	33476
17445	12339
17448	34873
17450	55184
17456	24465
17456	55194
25363	17457
55195	17465
55196	17465
17472	8014
17473	5515
17473	28936
17473	55199
55199	17473
17478	26262
52512	14360
52512	17481
52512	52510
55201	66393
17485	55203
17489	9359
17489	55211
55213	17499
55213	17905
55213	40255
55219	17513
17514	50529
50529	12342
17520	55221
17520	55222
55221	55222
55222	17520
55222	55221
55223	17521
55225	17521
55226	17533
55228	17535
55233	17541
51877	23612
51877	31712
17549	21933
17549	35270
17549	39396
17550	55234
55234	17550
17551	55235
17553	55236
17555	23496
17566	55250
55263	17582
55264	17582
17591	31493
17591	41991
41991	17591
41991	30273
41991	31493
17592	2689
17593	55268
55269	17594
17595	23600
17596	16544
17596	28943
28943	7824
17600	16612
17600	17603
17600	18779
17600	27699
55274	17608
55274	69052
55274	69053
55276	32896
55276	32923
55276	63700
55276	69054
55280	17619
55283	17630
55293	17646
55307	17653
55313	17658
55314	17659
55316	17666
55318	17669
23252	8237
23252	17402
23252	17670
23252	25530
55320	17672
55321	17673
52737	32378
52772	50689
52772	63172
52772	63173
55341	17705
17710	26578
17711	55343
17713	27406
45328	8290
45328	23665
17724	32393
17724	32397
17725	17723
17725	20029
17725	31573
17725	32397
17725	32404
20029	31573
20029	32397
32404	31573
17731	55356
17731	55357
55356	37803
55353	17746
17753	1195
17755	51387
17760	1202
17769	4011
17769	26761
17769	27195
17769	33520
17769	55371
17774	2967
17774	47867
55372	17778
55372	69062
17779	29721
17781	55373
55373	62528
52841	48025
17795	17785
55377	17786
17788	31422
17788	35378
31422	17788
55382	69063
55404	17792
55404	69064
55408	31606
55408	55409
55409	24137
55409	55408
55409	61562
55409	69066
55411	20369
21701	12916
21701	28195
21701	33741
21701	34130
21701	50209
55412	21417
55413	24207
55414	17819
55415	17819
55416	17827
55417	17832
55418	17834
50378	12180
53708	15652
53708	17846
53394	15238
53394	17855
17862	17840
17872	17871
55439	32274
17875	1220
55443	17889
55444	17889
55444	69067
55445	17889
55446	17889
55446	69069
55447	55803
17895	7464
17896	55448
55448	25676
17897	55449
42747	27314
55455	17903
55456	17905
55467	17909
55469	17910
55469	69073
17918	35512
55493	19678
55493	21799
55493	58648
55493	69074
55494	40016
55495	43476
55495	69075
51752	25929
45041	67096
17967	55518
17967	55519
17969	14260
17969	17912
17969	55520
55520	17969
55522	17984
55523	17984
55529	17997
55530	18000
55535	69080
55540	55541
55541	55540
20242	18011
20242	55543
36238	18015
36238	36724
55549	18020
55552	18029
55552	69081
55552	69082
55553	18032
55555	58538
55558	18050
49655	45954
55562	18053
55565	18054
55571	18069
18078	27268
18078	51165
55573	18083
55573	69088
55573	69089
55573	69090
55574	18085
40154	18089
18090	55578
18090	55579
55578	18090
18093	28636
55583	18098
55587	18107
55588	55590
55588	55591
55588	69093
55590	55588
55590	69093
55591	55588
55591	55590
18114	30890
18114	35697
18120	8501
28207	48459
32576	22829
32576	31637
32576	34203
51501	13003
36359	23419
55597	18127
55599	18130
18132	20971
18132	20976
18132	55603
18132	55604
20976	20971
20976	20977
40045	18139
40045	38826
40045	65864
40045	65865
55605	18139
18146	55606
55606	18146
55606	41788
55608	69096
55608	69097
37764	18152
37764	33315
37764	65265
55612	18152
55612	69100
55612	69101
55612	69102
55612	69103
55612	69104
18162	27566
18167	8678
18169	40356
18169	55619
18169	55620
55619	18169
55619	40356
55622	45867
55622	55623
55622	55625
55622	67286
55623	45867
55623	55622
55623	55625
55623	67286
55626	18173
55626	25480
55626	34719
18176	55631
18180	55633
55633	18180
55634	55635
55640	20379
55640	69108
18190	18191
18190	55642
18193	18191
18197	1260
18201	7017
18201	55643
55643	18201
55645	18202
18215	55650
39848	55654
55653	39848
55653	55654
55655	39848
55655	55654
55656	39848
55656	55654
18221	33069
18226	7188
18228	55668
18239	8497
18240	9878
51818	13338
51818	18250
51818	45161
51818	68443
18258	31301
18258	55675
46114	21898
55677	55678
55678	55677
18265	20058
18265	28407
18265	42893
18265	55683
55683	18265
55683	28407
18271	55688
18271	55689
55689	18271
33746	18276
33746	43197
48464	19871
55692	33109
55692	48458
25131	34129
55699	18281
18282	21413
18285	55701
55701	18285
55704	18290
55710	18302
55722	18328
55725	18330
18334	1281
42049	18345
20791	55749
20791	57927
20791	57928
55743	69127
55749	20791
55757	18348
18837	18836
55759	32895
21840	18358
21840	58688
21840	58689
18353	52921
55767	18354
55767	19925
55767	55768
55767	55769
55768	18354
55768	20278
55768	55767
55768	55769
55768	55770
55770	19925
55770	20278
55770	55768
55771	18357
32923	55276
32923	55774
32923	55775
32923	55781
55774	24974
55774	32894
55774	32923
55774	55777
55774	55781
55775	55777
55777	55276
55778	55780
55779	69130
55785	18362
55785	37916
55785	55789
55785	69131
55785	69132
55785	69133
55785	69134
55787	18362
55791	18364
55795	18366
55796	67563
55799	19024
55799	41076
27929	55804
33757	45095
33757	45944
55802	22331
55802	55803
55802	69135
33839	6243
33839	12962
18381	18378
18381	18379
18381	28564
18384	1291
55808	18387
55808	36625
55809	18387
18389	1298
55811	18396
55811	69136
55811	69137
55812	18396
55813	18396
55816	18397
55816	38709
55816	47089
55816	55817
55816	55818
55816	55819
55817	18397
55817	38709
55817	47089
55817	55816
55817	55818
55817	55819
55818	18397
55818	38709
55818	47089
55818	55816
55818	55817
55818	55819
55819	18397
55819	38709
55819	47089
55819	55816
55819	55817
55819	55818
55828	18423
55831	18424
55834	69140
55845	18484
18498	3590
18498	18497
18498	27696
30382	18510
30382	22631
18519	41541
18519	55863
18520	55864
55864	18520
18522	14525
18522	22825
18525	28867
18525	47413
18525	55865
55870	18538
55871	18540
36078	18541
55875	18541
55879	40553
41367	18545
41367	66206
41367	71535
26227	3213
26227	18546
18559	18554
18559	42945
18559	51728
18558	42945
18560	1311
18561	1311
18562	1311
18567	25311
18572	55894
55897	55898
18581	28550
18581	55903
55903	18581
55914	24282
55920	18589
18597	18598
18598	18597
18598	21295
18604	16889
18604	38211
18604	55931
18607	55932
55932	18607
18611	55934
18612	26760
18612	55935
55937	31596
18617	55939
55939	18617
18624	38928
18626	9295
18626	33607
18626	33611
34615	18627
34615	55942
18648	55947
55950	53970
55956	18661
55957	18661
55959	18661
18666	12736
18666	22262
18666	44407
18666	51027
51027	12736
51027	44407
18669	18658
18672	1328
18672	8623
55964	18673
28818	18676
56010	18680
56011	18680
55970	18683
55971	18683
55972	18683
55973	18683
18684	5460
18685	55974
23169	31557
18688	55978
55990	69153
55991	69154
56002	69156
18698	26645
56018	18699
18700	56019
24860	54671
24860	58457
24860	60578
24860	60579
18719	56027
18719	56028
24304	18722
24304	24305
18723	56030
18730	1363
56031	18735
56048	38004
56051	18750
56051	69160
56054	18755
56054	61533
56055	18755
56056	18755
56059	18763
46889	18768
56063	18768
56064	18769
56064	22501
56064	31526
18771	7011
18772	50720
18772	56065
24704	18775
24704	57515
24704	60499
31568	13153
31568	18796
31568	30411
56090	18796
56091	18796
56097	18813
54742	18829
35610	64702
56108	18836
18839	18836
18840	18836
18843	18836
18844	1383
56112	18853
18859	25615
18859	45009
18859	56117
18859	56118
18861	21323
56121	18862
56121	40623
18869	22408
18869	56127
56127	19626
18870	41408
18870	56128
53494	15376
18882	42382
18882	56132
18884	56134
56134	18884
56134	25991
56134	33018
56135	50181
56136	28442
56136	28447
56136	64182
18891	9373
18891	56145
18892	23771
18892	56146
56159	18911
56159	37882
56159	69181
56159	69182
18914	24544
18914	56165
32129	63417
34603	16368
34603	36021
56168	22699
56188	18921
47902	67707
56196	18930
56197	18931
56211	18942
56211	69202
56211	69203
56223	62446
56291	18976
56291	28113
18984	56294
18984	56295
18984	56296
18984	56297
56294	18984
56294	56296
56294	56297
56295	18984
56295	56294
56296	18984
56297	18984
49299	18211
56303	28484
56310	69210
56312	56314
56314	56312
18999	12975
18999	56321
18999	56322
19009	24356
24356	12733
24356	19009
24356	60281
56332	19013
56333	19015
19022	56337
19022	56338
56337	19022
19027	6964
19027	56341
19027	56342
56359	19043
20609	19045
20609	20370
20609	57582
19046	4727
54510	16492
54510	19052
54510	42263
56361	19052
56364	19054
56366	19055
56367	19055
56367	56369
56369	19055
56369	56367
56369	69214
56369	69215
56371	69216
56377	19066
19068	19059
19068	23355
19068	41733
19068	56379
19073	56381
56381	19073
19076	21269
19076	37386
19086	7344
19086	12502
19086	44455
19090	50509
19091	9721
56398	19102
19110	49993
56436	19117
56443	69219
21762	48265
56452	21762
56452	69221
56454	33308
56454	33311
56454	35775
19148	15498
19148	23974
19148	35003
19150	19151
19151	19150
34139	56462
56462	34139
56462	56463
56463	34139
56463	56462
19158	29518
19158	56471
56471	19158
19164	23763
19164	56480
56480	19164
56480	22506
56480	23763
56480	27997
56480	59886
56480	59887
19168	56481
56481	69227
47756	10152
47756	47751
47756	47752
19173	20087
19173	28999
19173	32902
19178	56483
56328	19011
56499	19207
56500	19215
56505	22170
56505	58859
25856	61044
20349	40820
20349	57554
19230	18460
19230	25884
19230	44169
19230	56521
19230	56522
19230	56523
19230	56524
19234	40061
19238	40331
19238	56533
56533	19238
28225	19239
28225	26200
28225	56537
51144	19245
19254	1416
56543	19258
56549	19265
19272	56554
56554	19272
32740	40329
56557	25977
56559	19288
28081	28082
19292	1425
19293	1425
56569	69247
56577	19317
56578	19317
56578	24830
56578	62141
56578	69249
56578	69250
21492	58369
56583	69252
21328	58290
21328	58291
21328	58292
56585	53938
56586	33044
53740	20759
53740	43596
36984	56608
56634	19339
56637	56636
56639	19349
19352	23890
19353	43618
19356	40887
19356	56644
19362	38007
19362	56660
56660	19362
19364	56665
19365	56666
56667	38107
56667	56669
56674	19367
56678	69259
56683	69260
56685	19369
56687	25462
56688	69263
56696	19380
56697	19381
54747	19384
32074	32062
32074	32087
32074	32089
32074	32094
32074	42890
35689	57176
56709	42899
19392	34923
56717	19401
41893	19404
41893	26525
42591	19404
44741	66993
56733	69265
56733	69266
56736	69267
34131	16546
34131	54552
34131	56739
34131	64176
34131	64177
34131	64178
49213	32347
56739	34131
56742	19432
19436	32526
56748	19448
34823	28369
34823	64431
34823	64432
34823	64433
56749	19449
19450	31769
19450	55877
19450	56750
55877	18541
19451	31373
56752	36430
19460	20246
56755	19465
56755	69271
56756	19469
56757	19469
19478	18466
19478	20251
19478	56774
19478	56775
19487	19468
19487	19488
19488	19468
19488	19487
19490	28709
56781	19496
56781	69273
19497	19498
19497	56782
56784	19499
56784	56785
56786	19501
56789	19505
27885	61396
27885	71461
19511	56793
56794	19513
34602	35462
34602	64368
50796	24847
50796	41348
50796	66111
56803	19520
19538	23415
19538	46319
19546	28909
19546	39644
56820	51180
56823	19551
56823	24877
19552	56824
31478	10482
31478	19555
31478	20131
31478	31627
31478	56826
31478	56828
56826	19555
56826	31478
19556	7979
19556	17826
19556	33781
19556	47475
19556	56831
19556	56832
56831	52167
56832	19626
19559	56833
56833	67512
19560	16714
19560	56834
19568	5379
19568	38070
19568	56843
19570	32387
19570	35752
19570	56845
19571	56846
19572	56847
56848	19578
19579	36118
19580	38581
19580	53574
19580	54122
19580	54133
19580	56851
54133	19580
54133	54122
56851	19580
35843	5324
35843	64763
19589	8908
19589	46279
19589	46280
19589	56856
19590	14531
56860	19596
56861	19596
19601	56866
56866	19601
56866	69288
56873	57140
56877	19612
19620	22976
19620	22977
19620	23537
19620	48897
19621	8365
19625	56880
56881	69296
56881	69297
56882	69299
19638	23925
19648	8223
19648	54651
19648	56891
19656	32839
32839	19656
32839	32837
32839	63680
41843	21673
56902	28748
56902	69300
56927	19667
56929	19669
56929	20857
56929	69303
56931	56933
40467	6065
56944	19682
56945	19689
56946	19689
56946	56948
55251	54638
56955	19694
56961	19699
56962	19699
56962	56963
56966	19701
56966	69309
56979	69312
56979	69313
56980	20648
56980	20654
56982	69315
56985	46960
56986	69316
35138	19192
35138	19714
35138	22660
35138	56988
19728	56996
19728	56997
19728	56998
56996	69321
56999	19729
57001	25850
57004	60046
25743	17271
25743	60995
20555	2188
20555	19872
57023	19751
57023	34275
57030	19757
19762	57038
57038	19762
19773	57048
19776	12358
19776	57051
54096	16073
54096	19783
57055	19783
57056	19783
57057	19783
19784	57058
57059	19785
19788	24189
53526	15429
53526	24568
53526	68753
57065	57071
57065	65886
57065	69328
57065	69329
19793	14794
19793	19554
19794	36291
19797	15049
24265	19798
24265	22592
57080	57081
57081	57080
23312	26580
23312	33851
23312	42059
23312	45920
23312	49299
25954	61100
57098	51158
35361	19811
57103	57104
57104	23348
57104	57103
19839	57116
57118	19846
19851	26416
54789	16875
27254	27251
40147	5976
57137	37552
57137	41228
57139	19863
57140	32697
57140	56873
57140	57141
57140	57143
57140	57145
57140	57146
57140	57149
57140	57150
57140	69350
57140	69351
57141	32697
57141	57140
57141	57146
57142	57140
57142	57143
57142	57146
57143	32697
57143	57140
57145	32697
57145	57140
57145	69352
57146	32697
57146	57140
57146	57141
57152	28636
57152	69355
57156	19871
57158	19871
57163	67982
53449	15340
57169	19883
57173	68298
31439	41906
57176	45686
57176	51523
52084	19900
31808	19907
31808	63302
57186	19907
57187	19909
57192	19916
57193	19916
57194	19916
19924	19922
19924	57199
57200	19925
19926	19922
19928	19922
22192	22183
22192	22191
22192	43414
46922	19937
57217	57220
57217	57872
57217	69366
19943	57225
19943	57226
57229	19950
57229	69367
57230	32580
57235	40362
19975	57241
19975	57242
30503	62789
57252	19996
47926	19005
47926	67716
20023	57259
20028	20024
33669	20024
20025	41308
57263	20026
57263	38165
57266	69372
42746	66540
20034	13142
20034	33059
20034	39781
20041	1464
20054	20047
55869	18531
20050	20047
57277	20047
57280	51195
57281	20062
57282	20062
50977	12679
50977	41544
20069	35221
57297	20083
57297	28297
20085	57299
57302	69377
32308	24341
57305	42058
28421	26473
28421	62044
20092	28084
28084	19351
28084	20092
28084	54229
20095	20080
20095	57315
57315	20095
57318	20106
20110	57320
57322	20115
20118	11654
20118	31432
20118	57323
20118	57324
20118	57325
20118	57326
57324	20118
57325	69381
21751	34114
21751	57339
21751	57341
30828	34114
57330	21751
57330	57339
57330	57341
57331	57340
57339	21751
57341	21751
57341	57330
57341	69384
57341	69385
57350	20130
57350	20519
57350	57352
57350	69386
57352	20130
57352	20519
57352	57350
40757	20140
57367	20147
57368	20147
57368	57367
57371	20149
20150	26656
20164	12204
42320	11709
42320	15086
42320	59472
42320	66458
57378	20166
20167	34671
20167	57379
20167	57380
57379	20167
57380	20167
57380	22972
57380	69390
20169	15203
20169	21262
57382	20739
20172	13373
57384	20180
20183	19858
20183	34247
57403	69393
57403	69394
57403	69395
57403	69396
57404	56707
57422	20201
57423	20201
57424	20202
57424	20206
45705	20203
36460	20208
36460	32249
22280	53675
50322	12068
50322	68169
53676	20665
53676	22277
57434	64398
57434	64686
57434	69398
57434	69399
20216	1482
20217	1482
20218	1482
20220	24950
20220	57446
57451	25537
57451	41760
57451	69400
20225	57454
57454	20225
57455	20231
57455	69402
55543	18011
57460	20252
57464	20256
57465	20258
57465	38629
20271	32846
20271	56481
57477	20275
57478	20275
57479	20275
57482	22358
57482	44173
57482	64045
57482	69404
57493	20288
57497	20293
57499	20296
57503	20296
57504	20296
57506	20297
57507	20297
57508	20298
57508	57509
57508	69405
57509	20298
57509	57508
57510	20298
57510	49275
57514	32905
57519	20303
57519	69407
57543	49396
52464	14311
52464	20331
52464	20336
57548	20338
20343	57549
20343	57550
20343	57551
20345	20335
20345	55428
20572	24584
57554	20349
20352	47229
20352	57555
20352	57556
20352	57557
20352	57558
57562	20353
23639	23924
23639	45348
23639	59802
20356	34228
20356	46879
20356	57563
20356	57564
20356	57565
57564	34228
57564	64236
57565	20356
57565	34228
27859	27853
57569	20362
57570	20362
20370	57582
30398	20373
30398	50481
57592	20381
57593	20388
52116	13719
52116	20399
34229	20412
34229	54150
34229	64239
34229	64240
57607	20412
57612	20414
57615	20416
57631	20431
49556	11468
49556	68038
57635	20437
28889	62232
57640	26378
20448	48738
44768	66999
20454	57645
57650	20466
57651	20466
57651	57650
20485	12396
20485	14301
57668	69421
57683	57682
57685	33094
57692	20516
57692	22539
57692	25049
57695	69425
57695	69426
57695	69427
57695	69428
20520	57697
57697	47956
57700	20529
57191	19915
57718	20549
57721	20547
57721	22498
57721	69422
57721	69431
20550	57726
24183	24177
57739	57737
57744	41223
57749	20573
57753	37368
20596	18450
57759	20597
57759	57760
57760	20597
57760	57759
20608	20376
20619	38396
33355	32763
57790	20627
57782	69435
56198	18931
56198	20645
57799	20646
20679	52572
32513	63588
57804	20650
57810	20655
57812	20669
20677	57819
20677	57820
20677	57821
20682	57822
57825	20684
24564	20689
57828	20689
54334	16276
54334	20694
54334	54333
54334	57829
54334	57831
57831	20694
57831	44858
57831	54333
57831	54334
57831	57829
57831	68886
57833	20695
29828	20708
29828	25836
57846	43846
20715	20714
20718	20714
20718	20715
57852	38310
57853	20717
20719	39303
57854	69437
20730	5774
20730	10058
20730	12963
20730	44634
57862	54106
20746	3947
20746	33353
20746	39641
20746	44632
57864	20750
47101	9477
57871	43569
57871	43575
20781	26774
20781	43571
20781	57882
53742	20759
53742	33263
38484	18528
38484	34905
38484	45274
20763	19822
20763	57888
57907	20777
53126	20780
57911	20785
40134	57922
40134	57926
57924	31226
57924	34117
57924	35010
57924	63056
57927	20791
57932	20799
20811	20801
57935	20801
57936	20801
57937	20801
57943	20822
57947	20832
20835	29606
20835	57956
29606	3113
29606	20835
20838	57958
57958	20838
20863	8237
20863	15223
20863	20819
20864	11969
57961	24254
57961	69452
57961	69453
57961	69454
57961	69455
57966	67432
36962	20877
57977	20884
57981	20886
40765	20888
57982	20888
57984	36109
57984	62396
57989	20892
57990	20892
57992	69463
57995	57996
57995	69467
57996	57995
57996	69467
58007	20898
58007	25867
58007	58006
58007	69470
58010	20900
58012	20901
58012	49806
58012	58016
58012	58017
58012	68084
58012	68085
58013	20901
58014	20901
29106	20905
47584	20317
47584	20905
47584	67614
58019	20905
58020	20905
58021	20905
58022	29568
58022	62472
58022	69474
58022	69475
58022	69476
49409	11287
49409	20906
58028	20934
58028	58029
58029	20934
58029	58028
39647	49806
32417	3782
32417	20947
32417	63539
58045	20951
58047	22813
58049	20954
58050	20954
57097	20955
57097	37617
58054	45793
23740	22304
23740	23883
58055	20961
58057	20963
58057	51181
58057	69479
52557	14427
52557	20964
33911	20966
33911	64097
58060	20975
20969	20968
20969	20973
20969	40618
20969	58060
20969	58061
20969	58062
20974	20968
20974	20970
58067	20982
58067	69486
20983	21383
31402	20985
58071	20990
58072	20990
58072	58071
58082	21010
58083	21010
58096	21021
54608	16632
54608	21024
54608	68930
58098	21024
58099	21024
58100	21025
58108	21038
58109	30294
58117	21061
58127	21070
58127	41026
58128	69499
58131	21077
58131	58132
58136	21081
58139	32362
58139	37829
58139	63514
58139	63515
58139	63516
58139	63517
58139	63518
58139	63519
58139	63520
58140	21088
58140	69506
32802	6485
32802	23315
54858	54859
58171	23878
58175	21142
58175	33826
58175	33827
58175	64064
58175	64065
58175	67895
58176	25842
58179	26411
58180	21150
21158	14762
21168	14344
21168	26729
21168	58184
55453	17900
58187	21175
21177	28124
21179	27604
21179	27814
21179	38083
58193	69508
58196	21186
58198	21186
55627	18173
55627	25480
55627	34719
55627	55626
58200	25480
58200	55627
21206	13264
21206	22575
21206	30698
39630	41710
39630	46277
39630	49991
58213	21219
58213	46277
58213	67349
58214	46277
21232	1555
21233	1555
42659	21237
58218	21242
58221	21243
58222	69515
21248	14721
21255	18032
21255	55553
21260	49903
33624	21261
58228	58069
58229	69516
21265	31220
21265	58243
21265	58244
21265	58245
58243	21265
58243	31220
58243	31223
58245	21265
58245	31220
58245	31223
58245	58243
21266	15203
21266	58247
21267	28909
58251	21268
58254	21276
58255	21278
58263	21288
21297	12849
21297	50778
21297	51311
21297	51312
21297	58267
58267	69521
58267	69522
58267	69523
33044	21300
33044	33030
33044	56586
33044	58003
36403	21303
36403	64920
58271	21303
39642	21312
39642	39636
39642	54989
39642	54990
58281	21312
21331	7510
21331	28470
21331	58297
53521	15416
53521	21333
39177	24343
21345	1569
21345	34492
21345	50885
21345	58305
21346	1569
21346	58306
21348	1570
21349	1570
21350	1570
21351	1570
58310	69531
21364	12031
21364	19059
35444	64652
58315	56516
58316	69532
21371	21369
58322	21383
50693	34420
58328	21392
58331	21395
21397	58332
21397	58333
58333	60202
58333	69535
58333	69536
21408	15971
58336	21413
58337	21414
21415	57496
21430	58340
21430	58341
58340	21430
58340	58341
58341	21430
21433	58345
58345	21433
58348	21440
23666	52762
58349	21443
58351	21448
30974	44492
30974	62964
30974	62965
30974	62966
30974	62967
30974	62968
58353	58354
58353	69538
58355	35471
58358	21460
24960	1937
24960	60637
21472	21464
21467	13108
21467	25597
21467	28992
21470	58361
58361	21470
58365	21484
58366	21484
58368	21490
57955	21499
57955	58377
58377	21499
58377	57955
48981	11023
48981	21508
58380	21508
58380	58381
58386	21521
21524	7784
58395	21526
58396	58397
36334	21528
36334	64899
36334	64900
58399	21530
29381	21533
58406	21541
21583	21636
21583	27625
21583	58428
21583	58429
21583	58430
21548	1600
58412	21547
21555	58413
58413	21555
43328	7319
43328	32387
43328	35294
43328	40911
58418	21568
58418	30922
58421	21571
21575	29265
21575	43645
21575	58423
58428	21583
58429	21583
58430	21583
21584	21764
21584	22912
58433	21598
58434	21598
21599	21800
58441	58442
58442	58441
21612	8644
58457	21615
58457	24860
58457	41416
26460	21847
26460	37214
26460	47136
26460	49854
26460	56723
21617	7532
58461	21622
21629	25209
23104	59483
23104	59484
25953	14115
28298	23387
28316	33756
28317	28300
28317	61998
33981	13766
33981	64113
33981	64114
58474	69554
21644	58485
21652	25804
21652	26598
21652	40270
21652	58486
21652	58487
40270	21652
40270	26598
40270	58487
40270	61377
58486	26598
58487	21652
58487	25804
58487	26598
58487	40270
21658	12679
21661	34518
21662	46499
55801	19024
55801	55799
21669	36464
21669	58499
21671	58500
21671	58501
58502	21672
21676	58510
58510	21676
58527	40298
58528	21685
58532	21687
58533	21687
21690	58534
58534	21690
58541	21695
58541	69575
28195	21701
34130	21701
34130	33741
34130	50209
50209	21701
50209	29426
50209	34130
50209	68144
21702	58543
58543	21702
21712	10633
58554	21714
58555	21714
58556	21716
58557	21716
58559	21718
58560	21718
58562	21718
21725	58570
58570	56147
21729	7801
21729	15774
58576	21734
58580	21737
21746	30818
58594	21747
58594	22819
58595	21747
58595	52869
58595	69580
58596	21747
58596	47284
58596	52538
58596	58597
58596	67552
58596	67553
58596	69581
58596	69582
58597	21747
58597	58596
29603	21748
29603	62489
21753	23392
21753	58435
21753	58606
21753	58607
21753	58608
21753	58609
58435	21598
58435	21753
58435	58609
58606	21753
37807	26373
37807	34115
37807	65275
58619	69583
21772	58629
58630	21775
58628	21778
58635	21780
58637	21792
58649	21801
58659	21812
58659	32932
58660	21812
58660	32932
58661	21812
58661	32932
58662	21812
58663	21812
58664	21812
58665	21813
51389	48065
58668	48065
58674	21830
58689	21840
21841	27470
21841	34217
21841	37545
21841	45939
21841	58690
58691	21844
53938	15881
53938	21846
53938	68826
53938	68827
21848	23759
58696	21856
58697	21856
58697	22019
58697	59207
58699	21860
58699	69586
58699	69587
21862	47424
58701	21870
58702	21873
58703	21873
58704	21873
58705	21873
58706	21873
58707	21875
25756	21879
25756	58708
25756	61001
21905	21895
21926	58715
58716	21929
58717	21929
58723	21931
58726	21932
58728	21934
58729	21937
47044	33499
47044	47040
47044	53038
58730	56215
58734	33500
37265	26261
21948	38769
21948	58752
21949	58753
58757	21957
58758	21958
23197	21959
23197	24790
58762	21959
58763	21959
58763	58762
58768	21965
58768	21987
58769	21968
58774	21973
58774	35645
58776	21977
50398	21983
50398	42818
58789	21987
58770	21970
58770	21991
57178	19899
58807	22005
58809	22009
22022	31897
22022	58818
22022	58819
22022	58820
58819	69606
22028	51814
22035	8946
22035	22030
22035	22032
22036	7580
22036	22032
22040	8946
22040	22030
22040	22032
22058	8946
22058	22030
22058	22032
22063	8946
22063	22032
22063	22055
22076	8946
22076	22030
22076	22032
22078	8946
22078	22030
22078	22032
22087	8946
22087	22030
22087	22032
22088	8946
22088	22032
22093	8946
22093	22032
22095	22032
22096	8946
22096	22030
22096	22032
22097	22032
22107	58824
58824	22107
58825	22116
44713	22129
32825	22131
32825	24029
32825	30435
32825	32505
32825	39194
58840	22131
58840	32949
22132	18834
58841	37095
58850	22147
22153	58851
58851	22153
22157	5418
22157	20201
58854	22161
58855	22165
22166	58856
58857	69610
22168	22161
58868	58864
58869	22178
58870	22178
58873	22180
58874	22180
22196	58878
22219	58884
58884	22219
58888	69612
58888	69613
58888	69614
22237	58896
32983	22240
22243	25386
22243	27029
22243	45244
58902	22253
58903	22254
58903	25972
58908	22261
58908	58909
58908	58910
22270	7820
22270	12729
22272	1662
58920	22298
58920	58926
58921	22298
58921	58923
58921	58926
58922	22298
58922	58921
58922	58923
58922	58924
58922	58926
58923	22298
58923	58926
27681	61228
58928	22301
58938	44120
58939	22307
58939	58940
58940	22307
22308	7380
22308	11362
22308	58942
58942	69621
22328	22313
22328	22326
22324	41191
22324	58945
41191	58946
58945	41191
22325	22408
58947	22326
58948	22326
36595	64953
27136	30926
27136	35717
27136	39175
27136	61578
39179	35717
39179	36526
42548	41896
42548	66508
22388	22387
22392	1671
22395	8823
59010	22397
59016	22412
59017	22412
59018	22413
59019	22417
59020	22417
59020	35668
34108	22780
34108	23295
34108	64158
35173	59030
35173	64541
42539	66503
42539	66504
48561	56666
58755	21956
59030	35173
59030	64541
40021	22432
22435	59048
59051	22439
59052	22443
59053	22443
22454	22448
22454	22449
22458	59056
22459	27700
22459	37425
22459	38497
22459	59057
59057	40363
59059	22469
59059	69632
59061	33645
59061	34186
59069	22478
59069	24318
59070	22479
59070	59071
59071	22479
59071	59070
59072	22479
24424	1870
24424	24419
24424	24421
24424	24422
24424	24423
59075	22482
59075	69640
59075	69641
59084	22497
22498	7784
22498	10943
22498	57721
59087	22499
53108	22512
24624	43563
59092	24624
59104	59105
59105	22515
59105	59104
59105	60663
59111	22518
54375	22522
54375	59116
59116	22522
59129	60183
59129	60587
59129	69645
59139	69651
59146	22548
22553	59147
22567	59148
22567	59149
59148	22567
59150	22568
59151	22569
59151	47018
59151	54554
59151	59152
59151	67492
59152	22569
59152	47018
59152	54554
59152	59151
59152	67490
59152	67491
59152	67492
59152	68922
22585	59155
59155	22585
59159	22592
22596	59160
22597	10496
59161	22605
59161	69654
59163	22606
22607	22606
22607	24443
22607	59168
22607	59169
59168	49605
59170	22609
59173	40234
22614	59174
59176	22624
59176	38266
59176	59177
59176	59178
59176	59179
59177	22624
59177	38266
59177	59178
59177	59179
59178	22624
59178	38266
59178	59179
59179	22624
59179	38266
59179	59176
59179	59178
22629	59182
22629	59183
59182	22629
59182	59183
22630	59184
59185	22631
59185	59186
59186	22631
59186	59185
22635	20208
22636	22632
22638	19065
22638	31617
59189	22639
22645	59192
22648	24615
22657	4280
22657	45536
22659	26706
59197	22660
59207	22676
59207	26684
59209	22679
59209	69656
59211	22688
37069	65040
37787	23678
37787	37766
51636	37071
53093	28175
53093	68682
53093	68683
59242	22717
59243	44879
59243	67061
59248	22722
54444	22726
54444	29936
22744	23250
22744	59251
59260	22764
59260	69658
59260	69659
59260	69660
59260	69661
59260	69662
59260	69663
59260	69664
59269	22773
59273	22776
59282	22792
25122	22794
22827	33850
32127	22841
59304	22843
59305	22843
54650	16706
54650	22848
23346	22888
23346	59619
23346	59620
59337	22889
59343	22894
59344	22894
59345	22894
59346	22894
22902	27865
22902	29649
22903	10291
54464	22905
54464	25772
54464	59369
54464	68907
59369	22905
59380	22907
59384	22909
59384	49092
59392	69675
37132	26649
37132	51219
37132	59410
37132	59411
22957	19183
22957	59415
22959	59417
59423	22963
59433	31414
22996	22968
22999	59439
59452	23027
59452	23028
59452	42069
59452	69684
59452	69685
59459	23040
23041	1737
23042	33791
23049	59461
23061	50324
50324	12068
44661	7892
44661	23066
59467	23072
59471	38583
52662	35339
59475	23079
23082	59478
23082	59479
59479	23082
59479	69692
59479	69693
23097	59480
23101	4256
59483	23104
59484	23104
59484	69694
59489	23109
59489	59490
59490	23109
59490	59489
59491	23109
23111	33842
23111	40498
23111	59492
59492	23111
23112	27855
23112	59493
23112	59494
23112	59495
59493	23112
59493	69697
59494	23112
23119	22441
23122	30337
23126	15395
23126	23883
23126	59502
28274	23488
59509	23133
59509	42433
23138	23124
23141	11992
23157	12628
59516	23170
23175	59519
59519	23175
59520	23176
23190	30393
23190	59526
30393	62722
59526	57586
23199	34660
23199	54527
23205	24639
23212	59531
59534	40215
27708	23231
27708	59541
59541	27708
59542	26774
59544	38278
23244	59545
23245	12034
23245	18677
23248	59546
23248	59547
59546	23248
59546	59547
59547	23248
59547	59546
23249	59548
23249	59549
59548	23249
59549	23249
23265	23270
23265	59556
23265	59557
23265	59558
23270	37738
23270	59556
23270	59557
23270	59558
23270	59560
23270	59561
59558	39529
23268	59559
59560	23270
59560	59556
59560	59557
59561	23270
23290	59566
34426	33235
34426	33236
34426	38917
34426	51419
23295	30946
23295	46925
23295	59564
23295	59567
46925	59567
59564	23295
59564	34635
59564	46925
59564	52803
59564	59567
59564	69703
59567	59564
23297	16368
37739	65258
59578	30766
35715	23303
59582	48589
23305	5271
23305	19217
23305	44098
23305	46554
23305	59584
23305	59585
23305	59586
59588	23307
59589	23307
59598	23315
23316	30754
59602	23319
59602	42324
43249	23321
44930	8068
44930	23321
48386	23321
23323	53801
23323	59604
23323	59605
23323	59606
59604	23323
59604	53801
59604	59605
59604	59606
59605	23323
59605	53801
59605	59604
59605	59606
59606	23323
59606	53801
59606	59604
59606	59605
23331	31911
59610	51178
23338	10748
59621	23348
59622	23349
59624	23355
23357	30719
23357	59625
59625	23357
59625	30719
59625	69709
59625	69710
23375	19754
23378	44173
59629	23381
59634	23388
23391	29270
59637	23392
23395	39635
23396	59638
23396	59640
23396	59641
23408	28484
30777	23415
30777	62886
59647	23417
23419	15378
23419	47182
23421	11362
23421	31758
23421	34654
59650	23424
23434	59652
59655	23442
23446	23432
23450	24998
23450	26457
23450	59656
23450	59657
59657	33058
23452	52738
52738	16546
52738	23452
52738	68608
52738	68609
59662	23456
59662	69718
59664	59666
23460	26062
23460	59667
23460	59668
59667	26062
59667	58324
59667	69719
59668	23460
59668	58324
59668	59669
23463	8160
23463	59670
56257	52690
59679	23468
59681	23468
23472	20042
23474	49343
23481	59690
23482	22812
59693	23485
59694	23485
59695	23485
59695	62168
31611	3518
23490	47179
23490	47180
47179	23490
47179	47177
47179	47180
23497	59701
23497	59702
23499	37321
23502	1792
23503	1792
23505	1796
23505	39529
23544	23522
59711	23522
59712	23522
59713	23522
59727	23541
59729	23545
59732	23554
59741	23568
59742	23568
59742	61991
59743	23572
59748	23580
32212	59751
32212	59753
32212	59754
59751	32212
59758	23588
59760	23592
59761	23594
59775	23599
59775	69735
59775	69736
59775	69737
59784	30732
59784	41692
23608	7500
23608	29458
23609	44675
23611	37776
59786	23612
59787	23612
23619	59789
59789	23619
23625	24998
59793	23628
23636	59801
59801	23636
23647	59806
23649	9500
23649	59807
23649	59808
23654	31578
23654	52290
23654	52382
59796	23655
59809	23655
59817	69745
23662	47314
59821	23664
59822	23664
23665	45328
23681	59831
35163	35471
35163	58355
35163	64540
59843	23707
59843	69747
23712	59848
59848	23712
23719	59852
23719	59853
23719	59854
23728	37540
59867	69750
59871	23732
23733	14885
23733	47853
23733	50174
23733	59873
59873	23733
59873	64953
59873	71423
23743	46632
23744	11261
23744	34691
59878	23745
59878	59879
59880	23749
59880	59881
59881	23749
42340	6856
23782	1821
23792	1824
52356	23794
59897	23803
59897	59699
58323	69533
58323	69534
23824	23806
23824	23812
23824	23823
23824	40287
23824	41303
23824	59915
23824	59916
23824	59917
23824	59918
59912	23823
59916	23824
59918	59917
59920	23823
59921	23825
59929	23835
59929	59932
59929	59933
59930	23835
59939	23840
59940	23841
59940	69757
59941	23841
59942	23842
59942	38957
23851	1833
59944	23853
23854	1834
59957	23881
59956	23882
59958	23883
59958	69762
59970	23905
59978	23910
59980	23914
59981	23916
59984	41049
59984	59989
59984	59992
59994	23923
59994	24289
59994	36941
59994	59995
59994	69764
59994	69765
59995	23923
59995	59994
59995	59996
59998	23927
23946	19412
60011	41062
23954	60012
23954	60013
60012	23954
60013	23954
60016	23957
23966	1839
23966	23967
23967	1839
23967	23966
60018	23968
60021	38891
60022	60021
38753	22781
38753	33992
38753	65492
60023	23974
60023	60024
60024	60023
60027	69770
60031	45963
23996	42462
23996	44893
23997	3042
23997	32915
23997	49161
31278	23998
31278	63067
31278	63068
60054	24002
60055	24002
44161	66882
60090	24049
28017	24052
56904	60099
56904	69301
60099	35562
60099	56904
60099	69774
59014	22408
59014	37028
57490	24073
60106	24073
60106	57490
60107	38020
60107	65328
60107	65329
60107	65330
52488	14342
52488	25782
52488	46904
52488	66062
42655	37901
42655	42656
42655	49345
60125	24103
57708	20538
57708	54777
57708	69430
60134	24114
60134	69775
60138	24127
54445	24128
60146	24137
60147	24137
60148	24140
60149	64602
60149	64603
60149	69778
60149	69779
24150	17905
24150	33431
43978	24152
24153	60154
60154	24153
60154	32343
24154	60155
24155	1913
24155	20077
24155	24067
24155	34622
24155	60156
60156	24155
24157	48404
60159	34782
60159	37843
60168	33893
60168	69784
60168	69785
60171	69786
24177	22929
24177	30589
24177	45280
24177	60174
24177	60175
45280	24177
45280	67158
60174	24177
60175	24177
60175	38310
60175	60174
60179	24182
60183	28928
60183	59129
60184	24184
50029	11832
50029	23425
50029	24617
50029	38523
50029	68104
60197	24203
30854	37075
60207	24225
53469	15354
53469	24238
53469	68743
60216	24241
60219	24245
60219	27471
40353	15857
40353	24256
40353	31424
40353	63147
24258	4988
24267	1856
24268	1856
24269	1856
24270	1856
71515	24271
51934	13467
51934	24272
60223	24272
60224	24272
60224	69797
37690	5191
37690	24273
26289	18921
26289	24274
60229	24274
60230	24274
24280	60232
60232	24280
60237	29990
60237	69799
60239	69800
60244	24288
60245	24288
24289	36941
24289	59994
24289	60248
24289	60249
60248	24289
60248	36941
60248	59994
60248	64994
60249	24289
60249	36941
60249	59994
60251	24293
24296	19686
24297	60252
60252	24297
24305	24304
24306	35197
35197	34632
35197	35192
35197	64553
41620	24317
60262	37172
60263	24321
60263	42525
60263	60264
60263	69808
60263	69809
60264	24321
60264	42525
60265	42525
60272	24332
24340	49363
24341	59262
24363	50839
60283	24371
60283	34076
60283	64132
60285	24371
60286	24373
52781	24377
24382	18376
24383	60296
60296	24383
60296	30296
28430	19568
28430	24385
28430	24390
51908	13444
51908	68459
51908	68460
51908	68461
51908	68462
31832	24401
31832	50949
31832	52354
31832	63305
31832	63306
24413	24393
56015	24419
56015	52947
60311	27032
24431	1871
24439	1875
60329	60330
24442	1877
60333	24448
24451	9721
24451	60334
24451	60335
24456	60338
24456	60339
60338	24456
24462	60340
60343	24470
60346	24482
60346	60347
60347	24482
60347	60346
24489	27165
24521	1888
24522	1889
24525	44292
24529	60353
24529	60354
60353	24529
24530	71460
24534	7532
32465	43583
32465	43585
32465	51007
32465	63560
60365	60364
60366	65412
60367	45274
60367	69827
60367	69828
60367	69829
60370	32465
60370	43583
60370	43585
60370	51007
60372	45274
24552	37510
24552	42506
24552	60378
24552	60379
60378	24552
60378	37510
60378	60379
60379	24552
60379	60378
24560	60409
33807	49072
49072	33807
24567	60412
60412	69831
60413	61091
24581	60419
60424	35723
60424	53647
60426	52169
60437	60438
60441	24591
34505	4257
34505	24594
60446	24600
60448	24608
60451	24617
24622	44955
44955	8097
24623	31510
24623	60454
60458	24627
60465	69836
60467	35106
60468	24647
60468	69838
24648	13343
24657	4982
24659	16141
60480	45197
60482	24677
24680	8560
28167	24681
28167	29335
60485	24681
24698	13420
24698	32819
24698	60498
24702	36363
24712	44741
60501	24716
60502	24717
60503	24717
24724	27661
24726	54638
29922	24732
24734	31934
24734	60511
24734	60512
24734	60513
60515	24739
24746	11269
24749	60516
24754	8721
24754	33121
24755	60518
60518	24755
24757	32544
24757	60519
32544	24757
32544	63593
24758	60520
60520	24758
24765	19262
24767	60522
24768	38993
24768	53513
24768	60523
24768	60524
60523	24768
60524	24768
24772	51663
24772	60526
60533	30377
60533	43156
60533	60534
60533	60538
60533	69847
60534	60533
53774	15703
53774	19316
53774	30757
53774	53775
53774	55046
60540	24784
58449	21606
58449	24786
24806	24804
60553	24813
24815	20750
24815	49068
49068	24815
24830	56578
60561	24831
24833	60565
60565	24833
24834	60567
24835	18902
24837	60570
24837	60571
60570	24837
60571	40227
60571	65920
60576	24854
24859	34105
24859	60577
54671	24860
54671	31671
60578	24860
24862	11054
24862	28031
24862	52124
24865	19572
24871	60586
60590	24881
60590	69855
24883	60595
24883	60596
24889	35378
24891	60597
60597	24891
60597	60598
24893	60599
60599	24893
24897	1913
24898	1913
24907	60604
24910	11194
24910	24920
24910	60606
60607	69856
24914	34078
24914	40016
24914	60609
24917	17008
24917	24909
24917	24913
24917	30830
24917	46949
24917	60610
24917	60611
60610	46949
60611	24917
24925	21520
24926	54910
24930	45134
24930	60615
60615	24930
60615	69859
60615	69860
60615	69861
24932	60616
24932	60617
60619	25967
60625	24945
60625	60626
60626	24945
60626	60625
43213	24954
43213	66631
24955	24954
60637	24960
60638	24971
60639	24972
60640	24972
60641	24972
60642	24972
60645	24977
60654	24986
24987	1953
24988	1953
24997	1965
25001	40520
25001	52104
52104	13700
60658	25005
25007	2260
60662	25013
25016	1980
60664	25019
60664	47348
60665	25019
60665	47350
60666	25019
31040	14329
31040	25020
60668	25021
60669	25021
25023	1989
25023	4257
25023	8857
25024	1989
25030	31573
60672	25041
60674	25056
25057	25056
25058	1998
25058	51387
25066	2003
25067	2003
25071	60677
25071	60678
25071	60679
35215	7127
35215	25072
35215	61695
25081	47340
25081	60681
25083	2019
25084	2019
25085	2019
25090	25087
25091	25087
25089	25087
25096	60683
25106	60234
25108	25099
25114	24043
25114	60685
60703	25139
60704	25143
60705	25143
60706	25143
25146	12962
25146	25147
25146	60708
25146	60709
60708	25146
60709	25146
25155	6685
36896	25156
25179	17869
25179	60719
25183	25398
25186	35876
25187	6143
25201	18211
26028	25203
26028	26579
25204	16458
25206	26432
25210	60744
25210	60745
60744	25210
25221	6896
25221	42462
25225	6300
29039	25229
29039	62292
47836	25229
25232	6790
25237	26677
25251	44162
25253	60755
25253	60756
60755	25253
60756	25253
60758	25256
25257	19217
60764	25270
60766	25281
25282	28534
25282	60767
25282	60768
25282	60769
60767	25282
60768	25282
60768	60767
60768	60769
25283	36314
25286	48697
25286	60771
25286	60772
48697	10807
48697	25286
48697	55553
48697	67908
25292	7376
60776	25293
60777	25293
25295	23517
25306	2383
25308	30245
25309	25308
25314	34556
25314	60790
60791	25315
60793	25316
60793	69881
60795	25318
60796	25319
60798	25324
60799	25324
25330	60803
25330	60804
25330	60805
25330	60806
60804	25330
60804	60807
60806	25330
25331	60808
60808	25331
60808	69884
60808	69885
60810	25334
25337	35814
60814	25347
60815	25347
25350	19265
25355	60823
25355	60824
60823	25355
60827	25358
25359	25358
25362	46812
46812	67454
35538	17268
35538	35532
60830	25368
25374	60835
60835	25374
25378	60837
60837	25378
60837	69888
25379	9339
25379	25381
25380	9339
25382	60838
25383	30394
41918	6695
60840	25392
25396	60842
60842	25396
46958	19927
46958	25398
46958	60847
60843	25398
60846	25398
60847	25398
60847	46958
25402	31130
60851	25410
34009	25411
36346	16104
60860	25417
60861	25417
41827	66336
30399	30397
33383	25432
60866	25432
25433	49559
49559	11473
25442	25443
25442	53800
25442	60867
25442	60868
25442	60869
25443	25442
60868	65500
60868	69890
60873	25451
60876	25451
60878	25454
60879	25457
60880	25457
60881	25457
60882	25457
60883	25457
25458	35285
60884	25459
25464	60885
25466	2071
41829	25467
60886	25467
60895	25486
25495	25493
25495	60896
25497	11495
45324	25499
45324	31605
45324	51200
45324	51413
60898	25499
60901	25507
60902	25507
25511	28447
25511	60903
25514	60904
25514	60905
60904	25514
25527	60909
46816	24158
46816	25530
46816	67455
60914	25538
60915	25540
25542	8896
25551	14268
25552	12459
25552	12502
25552	60917
25563	60918
25563	60919
60918	25563
60919	25563
60920	25567
25583	21896
25583	60922
60922	25583
60935	34367
60937	25597
60938	25602
60946	37785
25627	8844
25627	23863
25627	60949
25627	60950
53873	25640
53873	49120
60954	69897
60954	69898
60954	69899
60960	25664
60974	25689
60976	25697
25707	26606
25709	60978
60978	25709
25714	2143
60982	25720
49051	11098
25746	28407
25748	60997
60998	25751
60999	25751
58708	21879
58708	25756
61001	25756
25757	8961
25757	40696
40696	25757
40696	40695
31857	12093
61004	25772
61009	25780
61010	25782
61010	38940
61015	25786
27564	25809
61025	25809
61026	25809
61026	61025
25812	2154
25829	51870
25831	51870
61030	25834
61030	51868
58693	21844
25844	22622
25857	9318
61046	25867
38325	25871
25877	61049
54857	25878
54857	25883
54857	61051
54857	61052
61050	25878
61050	25883
61050	36988
61050	43130
61050	61051
61050	61052
61051	25883
61052	25878
25880	6422
25901	25884
61060	36272
61060	42325
61060	68735
61060	69907
25898	25975
38981	55762
61070	25914
25918	31524
25918	61073
25920	61074
61084	25934
61089	25935
61091	25936
61091	60413
61091	69910
61091	69911
61092	25940
25944	24536
25946	61094
25950	42228
25950	61096
61096	25950
61096	42228
61100	25954
61103	50459
61108	25961
61108	65378
61108	69914
25964	2170
61109	69915
61110	69916
60623	25967
60623	30000
60623	38776
25974	37545
25974	61113
25980	20142
61116	25985
61117	25985
61117	65500
61118	39183
61118	64362
61119	37378
61120	25989
61123	25992
61125	32671
61125	55679
61125	63257
61126	49089
61127	35364
61127	71530
61130	25998
61135	26008
61135	69919
61141	69923
61144	26763
26026	30722
30722	34398
56316	26027
56316	31180
61147	26030
61147	48226
61147	69924
26031	38969
61156	26046
61156	46118
61156	69925
26050	2188
38287	26051
26053	61157
26060	26059
58324	59667
58324	59668
58324	61159
58324	64886
61158	59667
26069	16875
27462	26098
27462	44244
27462	61670
27462	61671
61166	26101
26122	35520
26142	22624
61173	26147
26156	11625
26157	2204
53355	68735
61182	61184
61182	61186
61182	61187
61184	61186
61186	61182
61186	61184
61186	61187
61189	61445
26162	2207
56469	26165
61199	26171
61200	26179
61200	69930
61206	26181
61206	34039
26185	2213
26200	28225
26209	11978
26209	18297
26214	11288
61212	26219
61213	26221
26222	13442
26228	11751
26228	40048
26231	61218
26232	3750
26232	7909
61223	26236
26247	29151
26248	61225
61227	27681
61228	27681
60139	24129
60139	26260
60139	61230
26263	61231
26267	26264
26265	12553
26272	19102
26272	61234
61234	33811
61241	26291
61245	26297
26298	10379
26303	61246
26306	61247
26307	32666
26307	61248
26307	61249
61248	26307
61248	69935
61248	69936
61248	69937
61249	26307
26308	50836
61257	26314
26318	31602
26318	61258
26322	33502
26322	61259
26323	54249
26325	58822
26325	61260
26325	61261
26346	61268
26354	25184
26357	56220
56220	18946
26358	61272
61272	26358
61266	26373
61276	26377
61288	26408
61289	26408
61290	26408
61301	26412
61302	26412
61303	26412
54106	16110
54106	33069
45430	26418
45430	45429
45430	45432
45430	67203
26418	45429
26423	26460
26423	47136
26423	61311
45530	26424
61312	26424
61314	26427
61314	69944
31241	26435
61326	26443
26445	35455
26451	61331
61331	26451
61332	26456
61334	26457
61335	26457
26462	37613
61337	26467
61337	32236
61339	26473
26475	61340
61341	26478
26484	15542
26489	29044
26495	26491
26496	9556
26500	11913
26517	61346
61347	26520
30428	39494
33361	33365
33361	39494
26534	19841
26548	2257
61356	69946
61357	54010
61367	26575
61368	26578
61376	26596
61377	26598
61378	26598
61384	69951
61388	26601
61390	26610
61390	33430
56889	19646
61393	26616
43233	26633
43233	66634
43233	66635
61396	27885
61397	26654
26676	37313
61407	26677
61407	60158
61408	26677
61409	26677
61415	26688
61415	27485
61415	61685
61415	66581
61415	66582
61415	69952
61415	69953
26692	11558
61417	26694
61421	26710
61423	26716
26721	28616
61425	26722
61427	26722
61429	26727
61432	26735
61432	45308
26741	40340
26741	45569
26741	61445
61445	26741
61445	45569
26744	42410
42410	26744
42410	66475
42410	66476
26754	26751
61455	26761
61457	26761
61459	26763
61461	26768
26771	27658
26773	18297
26773	37373
30713	23726
26782	61468
61468	26782
26786	61469
26792	2304
61470	26793
26798	35220
26801	2309
26813	29346
61477	26817
61477	37650
61477	54332
61477	61478
26822	13343
26842	27099
26843	61480
61480	26843
26847	2326
61483	26848
26860	2330
26862	2333
26867	61489
26867	61490
61489	26867
61490	26867
61490	69958
61490	69959
61490	69960
26868	10976
26880	61492
26883	61493
61496	26886
26892	15419
61498	26897
26905	2358
61499	26908
61502	26910
61502	36228
26924	26923
61503	26930
26933	27306
26934	26425
48819	10898
48819	26936
48819	67926
26945	61505
26946	61506
61508	26952
26953	61511
26953	61512
61511	26953
61512	26953
26954	19627
26954	39284
26954	61513
39284	26954
61513	26954
26959	28894
26967	33366
26993	22713
27000	22713
27003	22713
61520	27005
61529	27035
27043	27042
61534	27051
44621	27072
27083	45462
61562	55409
27085	2413
27085	31603
27103	61566
27103	61567
27103	61568
61566	56147
61573	27107
61575	69975
61576	27133
27135	23813
27155	27141
27156	27139
61583	27161
61583	69977
27194	61586
27200	61587
27200	61588
61587	27200
27203	12532
27203	15565
27203	24367
27212	23572
27212	61589
27214	61590
61590	27214
61590	69978
27223	27218
27223	61595
61591	27218
27221	23652
27221	27218
27222	61593
27222	61594
61593	27222
61597	27228
27229	2442
27233	61598
61598	27233
27234	61599
61602	27253
27255	47306
27262	61604
27273	61606
27276	2452
61610	27291
27297	11558
27301	31759
27303	61611
27311	61612
61612	69984
31265	27317
31265	43735
61614	27317
27318	52554
61615	27319
61616	27319
61616	61615
61619	27327
61622	27342
61624	27344
61625	50092
61628	27349
61628	61629
61628	61630
61628	61631
61629	27349
61629	61631
61629	69986
61630	27349
61630	61628
61631	27349
61631	61629
61634	27352
61635	27352
61636	27352
61636	61635
34710	27354
44585	27354
44585	40055
44585	66950
27356	7933
27356	10738
61322	26441
27360	61638
61638	69989
27361	35889
27365	61640
27370	42581
27379	61644
61644	27379
27380	27378
27380	27379
27380	61643
61645	27381
61646	27381
61649	27391
27394	2494
61659	27412
46423	27772
27459	18153
27459	24146
61670	27462
27464	15869
27472	11116
61366	26565
61366	36274
61366	47922
61366	64441
61366	69947
27479	27469
61686	27486
44729	23779
27515	8428
27516	61688
27519	32227
27524	6665
27524	44492
44492	7808
44492	30974
44492	62966
44492	62967
44492	62968
44492	66938
61690	27526
61691	27532
27540	61692
27542	13222
27542	19075
61694	27558
27562	61697
61697	27562
61706	27573
61707	27573
61709	27582
27587	27580
30758	27596
30758	61713
32090	41140
61716	27626
27636	4280
27637	61717
27638	3416
27638	61718
27638	61719
61719	27638
27639	61720
27652	61725
27652	61726
27652	61727
27652	61728
27652	61729
27652	61730
27652	61731
61725	27652
61725	61726
61725	61727
61725	61728
61725	61729
61725	61730
61725	61731
61726	27652
61726	61725
61726	61727
61726	61728
61726	61729
61726	61730
61726	61731
61727	27652
61727	61725
61727	61726
61727	61728
61727	61729
61727	61730
61727	61731
61728	27652
61728	61725
61728	61726
61728	61727
61728	61729
61728	61730
61728	61731
61729	27652
61729	61725
61729	61726
61729	61727
61729	61728
61729	61730
61729	61731
61730	27652
61730	61725
61730	61726
61730	61727
61730	61728
61730	61729
61730	61731
61731	27652
61731	61725
61731	61726
61731	61727
61731	61728
61731	61729
61731	61730
27656	61732
27657	11194
61735	27659
27660	15140
27666	15586
61741	61742
61742	27677
61743	27677
61743	43162
27685	27686
27689	48895
27689	61748
48895	27689
61748	27689
27693	32588
38259	27700
61749	27700
27702	2892
27702	14819
27702	61750
27702	61751
27702	61752
27702	61753
61751	27702
61751	69998
61752	27702
27706	5775
27706	10801
61756	27712
27713	5683
27713	30294
61760	27714
61762	27723
32590	16453
32590	27725
32590	46043
61764	27726
61765	27728
61765	45645
61765	45646
61765	45649
61765	60757
61765	61766
61765	67042
27731	2571
27731	27730
50140	11949
50140	27749
50140	50139
50140	68129
50140	68130
61773	27751
27758	2588
27764	2595
27764	27762
61447	26741
61782	70003
27771	2600
27780	61813
27781	61814
61814	27781
61814	70005
61814	70006
27787	2586
50823	12576
50823	27810
50823	68289
40600	61824
61826	27814
27816	27814
27822	2613
27824	2613
27825	2613
27832	2621
61829	27833
61831	27843
54734	27854
54734	61836
61834	27854
61836	27854
27862	2624
61843	27865
27867	61844
27875	2628
27876	2628
27877	2628
27881	19506
27903	42111
27903	50090
27903	61857
27903	61858
27904	24466
27904	61859
27909	61860
61861	27913
39793	7049
27935	27934
55804	27929
27930	48346
27936	61866
27936	61867
27936	61868
61868	27936
27938	7333
27939	61869
61869	27939
27945	8871
27945	61870
61870	36949
61870	64999
61870	70013
27949	48905
27953	61871
27953	61872
53468	15354
54524	68913
61874	27968
61875	48707
61882	27993
27997	23763
27997	56480
37698	28004
61887	28010
57747	32085
28021	61892
61892	28021
61892	70014
61892	70015
61892	70016
28027	26168
28030	11054
61897	28037
44638	66972
44638	66973
61900	28048
43602	7414
43602	28059
43602	43598
43602	61906
61904	28059
61906	28059
61911	70018
61911	70019
61914	70020
52482	14340
52482	28066
52482	63558
61916	70021
34621	28069
28087	16834
61923	28094
61924	28094
61924	70022
28097	61926
28113	56291
28113	61933
28116	19958
28116	28107
28118	6204
28118	37365
28131	46258
28131	53306
28131	61940
61940	53306
61941	28135
56671	45148
61943	28142
61945	28145
61947	28146
28164	28163
28171	28168
28171	61951
61952	28175
61955	28185
61956	28190
48946	16714
50326	12069
50326	34033
28200	17087
28222	13732
56537	19239
56537	28225
61960	28228
28231	28230
28234	61962
28234	61963
28234	61964
61962	28234
61963	28234
61963	61964
61964	28234
61964	61963
61969	28239
28240	61971
61971	70034
28241	28240
28243	7220
28243	41759
28243	61972
61972	29428
61973	28250
61973	70037
28251	2683
61974	52133
28262	61976
61977	57951
61979	54249
61984	28276
61985	28276
61986	28276
61991	70039
48365	28305
28314	44707
33756	64029
61998	28317
28328	24902
28328	26972
28328	62004
28332	34030
62006	28333
28338	8263
28340	21674
28340	29391
28340	53340
28341	62008
28346	34257
28346	62009
62009	53800
62009	70041
62011	28350
62011	37767
38879	38869
38879	38872
38879	38873
38879	38880
62012	28359
62013	28359
62015	70044
62016	28361
62022	28380
62022	29327
62023	28380
34880	24640
34880	28385
28399	62035
62035	28399
28413	62040
62041	28415
28419	62042
28419	62043
62044	28421
42392	28265
28445	28442
28445	28447
28445	32594
28446	28442
62057	28455
62058	28455
62059	28455
62060	28455
45431	26418
62061	28467
62062	28467
62063	28468
62064	28470
62066	28475
62068	28484
62069	28486
62077	30660
62077	62842
62077	70048
62077	70049
28496	7458
62079	28506
38897	36109
62080	28509
62080	70050
61685	27485
61685	61415
50167	28534
62102	28534
62102	58154
62103	28534
62105	28539
28541	62107
28541	62108
62107	28541
62108	28541
35195	28544
35195	33533
35195	43560
35195	56321
62111	28547
62114	28552
62114	70053
28553	13496
28562	42007
28569	6434
62119	28576
47881	10283
47881	28580
47881	62123
62123	28580
62123	47881
28586	62124
28600	2730
28600	54511
54511	16492
54511	68909
28608	28607
28609	28607
61424	26721
61424	28616
62130	28616
44774	7948
44774	24405
44774	39090
44774	42899
44774	44773
44774	44777
44774	67001
31394	35557
28652	28645
62151	28655
62153	70060
62154	28657
62154	48872
28660	11045
29581	28661
29581	62473
28663	2756
28665	13270
28665	51760
28665	62155
62155	51760
35388	22136
35388	28674
35388	64632
36971	28677
62158	28677
62158	36971
28678	2764
28679	2740
28682	2769
28682	28681
28683	2769
28683	28680
28683	28682
28684	2769
28684	28681
28685	2769
62164	28699
28702	58310
62168	28707
28711	62173
62173	28711
28730	28729
28730	28731
28739	4662
58362	21470
58362	31920
58362	63334
28748	56902
28750	36292
28752	26853
28752	28750
28763	25823
28763	62179
28763	62180
62181	28766
62184	60518
28776	10123
28776	62187
28776	62188
28776	62189
62187	70064
62187	70065
62188	50552
28779	47626
28780	8644
28780	9631
28780	21436
28784	9631
28784	13300
28785	2818
28794	15602
28795	2822
28797	2824
51216	22730
51216	51098
51216	62195
51216	62197
62192	66161
62192	70068
62192	70069
28803	3213
28808	5029
28811	2832
28827	44247
28830	62222
28840	28297
28845	2846
28845	14647
28845	28844
28847	2847
28862	7306
28866	49732
41687	28870
41687	41682
28874	28265
62232	28889
34024	28890
62235	28891
62238	28894
28905	12070
28907	60231
28908	62243
62246	28911
62248	28922
42752	28926
42752	66541
28937	62250
28939	4478
62252	28952
62253	28955
28957	62254
48969	11009
48969	28958
48969	39545
62255	28959
62259	28967
53443	15326
53443	28974
28975	30273
28975	35497
28975	62260
28975	62261
28975	62262
28975	62263
28975	62264
62262	62681
62263	28975
28976	62265
62266	28977
28986	29082
62268	28992
62269	28992
62272	28996
62272	35612
62273	70077
48900	29004
48900	34623
48900	67943
48900	67944
33629	29011
60635	24954
60635	29011
62277	29011
62278	29011
62279	29011
35859	29019
62282	29019
62282	35859
62283	29019
62283	35859
29023	32983
29027	9784
29028	2892
29038	62291
29042	25229
29049	25229
29049	29036
54699	16761
62299	29063
62301	29086
62306	29091
62306	40651
62306	53646
62306	68765
62306	70081
62306	70082
62306	70083
29094	62312
62312	29094
62313	29096
62314	29096
62314	70086
29103	62316
29105	11966
29110	9315
29110	25917
29117	29115
29118	31460
29118	45481
29118	62322
29119	20412
29124	62324
29124	62325
62324	29124
62325	29124
29126	2907
29132	2913
29133	2913
62329	29137
29140	2917
29140	62330
29141	2917
29141	29139
29152	29151
29157	29151
29185	62346
62350	29196
62351	29196
62351	36301
62355	29198
29211	37828
29224	20886
29224	22251
29238	16879
29238	36243
29238	62358
29238	62359
29238	62360
36243	29238
36243	62358
62358	36243
62362	70091
62366	29256
29259	29260
47576	9971
47576	29261
59455	69686
62369	29266
62369	70092
62370	29266
62373	29270
62378	29273
62379	29273
29280	62381
29280	62382
29280	62383
29280	62384
29280	62385
29280	62386
62383	29280
29288	38996
29290	20155
29290	62389
29296	15164
62390	29301
62390	70094
62392	29319
29320	62393
62393	29320
62395	70095
62395	70096
62396	36109
62398	29336
62400	29339
62400	70097
62402	29346
62402	62403
62403	29346
62403	62402
62404	29346
29377	31866
29377	62408
31866	63320
29385	2987
62410	29391
29403	9264
29407	20856
29410	34122
29410	50378
29410	62416
29410	62417
29410	62418
62417	70100
62420	29412
29416	59658
29418	15350
29418	59840
29420	62424
29430	28210
29433	26090
29443	17888
62430	70106
29452	2999
62437	29456
62437	71395
29481	47052
29486	16005
29495	29462
29497	37805
29497	52744
29497	62448
52744	29497
52744	30595
62448	29497
42217	29501
29519	3021
32944	29527
32944	32899
29537	24761
29544	8892
29544	62458
36427	29547
62460	70108
62462	70108
29550	8351
29550	45414
62465	29553
29559	3042
29563	16612
29563	19901
29563	52484
52484	14340
52484	29563
52484	46962
29568	21010
29568	62472
62472	29568
62472	53506
62472	58022
29569	18914
29570	3047
29571	3047
62474	29583
29586	18119
29586	25075
29586	43113
29586	46907
29586	62475
29586	62476
29586	62477
29586	62478
29586	62479
29586	62480
29586	62481
29586	62482
29586	62483
62478	48905
29593	52019
29593	62486
62486	29593
29605	29612
29612	29605
40438	29611
62493	29611
62498	29621
62501	29624
62502	67943
62504	70112
33470	29628
33470	62507
62507	29628
29633	62508
62510	36781
62513	29648
62513	62515
62514	29648
62515	29648
62518	29649
62518	34006
62523	29672
62525	29690
29698	32283
29698	62527
32283	63475
29708	62528
29730	29713
29733	29721
29733	29727
29741	29713
29742	29713
29743	44628
29745	29713
29759	29713
29785	29783
29808	8996
62542	29818
62543	29818
62543	58396
29820	62547
29821	62548
62549	29823
62554	29826
61907	28059
61907	29827
62555	29827
62556	29827
62557	29833
46117	29845
46117	62559
29847	6831
29854	3125
62562	29855
62563	29855
29857	3127
29859	3129
29859	4107
29861	31375
31375	13283
31375	15073
31375	15201
31375	22704
31375	28146
31375	29861
31375	33680
31375	51779
31375	53359
29873	11957
36553	29876
29879	29880
29884	3136
29886	50737
62569	29890
29892	29893
29892	62571
29892	62572
29893	29892
62571	29892
29897	62574
29900	47022
29900	62575
62575	29900
62575	47022
29901	62576
29912	32671
29912	62580
29912	62581
32671	29912
32671	31672
32671	61125
32671	63257
32671	63258
62580	29912
62581	29912
29915	62582
29942	4257
29945	31330
29945	31337
29945	31338
59419	22961
62586	29961
29976	45186
29976	62591
29979	3166
62593	29981
62594	29981
62595	29985
62596	70129
38291	59544
29992	21947
29993	31317
29993	38091
29993	62599
29993	62600
62599	38091
62600	29993
29994	36863
62602	29999
62604	30004
30011	62606
30012	30013
30013	30012
30021	11792
30021	49996
30025	5856
30025	8336
30025	11362
62608	70131
30034	30033
30034	30035
30035	30033
30035	30034
30041	24726
30041	62614
30041	62615
62617	30043
30046	16312
30082	41589
62622	30095
30099	3192
62627	30108
59497	23112
59497	40811
30159	3208
62646	30174
30175	24849
30177	24849
55027	52111
55027	68491
30182	3213
62649	30188
30189	22963
30190	52473
30190	62654
30190	62655
30190	62656
62654	30190
62654	70138
62658	30195
38315	30210
30235	3221
33541	30236
62670	30236
62671	30236
62672	30236
30248	31084
30249	40847
35124	30266
35124	64536
30272	17044
30272	38975
62681	62262
62686	30274
54358	16309
54358	30300
54358	44327
54358	68890
62700	30309
62701	30310
62702	30313
62702	42516
62702	66492
30321	62705
62705	30321
30326	3243
30332	3245
30339	62709
62709	30339
30366	3259
57240	19969
30372	28277
62715	30375
62715	51170
30383	30393
62718	30387
62722	30393
30401	62723
62723	30401
30416	35517
30416	54628
30416	62727
30416	62728
62727	54628
62728	30416
30419	62729
30421	62730
30422	62731
62734	30429
30430	62735
62736	30432
62737	30432
62737	62736
62738	30432
30433	16605
30433	25061
30436	62745
30436	62746
62745	30436
62746	30436
62751	30448
30450	55279
30457	62754
30458	14383
30467	40592
30468	62774
62774	30468
30470	7984
30470	45965
30484	32694
62778	30490
62779	30492
62784	30495
30498	3287
30506	62791
30512	3297
30514	3298
35853	35854
35854	15767
35854	30516
35854	35853
35854	62793
62793	30516
62793	35854
62793	70143
46198	8857
46198	30526
62795	38924
62798	30537
62799	30537
62799	62798
62800	30538
30542	30540
30543	3320
30543	4264
30543	27094
30557	62801
30559	3322
30560	3324
30566	3340
30570	30567
30573	30567
30574	30567
30575	30567
62805	30577
62807	30578
62809	30587
62812	30588
62817	30603
30614	21843
30614	30613
30614	30619
40093	65869
30618	28253
30618	30616
30620	62822
62822	30620
62823	30627
62823	70150
30634	3353
30635	3357
62826	62829
62826	62830
30641	61135
30646	3363
62835	30647
30665	3373
30666	3373
30672	34729
30673	60199
60199	24203
60199	63198
60199	66717
60199	69790
60199	69791
30676	51768
30676	62845
51768	13274
51768	68431
62845	32270
62846	30696
30717	16137
30720	22008
30720	62861
30720	62862
30720	62863
30720	62864
30723	62868
30727	18948
30727	19111
30727	30726
62872	30752
61713	27596
61713	30758
62875	30759
62875	70154
62875	70155
62875	70156
62877	30760
30763	30733
30764	30733
30771	21154
30771	39635
30771	39637
30771	39638
30771	39640
30771	39641
30771	44634
30771	47940
30771	47942
30771	47947
30771	62880
39638	39635
62882	30767
62882	62884
62883	70159
62883	70160
30779	30754
30781	3399
30781	62891
61495	26884
61495	30782
62892	30782
62894	30782
62894	33048
62895	30782
62897	30785
62897	42346
30788	62901
62901	30788
30790	55031
30793	30788
30794	42236
30796	62902
62902	40852
30797	62903
62909	30803
30808	62910
62910	30808
30820	24847
62920	30823
59844	23707
30846	17952
35118	17034
62932	30848
30849	22429
30856	62935
30858	60158
30858	62936
30858	62937
30858	62938
60158	24158
60158	30858
62936	30858
62937	30858
62937	62939
30865	3413
30866	3413
30867	3413
62945	30902
62946	30902
62957	30945
44848	8009
62251	28942
30959	30952
30959	30953
30959	30956
30963	3419
30979	30968
30972	12208
30972	37152
30973	10347
30973	11792
30973	62963
62964	30974
62964	44492
62966	30974
62966	44492
62966	62967
62967	30974
62967	44492
62967	62966
62968	44492
30980	30985
30980	62971
62970	30978
30982	12746
30982	44313
30982	62972
30989	3421
30989	62973
30989	62974
30990	3421
30995	62977
62979	31001
31002	62980
62980	31002
62981	31003
31005	3424
31006	3424
31007	3424
62984	31013
62984	70173
31028	31014
31029	31014
62988	31014
62989	31014
31019	31014
31019	31029
31030	31014
31038	51179
31048	62997
31057	62999
31058	39518
31060	9371
63001	31063
63001	63002
63001	63003
63001	68383
63001	68385
63001	70174
63001	70175
50869	31084
50869	53802
50869	68299
50869	68300
63018	31084
31087	18527
31087	56812
31089	15351
63021	31098
63024	70177
63026	31103
31126	31116
31126	31118
31131	15968
31134	59542
31137	36291
31137	63032
31140	63034
31144	3436
31165	3441
31165	6119
31165	40555
31165	40557
31165	40559
31165	40560
31165	40561
31165	54485
31165	55881
31165	63036
40555	6119
40555	40557
40555	40560
40555	54485
40555	63036
40559	6119
40559	31165
40559	40555
40559	40557
40559	40560
40559	40561
40560	6119
40560	31165
40560	40555
40560	40557
40560	40559
40560	40561
40560	55881
40560	63036
40560	66010
40561	6119
40561	40555
40561	40557
40561	40560
40561	63036
55881	29451
55881	31165
55881	40553
55881	45068
55881	52741
55881	55883
63036	40555
63036	40557
63036	40560
63036	54485
63036	70178
31166	3441
31167	3441
31167	63037
63037	31167
31168	3442
31169	3442
31170	3442
31172	3444
31183	29611
31183	36301
31185	3450
31186	3450
63042	31192
31193	37603
31193	63043
31193	63044
63044	70179
63044	70180
31195	63049
63049	31195
63050	31199
31200	22447
31200	59054
59054	22447
63051	31202
31206	63052
31209	63053
31223	21265
31223	31220
31223	58243
31223	58245
63056	31226
63056	57924
31239	63058
31266	37833
31276	63066
63066	31276
31279	7285
31284	7165
31293	63080
31293	63081
63080	31293
63080	63081
63081	31293
63081	63080
31296	8037
31296	44900
63088	31314
62601	29993
62601	31317
63092	31317
63093	31317
63093	63094
63098	31322
63098	70190
63098	70191
31335	31337
31335	31338
31336	31337
31336	31338
31342	31333
31343	31333
39266	45985
31366	21764
63117	31367
63118	70193
31371	49002
49002	11061
33680	15201
33680	18852
33680	31375
60651	24983
60651	31376
60651	37784
63124	31376
63125	31378
31390	63132
31399	21688
31399	63133
31399	63134
63133	31399
31400	19664
31401	63135
31405	63137
31406	28095
31417	63139
63142	31419
63145	31424
63146	31424
63146	70199
31427	19603
31429	18416
31429	40013
31438	12469
31438	33563
31438	43197
43197	14125
43197	33746
43197	37868
43197	64021
43197	66627
43197	66628
43197	66629
31440	5210
31440	14628
31440	20317
31440	21602
31440	43601
31443	26018
31444	21988
31444	28357
31444	41291
31444	54547
31444	63149
31444	63150
31444	71518
54547	31444
54547	33012
54547	51407
54547	68919
54547	68920
31445	45879
31449	63152
63153	31452
63157	31459
63158	31459
63158	63157
63161	31460
31464	63163
31465	33470
31465	60255
31465	63164
60255	24308
60255	31465
60255	60256
63164	31465
63164	33470
31467	63165
63165	31467
56828	19555
31481	63167
31483	37364
31484	12139
63169	31486
63171	31493
31497	3508
31498	3508
31512	63184
63192	31530
31543	63197
63197	31543
63198	31547
37535	31549
31553	33235
31553	33236
63205	31554
63206	31554
63206	63207
63207	31554
63207	63206
31562	56089
31567	63210
31587	46360
63221	31588
63222	31593
63232	31612
63235	31616
63236	31616
63237	31616
31629	3521
31630	3521
31631	3521
31632	3521
31633	3521
63242	31649
63245	31653
63249	31667
41532	31671
41532	63253
63256	31672
63257	55679
63257	61125
63258	31672
63258	32671
63258	34172
63258	55679
63258	61125
63258	63257
63258	63259
63261	31676
63261	70213
31681	22313
31681	22326
31681	22328
31681	58951
58951	22328
31683	3524
31684	3524
31697	3526
63278	31718
31743	31719
31750	17719
31754	8380
31789	26705
31790	16787
31798	63296
63300	31799
31810	52552
31812	29378
31813	63304
31831	33730
31831	37934
31831	40017
31831	53985
63305	31832
63306	31832
31833	63307
31838	19309
31838	43463
31838	63308
31838	63309
31846	20994
63318	31855
63318	70217
31859	25765
63320	31866
63320	63321
63328	31879
63328	58996
63329	31879
31899	30957
31903	3565
31913	63333
31917	3577
31917	31916
63334	31920
63334	58362
63335	31920
50772	31921
41677	17057
41677	39689
41677	41676
41677	43368
41677	43370
41677	63337
63345	31925
63346	31925
63350	31945
63351	31945
63353	31954
63356	31956
31962	57252
31970	14762
31973	8320
31973	31974
31973	34350
31973	51950
31973	51951
63359	31980
31985	63361
49597	31994
63363	32006
32008	3607
32008	63364
63364	64002
32010	3608
32013	3616
32014	3619
32015	3628
32015	7815
32015	63365
32015	63366
32015	63367
63365	70221
32039	3636
37802	23679
37802	65273
32044	3646
32049	63381
32051	15069
39281	5672
63385	32057
63392	43531
32087	32074
32087	35689
32087	46680
32087	56707
32087	57176
42890	32074
42890	46680
42890	56707
42890	57176
42890	57404
42890	57410
42890	63391
35358	32075
63395	32081
63400	32084
32085	34162
32085	57747
32085	63401
34162	40884
34162	42820
63404	32092
63405	32093
63406	37926
32095	43531
63411	70231
63412	32122
32126	8365
32126	63415
63415	32126
63417	32129
32134	63419
63419	32134
32141	28045
51504	32143
32147	32145
32147	32146
32167	63431
63433	32179
32191	56812
32194	63438
32206	35904
32206	56450
32206	63439
35904	64782
32211	17256
54353	54352
32218	63442
63442	32218
63443	70240
32225	63449
63451	32236
32238	3701
32239	3701
63456	70242
32260	63461
32261	50004
32262	63462
63462	32262
63462	70243
63462	70244
63465	32270
63469	32274
63470	32274
63471	32279
63475	32283
32288	22872
32289	7380
32289	63476
32289	63477
63476	32289
63477	32289
32290	22010
32290	47601
32290	58810
32290	63478
47601	9990
47601	32290
58810	22010
58810	32290
58810	63479
58810	69598
58810	69599
63478	32290
32292	37665
32299	63483
32314	63486
63486	32314
32317	47179
32320	42803
32323	63488
32328	63490
63490	70248
63495	32333
63503	32341
63504	32343
48261	32346
48261	67795
63506	32346
63507	32346
32349	3735
32355	3742
48601	32356
32357	3745
32360	4401
32361	60000
63514	32362
63514	58139
63514	63515
63514	63517
63514	63518
63514	63520
63515	32362
63515	58139
63515	63514
63515	63519
63515	63520
63516	63514
63516	63515
63517	32362
63517	58139
63517	63515
63517	63518
63517	63520
63518	32362
63518	58139
63518	63517
63518	63520
63519	32362
63519	58139
63519	63515
63519	63516
63519	63517
49481	17876
63529	63530
63530	63529
32369	3757
32377	3771
63535	70251
32405	17725
32405	20029
32405	30659
32405	32386
32405	32397
32405	32404
32405	63537
63537	32405
63538	32412
63541	32422
63542	32422
63542	32437
63542	70252
47100	9477
47100	50689
47100	52772
47100	56833
47100	67512
32432	63548
32432	63549
32432	63550
32432	63551
63553	32436
63554	32438
32442	63558
63558	32442
63558	52482
63558	70253
63560	32465
32468	3788
32468	34403
32469	3790
32470	3792
32471	3792
32472	3796
32479	32477
63569	32484
63571	70254
63583	32486
63583	49302
32495	55107
58064	20976
58064	20977
58064	32503
63586	32503
32512	20109
32523	32522
32541	10353
32541	32540
32542	10353
32546	3829
32547	3829
63594	32549
32564	31954
32565	46017
32566	63595
63595	32566
63597	32569
32575	63599
34203	22829
34203	31637
63602	32580
63605	32580
63606	32580
32581	63608
32581	63609
32581	63610
32581	63611
32589	38292
32608	8645
32611	63620
32611	63621
63623	32613
63624	32614
54084	32625
32633	55988
32633	63625
63625	55988
32646	8263
32654	13750
32654	35355
32654	63627
35355	32654
35355	64612
35331	16999
35331	22821
35331	35308
35331	35316
35336	35322
32670	63633
63634	32672
63642	52634
63642	68596
63642	70261
63643	32707
32728	40329
32734	32732
63654	32753
63660	32781
63671	32796
63673	32798
32814	5207
32814	23487
32814	23978
32814	63675
32836	12808
32836	44150
44150	12808
32837	33048
32837	63678
32837	63679
63679	32837
63683	32847
63685	32849
32851	15703
32852	32849
63688	32858
63691	32871
63696	32888
32892	47818
32892	63697
32892	63698
63697	32892
63697	47818
63697	63698
63697	67689
63698	47818
63700	32894
63701	32896
32919	55777
32919	55780
32919	55781
55784	32899
32940	63722
63723	32946
63729	32958
63730	32958
63731	32958
63732	32971
51594	13101
51594	32975
51594	37320
63733	32975
63733	51594
32976	54461
63736	32978
32982	22429
32982	63739
32984	45835
63741	32985
63741	53481
63741	70287
32991	32988
63744	32990
32999	63746
33005	3910
54670	23732
54670	33018
63749	33018
63750	33019
63753	33022
63755	33033
33043	37539
58003	33044
33058	11187
33058	59657
63758	33059
63758	63759
63759	33059
63759	33878
63759	63758
63760	33878
63761	33063
63769	33079
63776	33086
63776	37113
63776	54321
34850	33089
63779	33094
34123	37807
33114	19242
33118	42910
63785	33119
63788	41159
63788	70290
33133	47598
33136	41112
33136	63791
33136	63792
33139	23376
63794	33144
63794	38710
63794	68297
33147	63795
33151	63796
33151	63797
63796	70291
33154	7416
33161	34149
49425	11290
49425	33164
33168	3940
63808	33181
63808	70292
63809	33181
63809	63808
63809	63810
63810	33181
63812	33188
63812	63811
63812	63813
63812	70293
63813	33188
63813	63812
33194	13019
33194	33186
42564	13695
42564	33229
63816	33230
33231	50901
33231	63817
63817	33231
33233	10753
33233	43504
48974	11018
48974	65533
34427	33236
34427	38917
34427	51419
34429	19391
34429	33235
34429	38917
34429	51419
33249	27067
63835	33299
63835	50003
63836	33299
63840	33306
63841	33307
60307	24405
60307	32070
60307	47137
60307	67001
60307	69817
33324	3975
33328	17363
33328	27573
33328	51019
33328	63857
33328	63858
63857	33328
63858	33328
63859	33339
63860	33339
33354	15998
33356	28550
33360	63862
33365	33361
33363	31337
33363	53660
33367	63865
33367	63866
33367	63867
33367	63868
33367	63869
63865	33367
63866	33367
63866	63870
63866	69298
63866	70296
63866	70297
63867	33367
63868	33367
63869	44589
33374	14621
63875	33378
33387	63876
33387	63877
63878	33388
63879	33390
50848	12586
50848	33396
63884	33398
63884	51433
63885	33398
63885	51433
63885	63884
63887	33398
33400	19843
33420	32594
33438	13270
33443	38247
33443	63896
63896	33443
63899	33454
63900	33455
33460	22352
33460	47277
33460	63902
33460	63903
63902	33460
63903	33460
63907	33475
63908	33475
63916	33506
63917	33511
63919	70304
63920	33512
63921	33514
33515	15255
33515	63922
33515	63923
33515	63924
33515	63925
33515	63926
33521	4015
33539	53321
33540	12676
33543	63932
33548	41827
33558	4025
33559	4025
33559	63934
33560	4026
33581	47452
33599	63964
63966	70271
63966	70310
63966	70311
63967	33606
33616	33608
33610	33618
33618	63970
33613	63968
63968	33613
63970	33618
33628	49831
63974	33630
63976	33634
63978	33634
63978	60007
63979	33637
63979	63980
63980	33637
63980	63979
63986	33651
33655	63988
63988	33655
63989	33658
33659	63991
63991	70318
63991	70319
33661	63993
63996	33681
63996	70323
63997	33682
33686	63998
63998	33686
63998	70324
63998	70325
33687	22129
33697	26437
33697	63999
63999	33697
33698	64000
33701	11269
33701	24746
33701	45024
33714	31457
33714	64004
64004	33714
33715	71415
33722	37111
33728	13319
60310	24427
33732	64007
64007	33732
64008	33733
42894	16856
54859	33742
54859	54858
54859	68979
33743	64018
33745	20509
33752	52379
33752	64022
33752	64023
33752	64024
33753	21722
33755	64025
33755	64026
64026	33755
33770	64045
64045	57482
64045	69404
33772	64046
33775	6888
33775	64047
33784	18107
33784	64054
64055	33786
33799	8230
33800	30966
33800	30967
33801	33798
33811	61234
33825	33826
64063	33826
64063	33827
64063	58175
64063	64064
64063	64065
64063	67895
64063	70330
64064	33826
64064	58175
64064	64065
64065	33826
64065	48676
64065	58175
64065	64064
64065	67895
33827	64065
33831	4086
33832	4086
33832	37759
64067	33837
64068	33846
64070	33850
64070	42097
64070	66412
33867	33851
33867	33854
64080	33875
64087	33878
64089	70331
64089	70332
64089	70333
64089	70334
33901	4094
33902	4094
33903	4094
55981	33906
55981	35524
55981	45989
55981	53557
64098	33925
64101	33943
33950	4100
64105	33951
64105	70337
64106	33955
64106	33956
64106	69520
33957	4110
33971	4117
33972	4117
33973	4117
33973	64108
33973	64109
64108	33973
64109	33973
33975	20701
33975	64110
33978	10883
64114	33981
33983	33615
34028	13343
34032	64122
34036	29904
64011	33733
34055	4151
34056	4151
34057	4151
34061	4157
34062	4159
47511	34064
64131	34069
64131	45237
64136	64137
35323	48271
41928	66361
64141	45989
64141	48506
64141	54799
64141	55981
64141	64095
64145	34091
64146	34091
64146	47483
34096	18823
34097	49900
34098	64150
34098	64151
34102	55983
55983	34632
55983	64141
34103	64157
64158	35422
64158	64641
34113	9723
41896	42548
34126	45554
56905	34128
64172	34129
64172	64174
64174	64172
54552	16546
64176	34131
57159	19872
34136	62372
34138	24175
34140	24175
34141	24175
34141	34140
34142	24175
34142	34138
34142	34140
34142	34141
34148	63664
63664	32781
34159	11327
34159	14385
34168	64195
34180	64196
64196	34180
34187	8746
34187	17034
34191	64202
34192	64203
34195	34185
64207	34198
64207	64208
64207	64209
34202	7447
34202	19691
34202	23883
34202	37410
34207	22780
64222	34214
34215	64223
64232	34222
34225	64235
64236	34228
64236	57564
64236	70357
64237	34228
64239	34229
64239	54150
64239	64240
64241	34232
64242	34232
34237	4175
34238	4175
64245	34247
64246	34247
64249	34248
64259	34274
57025	19751
57025	34275
34283	19198
34284	64261
34289	33429
34289	34273
34289	64263
34290	64265
34290	64266
34290	64267
64266	34290
64266	64265
64267	64266
34293	60065
64268	34297
34301	12956
34325	4195
34338	4200
34339	4200
64274	34342
64275	34342
64275	64276
64275	64277
64275	64279
64275	64280
64275	64281
64276	34342
34347	31230
34359	64287
64287	34359
34362	64288
34362	64289
64288	64289
64289	64288
64289	70351
64290	34367
64290	70360
34368	34370
64291	34377
64291	70361
53318	15159
64294	34398
34401	64297
34404	4214
34404	29981
34404	34752
64301	34409
64304	34412
64304	34413
64304	64305
64305	34412
64305	34413
64305	64304
64305	64306
64306	34412
64306	34413
64307	34413
34414	64308
34417	4217
34440	64310
34440	64311
64312	34447
64313	34447
64315	34447
34452	4237
34456	4241
64318	34462
64318	64319
49646	68053
64321	41067
38419	5296
38419	34469
34471	34462
34471	34748
34476	4245
34477	4247
34478	4247
64324	34482
64325	34482
34484	34482
34484	64332
34487	39879
34487	61635
34494	4281
34494	13386
34494	21598
34501	4256
34502	4256
34507	64335
64335	34507
64340	70371
64341	41052
34521	23527
34550	64350
64350	34550
64351	34551
34562	15003
34563	4263
34564	4263
64354	34569
34570	4265
34571	4265
34575	19475
34575	39183
34575	64362
64362	34575
34578	4272
34579	4272
34589	4277
34589	5418
34589	64366
34589	64367
64366	34589
34590	4277
34591	4277
34592	4277
34592	34413
34593	4277
64370	34608
34610	64371
64372	34612
55942	18627
34618	19751
34618	64373
64373	70373
34623	29004
34623	48900
34623	64378
34623	64379
64378	48900
64379	34623
34626	4280
34627	4280
34628	4280
34633	4281
34635	23295
34635	34108
34641	34642
34643	34647
34659	64381
64381	34659
64381	70376
34661	71520
34661	71521
34661	71522
64387	34692
64387	64388
64387	71524
64388	34692
64388	64387
64388	64391
64388	64392
64388	71524
64389	34692
64389	64387
64389	64388
64389	64391
64389	71524
64390	34692
64390	64387
64390	64388
64390	64389
64390	64391
64390	64392
64390	71524
64391	34692
64391	64387
64391	64388
64391	64389
64391	64390
64391	64392
64391	71524
71524	34692
71524	64387
71524	64388
71524	64389
71524	64390
71524	64392
34720	12940
55210	17488
55210	34721
64400	34728
64404	34732
64406	34735
34755	11318
34757	57996
34760	21304
34761	18687
34761	44654
34772	31304
34772	64411
34786	11098
34791	13098
34791	64418
34793	21462
34793	64419
34794	64420
34794	64421
34794	64422
34794	64423
34794	64424
64421	34794
64421	64422
64422	34794
64422	64421
64424	34794
64426	34799
64427	34806
64428	34813
34818	64429
64429	34818
64433	34823
34832	43747
34842	7942
34859	4355
34859	64435
34883	64439
64439	34883
64441	34887
64441	61366
64441	70388
51335	12867
51335	34891
64445	34894
64449	53800
64451	34902
64452	34902
59388	22910
59388	34903
59388	69673
64455	34903
64455	38934
64455	66923
64459	34927
55902	34954
64463	34955
34965	64465
64466	34966
64466	70393
34984	25922
34985	9623
34991	34989
34997	4376
34999	64468
64472	35009
64472	70394
56286	35010
64476	35011
64476	64478
64476	64485
64477	35011
64477	64478
64478	35011
64478	64477
64479	35011
64479	64477
64479	64478
64481	35011
64484	35011
64484	64483
35015	4387
64490	35031
64491	35031
35035	35033
35036	11996
35043	4401
35044	4401
35051	16968
35051	64493
64493	35051
35053	35054
35053	64494
35054	35053
35054	64495
35054	64496
35054	71525
64494	35306
64495	35054
71525	35054
35059	37176
35059	64498
35061	64501
64501	35061
35064	7849
35066	18864
35070	64503
35070	64504
35070	64505
64503	35070
50653	12469
50653	35075
50653	45944
35079	22853
35079	31561
35079	64509
35092	64512
64512	52354
35095	64511
35104	56644
64523	35107
64530	35110
35121	35126
35121	35136
35121	35140
35121	35149
35126	35121
35149	35121
35149	35140
35149	35148
35122	64533
35122	64534
64536	35124
56988	19714
35148	35121
35148	35126
35148	35149
35150	19833
35152	12112
35157	37894
35157	53557
64541	35173
64541	59030
35179	35136
64551	35194
35196	34632
35196	35192
35196	35193
35196	64547
35196	64552
64547	35193
64552	35196
35200	64556
64556	35200
35206	63380
63380	57496
35208	11142
35208	22261
35208	52354
35208	64559
64559	35208
35235	16393
35235	26705
35257	35241
35258	34129
64567	35264
64567	70402
64569	35270
64569	64570
64570	35270
64570	64569
64574	35272
64578	35276
64579	35276
64580	35276
35292	24855
35296	4443
35300	33491
64585	35367
64585	64621
64586	35304
55071	35305
55071	55077
55074	35305
55075	35305
55075	35310
55075	55072
55078	35305
55078	35310
55078	55075
58455	21611
58455	35321
35326	16999
35326	50853
35350	9668
35350	14392
35350	16057
64615	35360
71529	71706
71529	71707
71529	71708
71529	71709
35362	64617
64617	35362
35363	64618
64618	35363
64618	54725
35364	64619
35364	71530
64619	35364
64619	42622
71530	35364
71530	61127
35367	17192
35367	29891
35367	64621
59241	22716
59241	35368
64625	35376
64625	70408
64629	35378
64634	35391
35404	10839
35410	60711
35412	4597
35412	16124
35412	54117
54117	16124
35423	35418
35423	35419
35423	35424
35423	64638
35424	35418
35424	35419
35424	35423
35424	35425
35424	35426
35424	64638
35425	35418
35425	35419
35425	35420
64640	35422
64641	35422
64641	64158
35426	35418
35426	35419
35426	35420
35426	35424
35427	35419
35429	43617
35429	48313
35429	50238
64643	35433
35447	4468
35448	4468
35449	4468
35450	4468
35451	4468
35452	4468
64655	35461
35467	4477
35468	4478
35469	4478
64657	35471
64657	58355
35473	4480
64662	35490
64666	35512
35513	4487
35513	35512
35513	51973
35513	64668
35513	64669
64672	35515
64674	70415
64674	70416
64674	70417
45711	35528
64678	35528
35541	64680
64680	70418
64681	35545
35549	64685
35550	33315
35550	64686
64686	69398
64686	69399
64686	70419
35551	4491
35552	4491
35552	28401
35553	4491
35555	4491
35558	4495
64690	70424
35582	64699
35590	56636
35590	60438
64702	35610
35613	4507
35614	4507
64704	35620
64704	41933
52655	14520
64705	35621
64705	42753
64705	66542
64707	35621
64709	35621
64712	64713
64715	35629
64719	70426
64722	35686
35687	64725
51559	22429
51559	35691
35692	14569
35696	64738
35696	64739
64738	35696
64738	64739
64739	35696
64739	64738
35731	26952
35731	64746
35731	64747
64748	35732
35764	64755
64757	35773
44120	7616
44120	35796
44120	58938
44120	66868
64758	35803
35809	20226
35809	24146
35813	21298
35817	4551
35817	28230
35817	64761
35819	13222
35837	13689
35839	12722
35839	64762
35844	17278
35846	17646
35852	15767
35856	15767
35856	62792
64765	35864
64765	35865
64766	70429
64769	35883
64769	54319
64770	70431
64771	70432
64773	35889
64776	35893
35896	4576
35898	9558
35901	5072
35901	64778
64782	35904
64784	35908
35909	33962
35912	4584
61825	27812
61825	35918
35920	4593
35922	13442
35922	64758
35925	13963
35925	64786
64786	70436
64786	70437
57425	20202
57425	35939
57425	64788
57425	64789
64789	35939
35948	13143
64792	35966
36005	36003
36005	64804
64804	36005
36006	31798
36014	4610
36015	4610
36016	4610
36016	18032
36016	55553
36028	64807
36043	64818
64818	67523
64818	70438
43846	11564
43846	36052
43846	57846
43846	66823
64822	70440
36079	45911
36079	64824
64824	36079
64824	45911
36080	64826
36080	64827
36080	64828
64827	36080
36085	64830
36087	22673
36097	20213
36097	36094
36096	48003
36104	4622
36111	4630
36120	64837
36132	4621
36132	64838
36133	4642
36134	4643
36135	4643
36142	4658
36146	4660
64844	36150
64845	36150
64845	64849
64848	36150
64849	36150
36152	4663
36152	23352
36153	4668
36155	4671
59739	23567
59739	36165
36167	36166
36167	64853
64853	36166
64853	36167
64853	70444
64854	36166
64855	36166
64858	36166
64861	36177
36181	4682
36182	4682
36183	4682
64862	36186
64865	36198
52441	14244
52441	36199
64867	36199
64868	36199
64869	36199
64870	36199
36210	36206
39057	5531
39057	36211
39057	64872
64871	36211
64871	64872
64872	36211
64872	64871
36214	4689
36214	8603
36214	30462
36215	4689
36218	64874
36221	33756
36221	45578
36222	39960
39960	65845
36239	64880
64883	36240
64885	36247
64885	64886
64885	70449
64886	36247
64886	64885
36258	63320
36345	36277
36345	36278
64887	36277
64887	36278
64888	36277
36279	51569
36308	36303
36308	64894
64895	36311
36323	4727
36324	4727
36325	4727
36326	4727
36328	4730
36342	43638
36342	64901
36343	64902
36352	4741
36356	64905
36358	52284
36358	52285
36358	52286
52286	43833
52286	52284
52286	52285
36366	14920
36366	64906
36366	64907
36366	64908
36366	64909
36366	64910
36366	64911
64911	70456
36367	4755
36368	4755
36373	64912
64912	36373
36387	64913
36391	64914
36394	4771
36394	47801
36396	4772
36396	5649
36396	25773
36397	4772
36397	44438
44438	36397
64920	36403
36406	27460
64922	36418
64922	41941
36431	64923
36436	15896
36443	21395
36455	4808
36502	8093
36507	4842
36519	36513
64931	36513
38405	36528
64934	36529
64935	36537
64936	36538
64937	36539
64939	36544
64943	36557
36574	7801
36574	31543
36574	64946
36574	64947
64947	36574
36575	21924
36592	36582
36593	9855
64953	36595
64953	59873
36596	64955
36599	10748
36602	4869
36612	31788
36612	57646
57646	36612
36615	22984
36616	4877
36616	64957
36619	4882
36620	4882
64958	36621
64961	36633
36635	4891
64962	36638
64962	70458
36644	50874
50874	12603
50874	38926
36651	4909
64966	36687
64971	36724
64972	36781
64979	36853
36872	14322
36879	13533
36879	18659
36881	9833
36881	11648
36881	64982
64982	36881
36886	36883
36886	36884
36885	64983
64984	36899
36903	8756
36903	64985
64985	36903
36911	12423
36911	16104
64987	47812
36917	64988
64988	36917
64994	36941
64999	36949
64999	61870
64999	65001
64999	65002
64999	65003
64999	70462
36953	46730
36961	36962
65005	36963
36964	65010
36968	34352
36968	65014
36969	12679
36969	65015
65015	36969
36973	12469
36979	59460
52254	36981
36987	8961
36995	41932
36995	65022
65022	70464
36997	37000
36997	55093
38878	38869
38880	36999
38880	38869
38880	38871
38880	38872
38880	38879
38880	65522
37014	37011
65032	37042
37043	24094
37054	37056
37054	65037
37056	37054
65037	37054
37068	65039
65040	37069
37081	62941
37081	65041
65042	65043
65043	37086
37087	37084
65044	37091
65047	37096
65049	37097
65050	37099
65051	70466
38465	37111
65054	37111
65055	37118
37138	4982
37140	23725
37140	55145
37140	65062
65062	37140
37160	4988
37162	65067
37162	65068
37164	4997
37166	5001
65072	37172
65073	37172
65073	65072
37175	5013
51838	37179
65074	37179
37183	5025
37197	13742
37197	65076
37200	37188
37219	45174
37222	9841
37228	65082
37228	65083
37228	65084
37233	5039
37238	5049
37260	37261
37260	65091
65091	37260
65091	37261
37266	5062
37272	65096
37285	65101
65101	37285
37293	25259
37295	5072
37296	5072
65102	44707
65105	37311
55635	18183
55635	69107
65108	37319
65110	37321
65111	37324
65113	37332
37336	37330
37340	5077
65114	37341
37367	5091
37370	65118
65120	37373
65124	37377
65125	37377
37405	37409
37405	41025
37408	5106
65134	37424
56795	19514
56795	37431
37447	5121
37448	5125
37455	37456
65145	37458
37468	44073
37474	12725
65146	37479
65146	54354
37489	65156
65160	37497
65160	70479
37511	10294
37512	31574
37513	65162
65162	37513
37516	30432
37522	65164
37523	62016
37528	19709
37529	14566
37529	19709
37529	37530
37529	37531
37530	19709
37530	37529
37531	19709
37532	19709
37533	56807
37541	40498
37541	65172
37541	65173
65172	44807
65172	70482
65174	37542
37543	65176
37547	65178
65178	37547
53907	15849
53907	37551
53907	53908
53907	68816
53908	15849
53908	37551
53908	53907
53908	60021
65181	65182
65182	37551
65182	65181
65184	37551
37552	57137
37552	65185
65185	37552
65187	37553
65187	47030
37555	21722
37555	49359
37557	9535
37561	16953
37562	9965
37562	65190
65202	37580
65211	37599
37600	65213
65219	65222
65222	37611
65222	70485
58018	20902
37636	5166
37636	37635
37636	65232
37637	5166
37637	37635
37637	65232
37638	5167
37644	5170
37645	5170
37646	5170
65236	37647
37660	35321
37660	65239
65239	37660
37669	65242
37674	16108
37682	5180
37685	5187
65247	37691
65247	45839
37700	47734
37723	65252
65252	37723
65253	37726
65254	37726
37754	43809
37754	56666
37754	65259
37754	65260
37754	65261
65259	47976
65259	70492
65259	70493
65259	70494
65259	70495
65260	43809
37756	16851
37760	10291
37762	7425
37762	15204
37763	41148
71502	12585
71502	37776
37785	60946
37789	65269
37789	65270
65270	37789
65270	65269
56234	37794
65272	37794
65273	37802
65275	37807
37809	41845
37810	23678
37810	28350
37810	37776
37819	52646
37820	65277
37830	32363
37834	65281
37838	19555
37845	5210
37845	35691
37846	5210
37846	35691
37847	5210
37848	5210
37849	5210
37850	65283
37851	5212
37851	24817
37852	5212
37853	5212
37855	65284
37867	37856
37867	65287
65285	37856
65287	37867
37884	5220
65298	37893
65302	37913
65306	37927
65309	37931
65313	37934
65313	59430
65325	38011
65332	38030
38075	14569
38075	48272
48272	34691
48272	67797
38078	10998
38078	38059
65336	38090
63095	31317
65337	38093
38094	65338
38094	65339
65338	38094
65339	38094
38095	10513
38095	41867
38095	41869
38095	48156
38095	65340
65340	38095
47016	38096
65341	38097
65341	48870
38098	23908
65348	38120
62884	30767
65356	38212
65358	38222
65361	38233
38249	38251
38258	9668
65369	38270
38272	19224
38272	64386
64386	34691
38308	38304
65382	38310
65387	38322
38328	50084
50084	50083
38343	11495
38359	50951
65392	38367
38379	26878
38390	65394
65394	38390
38415	43768
38418	5296
38420	5297
38426	65401
38436	38434
38462	47951
65409	38473
38488	8501
38488	19060
38488	45615
65419	38510
65420	38512
65422	38516
65423	38523
65426	38527
38533	5328
65431	38534
38550	49299
38550	65432
65433	38559
65434	38559
52569	38570
65441	38574
38578	38574
38579	5364
57410	56707
65457	38629
65458	38629
65461	38632
65461	65462
65465	38633
65469	38646
42527	6942
42527	38692
42527	42326
38696	25255
38699	5394
65483	38706
38713	5406
38716	5410
38730	38727
38731	34797
38734	5418
38737	5421
38737	38736
38783	45847
38783	65497
38783	65498
65497	38783
65498	38783
65498	65497
65500	38788
65500	50084
65500	57226
65500	60868
65500	70517
65501	38801
65502	38805
65502	62376
65503	70519
65503	70520
65505	50720
38829	5441
38831	5445
38832	5445
38833	5449
38845	5464
38845	9438
38860	28578
38860	65511
65511	38860
38862	5480
65515	38871
65516	38871
65522	38879
65522	38880
65524	38884
65524	70522
65526	38888
38889	65528
65528	38889
38892	9438
38904	9998
38904	65530
65533	38917
65533	48974
65533	65534
65533	65535
65534	38917
65534	65533
65536	38924
65541	38926
65542	38927
65542	47094
65542	65543
65545	38934
65545	65546
65545	70524
65545	70525
65545	70526
65548	38939
65549	38939
56501	19217
56501	38953
38956	35883
65563	38957
65564	38957
38967	5506
65569	38970
65572	38978
65576	62322
39006	17431
39006	40670
40670	39006
39007	10825
39007	65585
39007	65586
39008	20884
39010	54916
39012	5515
39012	54187
39013	5515
39014	5517
39015	5517
39015	19169
39015	31739
65588	39016
55490	39018
65591	39018
65593	66507
65593	70533
39026	54766
39055	5531
39055	65601
39056	5531
39058	5533
65603	39067
65603	53337
65605	39069
65605	70534
65606	70535
65608	39084
39097	39096
39100	5554
39114	5573
39117	63642
39123	37036
39124	37036
65613	39129
39140	5593
39150	65615
39150	65616
39150	65617
65619	39164
65619	65620
65620	65619
65621	39164
65621	65619
65621	65620
65621	65623
65627	39165
39167	27225
39173	39170
65632	39182
39184	5626
39185	5626
39186	5626
39186	65634
65637	39198
39207	65639
39207	65640
65639	39207
65640	39207
65640	65639
39209	5633
39210	5633
39238	26950
65648	39247
39251	65650
39255	5653
65651	39257
39269	5660
39282	5672
39297	15395
39309	39180
39309	65660
39312	5683
39312	21356
39313	5683
65662	39318
65662	70543
53089	39323
53089	68681
39333	5702
39333	65664
58004	39335
59828	39335
39339	5715
39350	65671
39885	39357
39885	65804
39370	5723
39371	65673
52998	39379
39382	13081
65676	39387
65679	65684
39391	5739
39394	5749
39403	5757
65695	71533
71533	39416
71533	65695
40709	40708
40709	51189
40709	66043
39452	5765
65698	39453
65700	39461
39462	5769
39463	5769
39464	5769
39465	5770
39465	45561
39468	5771
39475	5775
65701	39476
65709	39503
65713	39515
65713	70551
65714	39516
65717	39523
65717	70553
65717	70554
65719	39528
39530	5799
39531	5800
39532	5800
39533	5800
39534	5800
39535	5800
39537	5802
39547	31941
39548	65722
39549	65723
65723	39549
39620	39618
65725	39618
65726	39618
65727	39618
39625	5821
39629	43475
49991	39630
45933	21312
45933	39636
45933	67295
45933	67296
45933	67297
45933	67298
54989	21312
54989	39636
54989	39642
65732	39637
65732	70560
65734	39640
54990	21312
54990	39642
65738	39653
65743	39688
65744	39688
39690	5843
39691	5843
39698	5848
39699	5848
39700	5849
65746	39720
65748	39720
65753	39721
65754	39721
65756	65752
65759	65752
52117	13719
39731	65762
39731	65763
39736	38874
65766	39743
65767	39743
65768	39743
39747	65771
65773	39762
65773	70566
39807	5903
65781	39815
39832	24945
65786	39833
39834	5925
65787	39836
39840	39841
39841	39840
39854	20077
39856	5935
39857	5935
39858	5935
39861	57499
65795	39862
65795	70568
65797	39868
65797	49471
39872	65799
65800	39877
65801	39877
65802	39877
65803	39877
39893	19281
39895	46594
39904	39897
39906	11023
39906	37074
39906	39897
39906	65815
39914	36174
39921	65819
39948	65844
39952	22872
65845	39960
39996	39968
40000	17788
65856	70572
40027	35332
40029	40884
40029	48168
40029	65857
40030	18396
40030	65859
65859	40030
40034	36970
40036	65863
65863	40036
40042	9567
40042	37169
40043	9232
56532	19234
56532	40061
40068	60712
65868	40072
40088	23965
40088	48313
40088	49202
40092	24405
40097	65871
40103	42521
65880	40111
65886	57065
65886	57071
65891	50190
65891	57071
65891	65886
65891	65887
65891	65889
65891	69330
42536	66501
40119	40118
65894	40126
57926	57922
40152	24544
65898	40160
40161	61548
40161	65899
40171	65900
40172	5983
65901	40173
40178	5989
40179	5989
40180	5989
40181	5989
65907	40189
65907	47328
40198	5997
40199	5997
65912	40210
65914	40212
65914	65913
65920	40227
65920	55494
65920	60571
65924	40235
65924	65925
65926	40243
65927	40244
58000	40246
65929	40247
65930	40248
55457	17905
65931	40256
40265	40233
40271	57078
65935	40277
65936	40277
63718	32932
40318	10950
40336	6022
63147	31424
63147	40353
63147	47349
63147	70200
40371	6029
40372	6029
40373	6029
40380	17214
65974	40388
65975	40388
65976	40390
65976	66742
40413	65978
40417	6041
40417	51966
40417	65979
65979	40417
40435	40433
52014	40434
65982	40434
65983	40434
65985	40447
65987	40451
40461	40993
40461	45452
40468	6070
40469	6070
40474	6072
40478	39759
40479	28268
40479	51041
40494	6079
65991	40495
65991	46269
65992	40495
65993	40495
40500	23121
40500	65996
40500	65997
40500	65998
40500	65999
40503	15073
40503	66000
40506	6091
40509	6094
40510	6094
40514	6097
40533	40516
66004	40527
66006	40527
66006	70581
66005	40532
40548	6109
40554	6119
40556	6119
66008	40557
66009	40557
40558	6119
66010	40560
40572	6126
40574	6130
40575	6130
40577	11812
40588	66014
40831	40591
40602	66015
66015	52572
66015	70583
66015	70584
40606	6149
66019	70587
40608	6153
40626	66031
66031	40626
40639	6162
40641	6163
40642	6163
40643	6163
40656	40649
40656	40650
40651	62306
40674	66036
40674	66037
40675	66038
66040	40688
40699	6184
40701	6197
40701	66041
66041	70591
40702	6204
40706	6214
40707	6214
40708	40709
40711	6218
40713	6221
66044	40717
66046	70592
66046	70593
40725	66047
40729	6234
40729	53812
40730	6237
40730	26364
40732	6242
66051	40740
40742	6253
40742	10914
40742	62391
40745	6263
40748	6267
66059	40750
40751	6277
40754	6283
51749	52488
51749	61391
52505	14356
61391	26610
61391	52488
66067	40761
66067	43043
66068	40761
66069	40761
40764	6292
40772	6303
40776	6312
40811	59497
40811	66075
40812	6348
40816	6353
40817	6353
40818	6353
40819	6353
40819	66077
66077	40819
40824	40821
40824	40822
66082	70599
40828	40829
40849	6376
40850	6376
40860	33267
40861	33267
40862	33267
66052	40743
40878	40879
40882	38392
66090	40884
66091	40884
66092	40884
66099	40908
66102	40911
66105	40916
66106	40916
66106	66105
40932	66109
40932	66110
40932	66111
66109	40932
40938	46475
40939	66112
40940	21933
40940	35160
40940	66113
66113	40940
66118	40951
40952	6422
40952	7820
40952	40951
40959	66120
66120	40959
40961	40963
40963	40961
40966	66121
40967	6421
40968	6421
40969	6422
40970	6424
40970	44570
40970	66122
40985	6436
40986	6436
40986	66124
40986	66125
40987	6436
41007	6450
43494	41014
43494	55351
43494	55354
43494	66715
43494	66716
43494	66717
41021	22872
66134	41025
66135	41025
44569	41026
41040	6460
66139	41055
41064	6468
41069	66149
41069	66150
66150	41069
66150	70606
66150	70607
66150	70608
41074	6473
41082	66154
66154	41082
41087	66155
66155	41087
66155	66156
41110	25518
66161	62192
66162	45542
66164	41148
63984	33648
63984	41151
41157	53809
53809	15754
41160	47052
58946	22324
66177	41192
41197	21186
41198	21186
41200	21186
66184	41243
66186	41244
66189	70616
41257	66190
66190	41257
41258	16875
66192	41264
41289	42789
41289	57633
41289	66195
41300	41299
41319	28766
54056	41321
66198	41323
66198	70617
66204	70618
66206	41367
41368	22910
41369	13163
41369	29102
41375	6564
66211	41378
66212	41380
41388	17956
41388	47662
41388	66214
66214	47662
66215	41390
41394	6570
41395	6572
41396	6573
41397	6573
41406	6580
41411	9556
41411	35807
41411	66217
41415	66220
41423	19095
66221	41430
41431	6585
41432	6585
51863	41454
41482	37971
66240	41523
66242	41541
41549	41548
66254	41569
66254	66252
66254	66255
66255	41569
66255	66254
41588	34187
66259	41596
41599	66260
66261	41602
41612	6627
41633	35633
41637	35438
41639	66264
66264	41639
66264	66265
41641	35438
41642	66266
66266	70627
41649	66268
41651	19094
41651	66269
41652	45330
66271	41663
66271	70628
66271	71537
66272	70629
41675	39689
41675	41669
41675	41670
41675	41676
41675	41679
41675	43367
41675	43368
41675	43369
41675	63337
41683	9117
41683	46625
46625	9117
66279	41689
41694	18278
41696	41682
66284	41704
60273	24334
60273	41712
66286	41712
66289	41718
41740	41739
66302	41741
66303	41743
41751	28268
41752	28268
41753	30275
41758	6665
66305	41759
41762	66308
41762	66309
41762	66310
41762	71507
66309	41762
66317	70633
66318	41794
66323	41797
66323	70634
66324	41797
66331	41817
41830	66337
41830	66338
66341	41845
41855	17910
41855	29649
41855	33182
66346	41858
41861	66348
41879	6685
41879	23890
41880	6685
41881	6685
66352	41884
41887	37905
41887	66355
41888	41889
41915	25645
41915	46794
46794	41915
46794	66559
66361	41928
41937	17044
41948	6709
41949	6709
66366	41951
41953	6713
41953	41954
41954	6713
41954	41953
41955	6713
41955	41954
41956	34070
41959	6717
41984	6724
41984	41983
41990	44637
66379	45407
42027	35925
66384	42045
66385	42046
66390	42063
64806	36021
64806	42065
66398	42075
66400	42083
66401	70639
66404	42084
66404	70640
66404	70641
66411	42096
66411	70645
66412	42097
66412	64070
66416	42103
66417	42117
66418	42121
66420	42123
66420	53184
66420	70647
66423	42128
66424	42133
66427	42139
66428	42139
66428	66427
66429	42140
42170	6777
42175	6777
42182	6785
42182	15767
42182	51321
42182	66438
42185	54679
42187	6788
42190	6791
42204	6799
52589	42205
52589	68589
71480	6800
71480	42205
42207	6804
42208	6804
42209	6804
42219	6811
42220	6811
42224	18305
42235	42231
42237	66446
42246	43385
42247	11054
42250	6821
42268	42267
42285	6832
42285	42283
42290	6835
42291	6835
42292	6835
42293	6835
66454	42297
42300	6838
42301	6838
42301	37424
42312	6847
42313	6847
42314	6848
42334	66459
42337	6856
42338	6856
42339	6856
66461	42351
42363	66465
42372	42368
42373	10738
42376	6867
66467	42385
42395	43774
42403	42405
42413	37361
42413	66477
66477	42413
42427	54534
42435	15354
42435	66480
42442	24714
42443	24714
42443	24901
42443	58383
58383	21515
58383	24901
58383	69542
42448	6888
42448	23979
42449	6888
42449	21704
42449	26436
42461	12535
42463	6896
42476	66485
42477	66486
42477	66487
42477	66488
66486	42477
66486	66488
66486	70654
66487	42477
66488	42477
66488	66486
42486	12365
42493	6913
42494	6919
42496	6928
42520	6933
42526	6942
42526	42326
42529	6944
66503	42539
42545	33216
42545	66506
66507	42546
66507	65593
42556	15652
42558	16492
42565	66511
42566	18689
42576	42577
42577	42576
66513	42583
42592	6964
42600	6967
42622	14131
42622	64619
42625	6981
42625	33906
42626	6981
42627	6981
42651	7032
42652	7032
66520	42658
66520	51993
66520	66521
66520	70662
66521	42658
66523	42658
66535	42720
66539	42741
66540	42746
42750	37415
42751	37454
66541	42752
42753	64705
42756	66543
66543	70663
42758	11376
42758	14115
42759	40348
42764	7043
66551	42779
66558	42805
66564	68692
66565	42832
42897	66571
66571	42897
44777	7948
44777	42899
42912	7056
42919	33476
42937	66578
42937	66579
55679	61125
55679	63257
55679	63258
66581	63258
66584	42954
42958	7097
42961	7102
42967	33361
42968	51457
42976	7107
42977	7107
66587	42983
66587	70669
42991	42992
51790	13293
51790	42995
51790	42996
43008	7453
43008	43011
43017	7119
66592	43020
43022	20774
43024	22564
43028	7129
43029	7129
43034	49795
66593	43043
66594	43043
66600	43056
66603	43056
43066	37610
43068	66605
66605	70672
43073	7161
43074	7161
43074	39902
43091	7169
43093	66608
43102	19878
43106	66609
43108	7174
66611	43120
43133	7858
43146	66618
66618	43146
43147	7200
43179	7221
43179	32467
43179	38909
43179	66626
66626	43179
43180	7221
64021	33746
64021	43197
64021	66629
66627	43197
43208	18748
66631	43213
43216	14376
66633	70675
66633	70676
66633	70677
66633	70678
66633	70679
66633	70680
66633	70681
66633	70682
66633	70683
66633	70684
66633	70685
66633	70686
66633	70687
43227	7267
43228	7267
43228	43226
43232	7283
43234	7289
43235	7289
43236	7290
43237	7290
43238	7290
43243	7297
43251	13411
66016	40605
66016	43252
66016	66638
66016	66639
66016	70585
66637	43252
43253	31196
43261	54240
43262	23500
43262	49842
43269	52835
43272	21764
43274	21764
43275	21764
43276	21764
43285	43283
43284	24881
43284	66643
43290	18943
43290	56214
43290	66645
66645	43290
43291	21735
43294	43497
43294	43499
43294	66647
66647	43294
43295	58208
43299	43255
43301	7311
43310	43302
43304	10503
43304	41108
43306	43303
43311	31527
43311	43303
43311	63190
63190	31527
43312	17025
43312	54963
54963	17025
54963	43312
54963	54966
54963	68998
43313	26444
43314	66651
43314	66652
43314	66653
43323	7316
43330	7321
66659	43348
66659	60680
66659	66660
43350	7344
43371	41678
43371	41679
43372	41678
43372	41679
66666	43373
66667	43373
66668	43373
43381	26558
43387	7380
43387	29435
43392	7384
43393	7384
66669	43396
66671	43401
66677	66675
66678	43405
66678	66677
63204	31551
63204	43412
63204	63203
63204	70210
66688	43414
66690	43417
66693	46800
66695	43435
66710	43465
66710	53009
66711	43472
66711	66712
51792	30432
51792	43491
51792	68440
66713	43491
66715	70692
66715	70693
66715	70694
66717	45889
63707	43497
63707	43499
63707	63708
63707	63709
63707	63711
63711	43497
63711	63707
63711	63708
63711	63709
63711	70285
43501	23012
43509	26746
53485	43512
53485	68748
66723	43517
66723	66724
66723	70696
66723	70697
66724	43517
66724	66723
43522	7402
43523	7402
43523	43521
66732	43531
66734	43541
43556	43542
66735	43542
43555	21061
43555	34520
66738	43562
66740	43562
66745	43563
66750	43571
43577	43569
43579	42631
63725	32951
63725	43601
63725	70286
43603	7415
43603	51165
43603	66755
43603	66756
43603	66757
43603	66758
66755	43603
66755	66756
66756	43603
66756	66755
66757	43603
66757	66272
66757	66756
66758	43603
66759	43604
66759	66764
66761	43604
66762	43604
66762	70702
66764	43604
66764	66759
66764	66761
66768	43619
43622	7424
43625	7425
43625	35446
43625	43624
43626	7425
43626	43623
66782	43651
66792	43651
43657	18537
43702	49204
43709	66795
66795	43709
66795	70711
43722	7444
43723	7452
66796	43726
43730	7456
43732	7458
43733	7458
43740	7948
43740	14341
43741	7464
66800	43747
66804	43747
43749	9010
43749	9049
43749	16659
43749	66805
43751	24998
43751	46795
43753	7480
43754	10713
43754	39883
43754	66806
43767	7494
43767	43766
43780	66808
43780	66809
66809	43780
43793	43782
66812	43788
66815	43789
43790	66817
43790	66818
66817	43790
43802	7510
43802	33506
43811	66820
43823	37879
43840	7518
66823	43846
43848	22391
43848	23726
43848	28409
43848	31649
43848	63242
43848	66824
43849	25991
43849	35580
43857	37407
66825	43860
66825	70712
43863	32844
43876	43873
43878	7532
43880	7533
66829	43885
43887	41658
43893	7546
43894	7548
51882	13413
43902	66833
66833	43902
43904	7560
43905	7561
43914	7571
66835	43926
66836	43926
43927	7576
43949	15035
43949	41595
43950	11958
43951	66837
43958	15862
43964	33069
43965	15274
43965	15326
43970	12208
43983	8961
43984	42140
66840	43990
43991	7583
43992	7583
43994	7585
43995	7585
44001	43998
44000	43999
44100	30043
44110	66862
66862	44110
44111	44110
44113	7612
44113	66863
66864	44114
66866	44114
44118	13221
44118	13762
44118	44115
44118	66867
44119	13221
44119	13762
44119	44115
44119	66867
66870	44127
44129	66872
66872	44129
66873	44131
44139	44136
44135	22853
44146	12804
44151	44150
66878	44152
44153	7628
44153	44152
44154	7628
44154	44152
66884	44173
44176	7638
44177	7638
44178	7638
44179	7638
44180	7638
44181	7638
44189	7649
44192	35620
44193	24029
44194	7654
44195	7656
44207	7663
44207	66888
44214	7670
66890	44219
66891	44235
66891	66892
66892	44235
66892	66891
66898	70723
66904	44259
66904	66905
66905	66904
66906	44265
66907	44268
44281	9830
44284	13664
44286	13664
44287	13664
44288	13664
66911	44294
66912	44294
66913	44294
44297	30787
44297	66914
44298	21682
44298	52376
44304	15443
66916	44313
44323	66918
66918	44323
44327	7697
44327	9072
44328	7697
44329	7697
44330	7697
66919	44333
66920	44333
44337	7717
44337	13942
44337	66922
44347	24795
44347	33779
44347	41308
44347	45095
44347	55672
44347	64627
44347	66923
44347	66924
44348	7724
44349	7724
44349	38545
44349	66925
47904	44352
44358	7727
44358	18913
66927	44367
44370	44369
44372	7733
44376	7735
44377	66930
44377	66931
66930	44377
66930	66931
66930	70730
66930	70731
66931	44377
66931	70731
44388	7753
44389	7754
44391	36627
66932	44407
66933	44424
44437	53481
44437	62082
44437	66935
62082	28510
62082	70052
44439	44441
44439	66936
44453	7780
44458	7784
66937	44459
44460	7787
44461	7787
44462	7791
44463	7791
44466	11658
44469	7798
44470	7799
44471	7803
44478	7805
44478	44477
44482	11792
44487	31152
44493	7811
44494	7813
44495	7813
66939	44496
66940	44496
66941	44496
66942	44498
44499	7814
44499	16783
44510	35286
44514	7821
44515	7822
44515	30107
44516	7824
44522	7832
44523	7832
44524	7832
44525	7832
44526	7832
44531	7838
66943	44532
66944	44532
44545	66947
44551	22758
44552	22758
44561	21716
44573	51175
44576	55011
44588	7850
44590	7856
44592	7859
66956	44600
66957	44603
66957	54326
66957	66958
66957	66959
66958	44603
66958	54326
66958	66957
66958	66959
66959	44603
66959	54326
66959	66957
66959	66958
59597	23314
59597	44619
66963	44619
66963	66965
66963	70733
66964	44619
66965	44619
66965	66963
66965	66966
66966	44619
44620	66968
44636	22189
44636	33073
44636	43414
44636	44634
44643	7882
44651	7885
44662	7894
66983	44675
44684	7907
44685	7910
44686	7910
44689	7914
44690	7914
44693	7917
44695	7920
44703	7924
44704	7924
44706	7925
66986	44707
50945	50943
50945	68306
44723	28281
44723	66991
44743	7931
44744	7931
44749	42593
44749	66994
66994	44749
44751	7933
44752	7933
44753	44754
44754	41367
44754	44753
44754	66996
44754	66997
66996	44754
66997	44754
44775	7948
44775	42899
44776	7948
44776	42899
44782	7957
44783	7957
44798	67007
67008	44801
67012	44811
61767	27728
61767	45644
61767	61766
61767	67042
61767	67045
61767	70002
60757	25253
60757	27728
60757	45644
60757	45645
60757	45646
60757	45649
60757	45651
60757	60756
60757	61765
67049	44822
67050	44822
67051	44823
67052	44823
44835	7984
44852	8015
44852	26409
67061	44872
67061	53513
67061	67068
44873	53513
44874	53514
44874	67063
67063	44874
67063	53514
44876	15411
44876	44872
44876	44877
44876	53513
44879	44872
44879	44876
44879	53513
44879	59243
44879	67061
44879	67066
44879	67067
44879	67068
67067	44879
67068	44879
67068	67061
44882	8024
44883	8024
44884	8024
44890	24627
44890	34888
44890	59220
44890	67072
44902	8037
44903	8037
44904	8039
44907	8047
44908	8049
44909	8054
44922	8064
44942	8080
44943	8081
44952	8095
44953	8097
44954	8097
44954	67077
44961	8111
44972	8114
67083	44982
44984	8116
44985	28674
44985	31615
44987	24535
44987	51190
67091	44997
45003	8126
45004	8126
45013	10899
45016	45014
45023	8141
45030	8148
45046	22939
45046	58466
45047	45048
45064	67127
67127	45064
45065	8160
45067	8160
45067	45065
52741	45068
52741	55881
52741	55883
52741	55885
55883	52741
55883	55881
56934	19671
56934	45079
67129	45079
45103	8180
45104	8180
45105	8181
67133	45109
45111	37616
45111	67134
67136	45114
67138	45114
54451	16384
54451	45161
45209	8197
45220	8211
45225	8215
45231	45226
67144	45236
67147	45240
45241	67148
61524	27029
67153	45244
67153	62952
45246	8227
45248	8230
61521	27013
61521	45249
45253	8233
45261	8242
45261	67155
45269	8249
45275	8258
45275	67157
67157	45275
45276	8258
45278	23105
67160	45291
45311	8279
67162	45316
45326	67165
67165	45326
45327	8289
45327	24030
45327	67167
45334	43405
45334	66675
45334	66676
45334	66678
67173	45351
67191	45357
67195	45368
67196	45368
67196	67195
45383	8325
67197	70742
45391	25456
45391	67198
45396	26674
45406	8343
67200	45407
67200	70744
67201	45409
45415	8351
45416	8359
45418	45417
45422	67202
45427	8365
45428	8365
67203	45430
67210	70752
45446	45442
45446	45444
47897	10308
47897	45452
45453	8377
45453	67218
45453	67219
67219	45453
67219	70753
45457	8384
67220	45466
67220	51765
67222	45481
67224	45482
45497	8421
45504	67227
45514	8427
45515	8428
45516	8428
45517	8428
45517	30696
45517	67229
45517	67230
67230	45517
45519	8431
45520	8431
45521	8431
45522	8431
45533	8434
45534	8435
67231	45535
45539	45591
45539	45593
45539	45594
45591	8476
45591	45592
45593	8476
45593	45591
45594	8476
45543	8439
67235	45544
45553	8461
67237	45559
45567	8465
45567	11889
45567	33256
45567	34924
45571	8467
67240	45587
67241	70755
45592	8476
45592	45593
45595	8476
45595	45591
45595	45592
45595	45593
45595	45594
45596	8477
45599	8486
45599	67243
45600	8486
45612	8499
45616	8501
45617	8501
45618	8501
45620	8508
45626	67247
45627	67248
45630	8516
45631	8516
45632	8516
45633	8516
45634	8516
45634	67249
45635	8520
45638	29273
45640	8524
45640	28927
45641	8524
67251	45654
45658	8529
45658	19516
45658	48469
45659	8529
45659	19516
45659	45658
45659	48469
45659	67252
67252	45659
45665	47189
45665	52608
45665	58329
52608	23709
58329	21393
45670	13591
45684	8558
67259	45686
45687	8563
45703	45706
45704	20077
45716	12710
45733	13831
67270	45737
45744	49319
45750	45747
45753	39406
45754	45747
45755	8595
45756	8597
67273	45758
45772	8615
45773	8615
67279	45782
71543	45787
45789	45778
45791	27063
45800	8645
45801	8645
45802	8645
45806	31496
45814	67280
67280	45814
45820	45818
45825	20730
45825	33985
45825	61255
45826	45823
45829	13106
45830	19016
67282	45840
45841	8660
45841	33059
45842	8663
45843	8663
45844	8663
67283	45847
45854	8670
45856	13272
45862	8679
67286	45867
67286	55622
67286	55623
45869	14244
45880	8689
67290	45887
67292	45908
71544	54151
71544	67142
71544	68850
71544	71714
67300	45944
67300	67302
67302	67300
45964	8730
45981	8736
45994	8747
45995	8747
45996	8747
46001	67315
46025	12289
46026	67318
67319	46039
46041	34283
46042	8756
46105	17910
67323	70769
46170	8824
46171	8824
46173	8831
46174	8831
46178	8837
46182	8841
46182	67332
46186	8844
46187	8844
60345	24479
60345	42491
60345	46193
60345	69824
60345	69825
60345	69826
67333	46193
67333	70773
46195	8853
46196	8853
46197	8856
46199	8857
46200	8857
46201	8857
46201	67334
67334	70774
46202	8857
46204	8859
46208	8861
46210	8864
46210	46221
46210	46222
46218	8862
46219	8862
46219	46211
46219	46215
46219	46216
67336	46211
67336	46215
67336	46216
67338	46211
67338	46215
67338	46216
67338	46219
46223	8864
46223	46221
46226	8868
46238	8875
46240	8877
46241	8877
46244	8881
46263	8896
46265	8898
46271	8900
46271	23257
46272	8901
46272	67345
46273	8901
46278	8906
46278	46276
67352	46280
46290	64450
46301	8919
46302	8919
46311	8925
46312	8928
46312	21537
46312	38851
46312	46460
46313	8929
46314	8929
46317	8932
46317	35901
46326	8946
46326	67357
46326	67358
46327	9246
67360	46344
46354	8961
46354	25787
46354	67363
46354	71546
71546	71716
46357	8962
46384	67367
46384	67368
67367	46384
67368	46384
46385	31691
46393	8978
46394	8978
46397	8979
46398	8980
46400	8984
46404	8986
46408	8988
46416	8992
46416	52062
46416	52201
46416	67369
46416	67370
46416	67371
46417	8993
46419	8996
46429	9010
46429	46430
46430	9010
46430	46429
46431	9010
46432	9011
46432	67373
46435	9014
46436	9014
67376	46448
46453	67377
46455	51352
46458	38097
46458	41148
46466	9032
46467	67379
46467	67380
67379	46467
46469	67381
46471	9034
46474	9038
46476	9046
46476	46475
46476	67382
46482	55883
67388	46493
67388	46498
67388	46505
67390	46498
67390	67394
67391	46498
67391	67394
67392	46498
67392	67394
67393	46498
67394	46498
67395	46498
67395	67394
67396	46498
67402	46516
67403	46517
67403	67404
67403	67405
46525	67406
46526	9058
46527	9058
46536	33315
46536	67409
67409	46536
54097	16077
54097	46562
55666	46572
46599	9096
46600	9096
46601	9096
46602	9096
67415	46603
46621	46612
46626	9117
46628	9127
46629	9127
46631	9132
46633	9135
46634	9135
46635	9135
46644	43900
46645	9138
46646	9138
67417	46651
67417	70787
46652	9142
55238	46686
46699	34149
46700	34149
46707	9188
46707	67436
46708	9191
46709	9191
46710	9197
46711	9197
46719	9228
46720	9228
46721	9228
46722	9228
46723	9229
46724	9231
46732	9246
46733	9246
46734	9246
46735	9246
46735	16515
46735	67439
46735	67440
46735	67441
46738	35901
46740	21607
46740	67442
46748	9253
46764	9262
46765	9262
46766	9262
46767	9262
46773	9271
46774	9271
46776	9272
46780	9277
46780	67444
58710	21887
58710	46789
58710	67447
58710	67448
58710	69589
67446	46789
67447	46789
67448	46789
67449	46789
66559	42811
46797	9295
46797	67453
46804	9299
46818	46817
46825	15583
46835	31991
46835	46827
46835	51810
46843	9314
46844	9315
46849	9318
46850	9318
46854	9321
46855	9321
46856	9322
46859	9323
46860	9323
46894	9335
46894	67461
46895	9338
46896	9338
46897	9338
58472	21636
46901	29525
46901	31944
46909	9343
46909	46908
46912	9345
46914	9356
46915	9356
46916	9359
46917	9359
46919	9361
67476	46923
46930	28259
46931	26864
67477	46932
46936	9376
46937	9376
46940	9383
46943	9385
46944	9386
46947	9389
46961	21341
46963	50890
46968	9400
46973	9404
46977	39652
46979	9407
46980	9407
67485	46997
66871	44127
66871	46999
66871	70718
67487	47003
47010	26528
47010	45151
47014	21609
47017	9417
67490	47018
67490	59152
67490	67492
67491	47018
67491	59152
67491	67490
67491	67492
67492	47018
67492	59151
67492	59152
67492	67490
67492	67491
67496	47030
47046	22676
67502	47048
47054	48642
47054	51178
67505	47058
47063	9432
47069	9438
47072	9444
47074	9445
47075	9445
47075	14386
47076	9445
47077	9448
47091	9463
65544	38927
65544	47094
47095	9469
47935	24379
47935	47096
47935	47933
47097	9471
47099	9475
67512	47100
67512	56833
47120	9484
47121	9484
47122	9484
47124	9486
47125	9486
47126	9486
47127	9486
47128	9486
47130	9487
67516	67519
47152	67515
47153	16612
67523	47166
67523	64818
47167	9516
47171	9526
47171	20288
47171	67525
47172	9529
47173	9530
67527	47182
47193	35325
47197	9535
47198	9535
47199	67528
47203	9542
51291	47206
47210	67529
47210	67530
67529	47210
67529	70816
67530	47210
47211	9554
59543	23239
59543	47217
47226	9567
47227	9567
47227	67539
67540	47228
67540	67541
67541	47228
67541	53299
67541	67540
67542	47229
47232	9575
47233	9579
47233	67544
47246	9589
47250	14267
67546	56147
47259	67547
47267	67548
67548	47267
47271	9627
47279	42317
67552	47284
67552	58596
67553	47284
67553	58596
67553	70819
47305	67557
67562	47314
47321	67564
47330	29483
47342	67566
67566	47342
47344	9656
47345	9656
47345	28310
47354	9665
47355	9665
47356	9665
47357	9666
47357	23603
47358	9666
47362	9668
47363	9668
47364	9670
47365	9670
47366	9671
47366	21438
47367	9673
47367	67570
47372	9686
47373	9686
47374	9686
47375	9686
47377	9691
47382	9696
67572	47383
67573	47383
67575	47387
47389	9704
47390	9713
47393	9715
47394	9715
47394	22296
47394	47395
47395	9715
47395	47394
47396	9716
47397	9719
47399	9720
67576	47402
47405	9731
47410	9735
47411	33059
47411	67579
67580	47412
47451	9750
47455	12867
47455	19288
47458	9761
47458	47457
67585	47459
55884	40553
55884	47461
55884	55879
47463	9764
47468	9767
67590	47476
47477	9781
47479	9784
47484	67591
47486	9797
47486	47485
47490	9813
47491	9813
47497	9820
47497	47496
67593	47499
47505	9830
47506	9831
47506	11956
67597	47507
67597	47508
47519	14486
47519	41433
47522	9855
47522	17142
47524	40498
47541	9883
47541	67599
47541	67600
47541	67601
47541	67602
47541	71548
71548	67601
47542	9883
47543	9883
47544	9887
47545	9887
67603	47546
47548	9895
47548	67604
47551	9898
47555	9910
67608	47562
47563	9957
47564	9957
47570	9967
47571	9967
47572	9967
47573	9967
47574	9967
47575	9967
47577	9972
67614	47584
47586	9975
47591	9983
47592	9983
52840	28775
47610	47613
47613	67615
47616	9998
47616	35522
47621	16108
47621	36578
47621	56987
47621	67616
47621	67617
47622	27367
47622	39473
47623	10010
47624	10010
47625	10023
47634	10032
47637	10036
47641	10048
47644	10057
47645	10057
47646	10057
47684	10066
47685	10066
67623	47686
47692	10080
47693	10080
47694	10082
65347	38117
47713	19265
47713	67628
47713	67629
67628	47713
67629	47713
56710	32089
47718	10117
67635	47735
67637	47740
60321	67654
60321	69818
60321	69819
60321	69820
60546	69851
47747	10144
47757	10152
47757	47751
67663	47760
47761	40091
67665	47774
67666	47776
47777	47799
47778	10178
47779	10178
47780	10178
47780	64350
47787	21299
47795	10196
47796	10196
67671	47799
67672	47799
47803	10225
47804	10225
47805	10225
47806	10226
47807	10226
67678	47812
47810	55115
47810	67679
47810	67680
67683	47812
47816	10228
67685	47818
67686	47818
67686	63698
67688	47818
47824	10239
47828	10244
67693	47839
47845	10253
47845	67695
47845	67696
47845	67697
47851	10256
47851	10276
47851	47850
47852	10256
47852	10276
47859	10260
47859	47858
47861	10261
47873	10275
47882	10291
47883	10291
47888	10294
47898	10308
47898	19718
47898	67705
47898	67706
67705	47898
67707	47902
67710	47906
47912	32061
47912	35689
47912	46680
47912	56707
47912	57404
47912	57410
47913	46680
47913	56707
47913	56708
47913	57176
47913	57404
47913	57410
67713	47919
67717	47931
67717	70835
67718	70836
67718	70837
67718	70838
67718	70839
67730	70842
47949	67731
47949	67732
67731	47949
67733	65083
47957	10328
47961	10334
67734	47966
67734	67735
67734	70845
67735	47966
67735	67734
47967	10340
47969	10343
47971	10347
67736	47972
47978	10353
47981	10357
67741	47985
67741	67743
67742	47985
47996	59464
47996	59465
47996	67745
59464	23066
59465	23066
59465	47996
59465	69687
67745	47996
48000	19578
48001	67748
67750	48011
48013	10379
48014	10379
48014	48060
48014	55048
48033	48029
48035	10396
48037	10402
48038	10402
48039	25624
48042	10410
48043	10410
48062	46891
48062	67754
48081	67758
48084	14681
48084	14684
67765	48110
67767	48134
67768	48138
48144	18946
48145	10458
48146	10458
48154	48147
48154	48148
48154	48149
48154	48151
48154	48153
67769	48156
48160	22909
48161	18245
48165	67770
67770	48165
48169	10470
48170	10470
48171	10470
48173	29526
67776	48176
67777	48176
48196	10477
48197	10477
48198	10477
67780	48206
48209	39192
48211	10481
48212	10481
48213	10481
67781	48214
71549	48227
67789	48238
48239	10494
48243	10496
48245	10497
48246	11495
67793	48251
48260	67794
67794	48260
48264	10500
48267	10504
67798	48280
48300	10515
48307	10522
67800	48313
67801	48313
48317	10533
48325	67803
67803	70850
48327	20732
48327	34030
48328	20732
48328	34030
48349	56363
48349	64961
48359	37837
48359	48355
48359	67805
48362	10592
48363	10596
48387	31475
48387	67811
48387	67812
67812	48387
48391	10608
48392	10609
48394	10614
48395	10614
67815	48399
67815	70857
48402	47886
67816	48404
48424	10633
48425	10634
67833	48433
67835	48433
48434	10639
48441	10644
48442	10644
67844	48456
67846	70876
48486	67851
67851	48486
48487	67852
67852	48487
48496	10682
67855	70877
48502	10691
48503	10691
48513	10694
48514	10696
48514	67857
67857	48514
48515	10696
48516	10697
48517	10697
48518	10697
48519	10697
67859	48524
48563	51760
48580	17494
48580	53153
48580	67864
48580	67865
48580	67866
48580	67867
48580	67868
48580	67869
48580	67870
48580	67871
48580	67872
48580	67873
48580	67874
67870	48580
67870	70878
48587	10707
48588	10717
48600	22660
48603	36053
48606	10730
48618	10735
48618	32401
48618	60609
48618	65656
48619	10735
48620	10735
48621	10735
48626	10736
48626	31377
67877	48629
67877	70880
67877	70881
67877	70882
67877	70883
67877	70884
67877	70885
67877	70886
48630	10740
48630	33320
67878	48633
48634	10746
48640	10748
48641	10748
48645	10751
48648	10761
48656	48650
48656	48655
48655	48656
48655	67882
48655	67883
67882	48655
67883	48655
48665	67887
48666	45901
48666	67888
48666	67889
48666	67890
67889	48666
48671	67892
48671	67893
48678	10778
48678	48676
48680	10780
48681	10786
48688	10795
48696	10807
48696	67907
67907	48696
48699	10808
48700	10808
48700	48698
48701	10809
48702	10809
48703	10812
48706	10814
48706	50897
67909	48707
48717	10824
48718	10824
48730	10839
48731	10839
48732	10839
67913	48741
48747	10851
67916	48748
67916	70895
48767	34137
67919	48774
48790	10876
48796	10879
48797	10879
48798	10879
48798	48795
48800	11187
48800	59657
48800	67921
48800	67922
67921	48800
67922	48800
48805	10884
48808	10891
48809	10891
48809	27791
48810	10891
48811	10894
48814	10896
67925	48816
48818	10898
48820	10898
48820	64623
48822	10899
48824	10907
48826	10909
48827	10909
48828	10909
48829	10909
48838	10914
48844	10916
48849	22106
48849	51459
48849	55411
48849	66114
48850	48846
67932	48853
67932	67933
48854	10934
48861	10943
48861	47412
48861	58966
48862	10943
48864	10944
48865	10944
48879	10950
67940	48896
67943	48900
67943	62502
67943	70900
48909	10972
48910	10974
48912	67947
48913	10976
48924	10978
48925	10978
48925	67343
67343	46260
48929	48928
48934	67949
48944	67950
48947	20832
48951	10993
48951	13149
48954	11000
48962	11005
48964	11006
48965	11008
48966	11008
48966	13597
48968	11008
48970	11010
48971	11010
48973	11014
48979	43411
48985	11030
48987	11035
48994	11053
48998	11054
48999	11055
48999	34342
48999	67955
49000	11058
49000	67956
49013	11074
49022	28510
49026	11081
49027	11089
49031	67961
49032	41381
49032	66213
66213	41381
49034	52754
49034	67962
67966	62066
49052	11098
49062	11105
49063	11105
49073	11116
49076	11117
49076	20891
49077	11121
49078	11121
49082	11130
49083	11136
49085	11137
49092	11142
49092	59384
49092	67971
67971	49092
67971	59384
49094	67973
49095	25541
49095	39688
49095	67974
67974	49095
49099	11144
49100	11144
49103	11146
67976	49104
67976	70902
67976	70903
49105	11146
49105	25823
49106	11146
49106	67978
67978	49106
67978	70904
49108	11153
49113	20369
49114	20369
49114	31685
67979	49134
67982	49154
67985	49171
67985	70906
67985	70907
67985	70908
49185	63424
49188	19650
49195	11193
49195	64838
49196	11193
49196	19479
49196	37553
49196	67986
49205	11197
49210	49206
49234	11203
49235	11203
49236	11203
49239	11207
49240	11208
49240	35340
49250	11217
49261	18156
49261	23965
49261	49260
67994	49262
49275	20298
49275	57510
49275	67997
67997	49275
49279	60280
49282	12656
49303	23312
49303	26580
49303	33851
49304	22875
49304	46706
49304	57816
49307	33851
49307	49297
49308	11234
49309	11234
49310	11234
49312	34222
49314	52414
49385	11248
49388	11253
49398	11261
49399	27049
49399	68012
68012	49399
49403	11275
49403	68013
49404	11277
49406	11281
49408	11287
49410	11287
49411	11287
49411	68014
49411	68015
49411	68016
68014	49411
68014	68015
68015	49411
68015	68014
68016	49411
49424	49418
49430	11294
49430	24371
68021	49433
68021	49774
68022	49433
49434	68023
49435	11301
49436	11305
49436	11696
49438	11309
49439	11310
49440	11310
49441	11312
49445	11327
49458	38011
49458	65325
49459	39886
68029	49477
49483	11352
49484	11354
49484	34051
49486	11355
49486	49485
49489	11362
49490	11362
49491	11362
49492	11362
49493	11362
49511	11397
49516	11403
49517	11405
49518	11409
49531	11427
49533	11428
49534	11428
49534	20990
49536	11452
49542	11437
49544	11443
49545	11447
68036	49548
68036	70910
68037	49550
49551	11455
49555	11462
49555	25771
68038	49556
68038	70911
68038	70912
68038	70913
68038	70914
68038	70915
68038	70916
49557	11468
49572	11489
49573	11489
49575	11493
49576	11493
49577	11494
49578	11495
49579	11495
49580	11495
49585	11500
49586	11500
49590	17689
49605	59168
49605	68041
49605	68042
49605	68043
49605	68044
68041	49605
68041	59168
68041	68043
68041	68044
68043	49605
68043	59168
68043	68041
68043	68044
68044	49605
68044	59168
68044	68041
68044	68043
49608	18732
49617	11537
68045	49628
68052	49632
49642	11555
49642	49641
49647	11559
49681	17252
68057	49689
49700	11577
49701	11577
68061	68063
68062	49707
68062	68063
68062	70918
68067	49712
49724	11588
49735	11605
49737	11606
68073	49738
49740	11609
49745	11624
49746	11624
49748	11634
49757	11640
49759	11643
49760	11643
49766	11649
49766	34367
49769	11654
49770	11654
49774	68021
49777	11658
49778	11658
49781	49780
49781	61580
49783	11664
49792	11671
49804	11697
49804	63756
49804	68077
49804	68078
63756	33033
63756	49804
68077	49804
68078	49804
49805	11697
49805	12557
49805	17905
49805	19335
68083	49806
49807	11697
49812	11703
49813	11704
49814	11704
49817	11712
49818	11715
49841	11738
49844	11743
68087	49851
68088	49854
60600	24901
60600	42443
68091	49876
49883	11749
68093	70925
49891	11752
49901	11759
49901	13498
49901	21027
49902	11759
49907	15851
49915	11773
49974	49973
49976	11785
49997	11792
49997	23354
49999	11796
50001	11799
50012	11812
50013	11812
50014	11812
50015	11812
50022	11822
50023	11823
50024	11823
50024	50023
50026	11825
50030	11832
68104	50029
68104	69290
50031	11832
50032	11832
50034	22462
50034	43423
50034	58596
50035	68105
50039	11844
50040	11844
50041	11845
50042	11845
50042	52161
50044	11852
50045	11852
50046	11857
50060	68108
50060	68109
68108	50060
50061	68110
50061	68111
68110	50061
68110	70927
50062	11871
50063	11872
50064	11872
50066	11874
50066	27049
50067	11874
50075	11883
50079	68112
50080	35642
50080	68113
50080	68114
50085	13089
50089	11898
50092	11901
50096	11906
50099	11910
50104	11912
50104	50100
50104	68118
50104	68120
50104	68124
68117	50100
68117	68124
68118	50100
68118	68120
68119	68120
68120	50100
68120	50104
68120	68118
68124	68120
50118	11922
50118	66310
50118	68125
50118	68126
50118	68127
50122	11940
50123	11940
50128	11941
50128	50126
50129	11941
50131	11943
50132	11943
50141	11949
50141	50139
50141	68128
68128	50139
68129	50140
50142	11953
50144	11956
50145	11959
68137	50146
50147	11963
50150	55358
50162	51264
50162	51265
50162	51266
50162	51267
50162	51268
50162	51269
51264	50162
51264	51265
51264	51266
51264	51267
51264	51268
51264	51269
51265	50162
51265	51264
51265	51266
51265	51267
51265	51268
51265	51269
51266	50162
51266	51264
51266	51265
51266	51267
51266	51268
51266	51269
51267	50162
51267	51264
51267	51265
51267	51266
51267	51268
51267	51269
51268	50162
51268	51264
51268	51265
51268	51266
51268	51267
51268	51269
51269	50162
51269	51263
51269	51264
51269	51265
51269	51266
51269	51267
51269	51268
50173	50165
50173	50166
50191	11972
50191	24520
50191	60352
50191	68140
50191	68141
50191	68142
50192	11978
50193	11978
50194	11979
50196	11987
50197	11987
50198	11987
50199	11987
50200	11987
50201	11987
50202	11987
50203	11987
50204	11987
50205	11989
50206	11989
50207	11991
50210	11999
50210	68145
50214	12008
50215	12008
50216	12008
50217	12008
50218	12008
50219	12008
50220	12008
50223	12016
50227	58870
50237	53793
50243	53545
50253	12037
50254	12037
50256	12046
50257	12048
50258	12048
50259	12050
50262	12052
50263	12052
50264	12055
50267	12057
50273	68153
50290	50269
50290	50271
50297	50271
50298	50269
50298	50271
50301	50269
50289	50269
68153	70931
50276	50269
50287	50269
50321	12068
50323	12068
50325	12068
50325	68170
50328	12072
68171	50329
68172	50329
50332	12089
50333	12093
50334	12095
50335	12096
50336	12096
50337	12096
50338	12097
50339	12101
50344	12106
50345	12106
50348	12112
50349	12112
50350	12112
50351	12112
50352	12112
50354	12117
50355	12120
50355	68175
50356	12126
50357	12126
50362	12135
50362	18681
50363	12141
50364	12156
50367	12164
50372	12169
50372	30974
50377	12179
50377	68180
50385	12186
50386	12186
50387	12186
50388	12199
50391	12195
50392	12197
50392	24046
50393	12197
50394	12197
50397	68183
50400	12199
50401	12200
50403	12204
50408	12208
50409	12210
50413	12212
50416	12219
68187	50420
68179	50423
50424	12224
50447	12234
50456	12241
50456	68195
68195	50456
50457	12241
50475	12252
50483	12265
50489	25164
50490	12271
68241	50492
68241	71423
50495	12282
50496	12282
50497	12282
50503	12289
50504	12295
50510	12306
50517	12311
50518	12311
50522	12319
50527	12339
50530	12342
50531	12342
50552	12363
50553	12365
50553	68245
50558	50555
50576	68250
50592	12396
50593	12398
50594	12398
50594	50593
50597	12405
50609	50607
50610	50607
50611	50607
50611	50608
50612	50607
50613	50607
50613	50608
50614	50607
50615	50607
50615	50608
50616	50607
50616	50608
50617	50607
50617	50608
50618	50607
50618	50608
50619	50608
50620	50607
50620	50608
50622	50607
50622	50608
50623	50607
50623	50608
50624	50607
50624	50608
50625	50607
50625	50608
50626	50607
50626	50608
50628	12423
50631	12427
50631	27471
50632	12428
50642	12449
50643	12449
50644	12453
50646	12459
50647	12460
50647	35308
50649	12462
50651	12468
50652	12468
50654	12469
50657	12470
50659	12477
50669	50667
50672	12483
50673	12484
50676	12490
50677	12490
50678	12490
50679	12490
50680	12494
68260	50686
50713	12503
50718	12509
50719	12509
68264	50720
68265	50720
68266	50720
68267	50720
68268	50720
50727	50721
50731	50721
50733	50721
68273	50736
50741	12522
50743	12528
50744	12528
50744	68280
50745	12528
50747	12534
50748	12535
50749	12536
50753	19921
50753	20293
50753	24145
50753	24851
50753	68281
50761	12552
50769	12561
50773	12563
50773	43869
68283	50778
68283	69184
68283	70936
50795	35470
50795	38961
50795	44506
50801	22931
50801	68286
50802	65294
50807	50808
50808	50807
68289	50823
50824	18946
50828	12580
50829	12580
50829	52630
50840	68292
50840	68293
68292	50840
68292	68293
50841	68294
50843	12585
50844	12585
50845	12585
50846	12585
50847	12586
50849	12588
50868	68298
68298	50868
68298	57173
68298	70942
50870	12598
50872	12601
50876	30122
50878	12605
50879	12606
50915	12636
50964	12662
50966	12665
50967	12665
50972	12670
50974	12677
50975	12677
50976	12679
50978	12679
50979	12683
68311	50984
51001	12710
51002	12710
51003	12712
51004	12717
51011	12722
51011	35354
51011	59984
51016	12724
51017	12724
51026	12736
51026	68318
68318	51026
51028	12736
51042	12746
51042	51047
51043	12746
51049	68319
51070	38457
51070	47951
51073	64774
54471	51086
54472	51086
68324	51119
68325	51120
68325	51121
68329	51130
68335	51132
68336	51138
51139	51143
51143	51139
51140	51141
51163	12775
51169	12775
68343	51179
51192	22730
51192	50238
51192	51178
51192	51182
51192	51187
51201	12781
51201	51200
51201	65026
51202	12781
51214	20423
51230	20306
51231	12788
51233	12789
51235	12791
51237	12794
51238	12794
68348	51245
51248	12801
51263	51269
51285	12819
68357	51306
51313	12849
51314	12849
51315	12849
51316	12849
51317	12849
51318	12849
51319	12851
51336	12867
51336	51334
51337	12867
68364	51338
51355	12888
68369	51356
68372	51358
68373	51358
51359	12894
51359	51360
51360	12894
51386	39786
51386	68375
68379	51395
51397	15039
51398	15039
51410	12914
51421	12922
63002	31063
63002	63001
63003	31063
63003	63001
63003	68383
68383	63001
68383	63003
51424	12927
51441	12941
51446	12947
51447	12947
51448	12947
51449	12947
51449	32770
51450	12947
51455	68387
68388	51459
51471	13849
51478	68390
51478	68391
51479	12965
68393	51480
68393	68395
51495	18541
51507	13020
51508	13020
51528	13035
51529	13035
51531	36578
51549	13068
51550	13070
51556	13079
51557	13079
51595	13104
51596	13104
51598	13109
51618	20046
51624	20046
51625	51619
51627	13129
51627	26219
51632	13133
51632	51630
51638	51916
51647	13142
51648	13142
51648	68408
51652	13149
51658	13153
51658	68410
51659	13153
51660	13154
51660	19274
51668	13169
51668	15988
51671	13174
68412	51672
51677	13181
51678	13181
51679	13181
51680	13181
51682	13188
51683	13194
51693	13209
51693	68415
68415	51693
68416	51697
51714	13222
51718	13245
51719	13254
51734	68420
51736	13264
51741	24836
51741	68421
68421	51741
68421	68422
51751	21979
51751	33090
51751	39862
51751	55251
51753	19725
51756	22787
51761	13270
51764	13273
51767	13274
51769	13276
51769	68432
51770	13276
51770	68433
51770	68434
51770	68435
68433	51770
68434	51770
68435	51770
51777	13282
51780	13283
51781	13283
51781	68439
51782	13283
51782	58074
58074	20990
58074	51782
58074	69487
58074	69488
51783	13284
51784	13286
51788	13291
51791	13293
68440	51792
51800	13308
51801	13309
51801	53970
51802	13309
51804	13310
51807	13323
51809	13324
51819	13340
51822	13341
51822	51820
51822	51821
51832	13361
51835	23965
51844	13373
51845	13373
51846	13373
51847	13380
51848	13383
51849	13386
51861	13388
51867	22975
68448	51869
68449	51869
51878	13409
51879	13412
51883	13413
51884	13416
51885	13420
68452	51886
68456	51889
51903	13442
51904	13442
51905	13442
51906	13442
51907	13442
68459	51908
68460	51908
68461	51908
68462	51908
51910	13446
51911	13446
68466	51918
68467	51921
68467	65716
68467	68468
68467	70954
51924	13461
68470	51930
51936	13472
51938	13474
51947	13496
51953	13503
51954	13503
68472	51956
68473	51958
51964	13505
51965	13505
51968	13508
68475	51973
51974	13511
51987	13559
52017	13589
52018	13589
52022	68481
52027	13591
52030	13606
52066	13669
52067	13669
52070	13679
52088	13688
52092	13693
52093	13693
52102	13695
52102	68488
52102	68489
68488	52102
68488	70960
68488	70961
52103	13695
52105	13700
68490	52106
52112	13710
52113	13710
52113	68492
68492	52113
52132	29287
52134	13733
68502	52137
68503	52137
52140	13742
52140	52139
52141	13743
52141	24482
52143	13750
52144	13752
52145	13752
52146	13752
52147	13752
52155	13772
52155	68507
52155	68508
52156	13772
52157	13772
52159	13774
52160	13776
68509	52161
52164	13784
56965	19699
56965	47714
68511	52174
52175	13803
52175	68512
52175	68513
68514	52176
52179	13804
52180	13804
52188	13821
52189	13821
52192	13830
66142	41060
66142	42157
66142	52193
66142	66143
66145	41060
66145	52193
66145	66142
68518	52193
52194	19297
52196	13837
52197	13841
52200	13849
68521	52217
68522	52217
52219	13878
52220	13878
52221	13878
52222	13878
52224	13881
52226	13887
52227	13892
52228	13894
52229	13896
52232	13903
52237	13906
52250	13939
52251	13942
52251	68528
52252	13942
52252	68529
52253	13942
52269	13949
52277	13963
68534	52278
52281	13987
68536	52284
68536	70966
52291	13989
52292	13990
52293	13992
52298	22912
52298	68538
52298	68539
52298	68540
68538	52298
68540	52298
52300	53486
52307	14015
52320	68548
52321	14023
52322	14023
52324	14025
52325	14027
68550	52328
52330	14046
52331	14051
52333	14052
52334	14052
52337	14059
52358	19475
52360	14082
52360	14266
52360	68554
68554	70968
52361	14084
52361	14307
52361	29251
52361	68555
52361	68556
68558	68561
65295	37882
68559	52374
52387	56147
52400	52395
52404	52406
52404	68564
52406	52404
52406	68564
68564	52404
52409	14114
52410	14115
52411	14117
52430	14125
52437	14244
52438	14244
52439	14244
52440	14244
52442	14244
52443	14244
52445	14249
52447	14250
52453	14261
52454	14269
52454	68568
68568	52454
52456	14288
52457	14293
52460	14301
52462	14303
52463	14307
52463	68569
52465	14312
52467	14318
52476	14331
52477	14332
52478	14337
52481	14339
52483	14340
52489	14342
52493	22165
52496	14345
52500	14349
52502	14350
52516	14373
52519	14378
52521	14381
52521	68574
52522	14381
52523	14385
52524	14385
52525	14387
52528	14392
52528	68575
52528	68576
68577	52531
52532	14401
52533	14401
52537	14407
52537	28808
52537	68578
52541	14413
52543	14419
52544	14419
52545	14419
52546	14419
52547	14419
52548	14419
52551	14424
52556	14427
52556	68587
68587	52556
52580	14443
52584	14447
68591	52593
68592	52598
68593	52598
68594	52598
52603	14485
52621	14498
68596	52634
68596	63642
52638	41944
52650	28478
52657	14524
52663	14531
52668	68601
68601	52668
52669	14533
52670	14533
52672	14535
52677	14539
52678	14539
52679	14539
52680	14541
52681	14541
52693	14545
52700	14547
52702	14567
52709	14550
52718	23679
52722	52701
52726	37805
52736	68607
68607	52736
68609	52738
52739	41727
52740	54638
68612	52753
52755	19372
52760	68615
68615	52760
52765	68616
52767	14556
52775	68620
52782	68623
52784	29539
52787	21715
52789	21715
52789	29539
52801	14566
52802	14568
52803	14569
52803	59564
52804	14569
52813	14571
52814	14571
52818	34930
52832	68626
52845	68634
52845	68635
68634	52845
52856	14584
52857	14584
52858	14584
52859	14584
52863	14587
52873	68636
52908	14618
52909	14624
52911	14626
52913	14628
52919	14632
52923	14637
68640	52925
52930	68641
68641	52930
52938	14663
52943	14681
68643	52948
68648	52949
68648	68649
68648	68650
68648	68651
68649	52949
68649	68648
68649	68650
68649	68651
68650	52949
68650	67733
68650	68648
68650	68649
68650	68651
68651	52949
68651	68648
68651	68649
68651	68650
68652	52956
52968	14708
52969	14708
68653	52970
68653	68654
68654	52970
68655	52979
52986	14739
52987	14741
52988	14748
52991	68656
52993	14759
52993	68657
52993	68658
52993	68659
52993	68660
68660	52993
52995	14762
68661	53000
53004	14781
53005	14781
53006	14781
53007	14781
53019	52123
53019	68665
68669	53025
53035	14803
53036	14808
53037	14808
53041	68675
68675	53041
68676	53048
68676	70985
53055	14847
53068	14861
53069	14861
53070	14862
53071	14862
53075	58127
53075	68680
53076	14870
53079	14874
53095	14885
53097	14887
53097	23610
53097	59416
59416	22957
53099	14888
53100	14889
53105	14891
53107	58355
53113	14894
53123	68688
53133	14911
53135	14918
53135	19678
53135	56937
56937	19678
56937	53135
53136	14918
53138	14922
53144	14932
53147	14941
53147	68691
53147	68692
53148	14941
53151	68693
53154	14950
53154	59151
53172	68700
53179	14966
53187	20093
53189	14989
53190	14990
53194	14992
53195	14993
53196	14993
53197	14993
53199	15003
68703	53204
68703	54107
68703	70986
68703	70987
53211	15021
53212	15021
53212	68704
53214	15029
53222	15036
53225	15047
53227	15048
53228	15048
53229	15048
53230	15048
53231	15048
53232	15048
53233	15048
53234	15048
53235	15048
53236	15048
53237	15048
53238	15049
53239	15049
53240	15051
53248	15068
68710	53250
68711	53250
68713	53253
53255	15073
68716	53259
53261	15083
53261	41727
53262	15083
53263	15083
53264	15086
53268	15098
53270	15101
53271	15101
53272	15102
53273	15102
68717	53274
68718	53276
53278	15113
53297	15136
53298	15137
53298	38753
53300	15139
53301	15139
53303	15144
68722	53307
53313	15150
53314	15150
53315	15158
53320	15160
53333	15167
53337	15188
53337	39067
53337	65603
68733	53339
68734	53339
68734	68733
53341	15190
53344	46280
53345	46280
53346	46280
53347	46280
53348	46280
68735	61060
68735	69907
53357	15198
53357	54162
54162	54160
54162	54161
53364	53362
53369	15211
53373	48897
53381	15231
53382	15232
53383	15235
53388	53384
53393	15238
53401	15245
53407	15254
53408	15254
53409	15254
53410	15254
53412	15256
53413	15256
53414	15256
53415	15258
53417	15260
53418	15262
53418	53419
53419	15262
53420	15262
53421	15262
53423	15263
53425	15269
53441	15326
53442	15326
53444	15326
53447	15331
53450	15340
53451	15340
53452	15340
53453	15340
53454	15340
53455	15341
53459	15348
53464	15350
53465	15350
53470	15354
53470	59869
53472	15357
53472	23709
53473	15357
53474	15357
53475	15360
53476	15366
53477	15366
53478	15366
53480	15368
53480	68745
68747	53481
54413	16370
53493	15373
53495	15377
53496	15378
53497	15378
53501	15395
53503	15399
53504	15399
53505	15399
53509	15407
53518	15411
67064	44874
67064	53514
67064	67063
53517	15411
53517	68752
53519	15411
53520	15411
53522	15416
53522	21333
53522	53521
53523	15418
68753	53526
68754	53530
53534	15464
53535	15464
53544	15480
53544	27820
53544	53543
53549	15487
53550	15490
53552	15495
68757	53555
53563	15509
53569	15525
53569	53567
53579	17505
53581	40632
53582	20509
53584	20509
53591	15532
53592	15533
53601	15544
53603	15558
53606	15560
53607	15560
53609	21602
53615	15565
53617	15568
53618	15568
53619	15568
53622	15576
53623	15576
53629	15579
68763	53632
53633	15583
68764	53634
53637	15585
53638	15585
53642	15591
53643	15591
68779	53651
68779	71006
68779	71007
53653	15593
53653	29981
53653	56341
53653	68766
53654	15625
53655	15593
68768	53659
68771	53661
68772	53661
68773	53661
68774	53661
68775	53661
68777	53668
68777	71001
68778	53674
68778	71003
68778	71004
68778	71005
53679	15609
53680	15609
53683	49045
53697	15625
53698	15625
53705	15652
53706	15652
53711	15654
53712	15655
53721	47284
53724	15663
53725	15664
53748	21292
68785	53752
68786	53752
53753	15677
53754	15677
53769	15697
53773	15699
53775	15703
53775	53774
53780	15716
53785	15724
53786	15724
53786	38907
53787	15725
53791	68791
68791	53791
53805	15752
53807	15752
53808	15752
68795	71009
68799	53815
53816	15764
68800	53818
68801	53819
68801	71010
53823	15769
53823	53641
53823	54404
53823	54408
54408	53641
53824	15769
68802	53826
53832	15771
53833	15771
53840	15783
68804	53850
68805	53850
53889	68814
53891	21958
53891	68815
68815	53891
53894	15837
53904	15847
68816	53907
53910	15851
53911	15851
53912	15851
53916	15852
53918	15860
53919	15864
53919	68817
53919	68818
53919	68819
53922	68821
68821	53922
53924	15866
53934	15880
68823	68824
68824	53936
53940	15883
53942	15888
53947	15890
53947	29454
53947	53943
53947	53944
53947	53945
53947	53946
53948	15895
53951	15906
53951	41828
66492	42516
66492	70658
68828	53955
68829	53955
53958	15922
53986	43499
53986	45217
53986	68832
53987	22876
53987	68833
68833	53987
68833	71013
68833	71014
53989	68834
53999	15947
64677	54010
64677	61357
54019	15968
54020	15971
54021	15971
54023	15977
54024	15977
54027	15978
54031	15991
54032	15998
54033	15998
54035	16005
54036	16004
54044	16019
54045	16019
54045	19779
54061	54059
54061	54060
54068	16036
54073	16042
54074	16047
68840	54077
68845	54085
54090	16054
54095	16063
54095	23979
54100	16095
54104	16104
54105	16108
54107	16110
54108	16110
54110	16115
54111	16115
54112	16117
54118	16124
54148	16139
54149	16139
68850	54151
68850	67142
68850	71544
54152	16142
68853	54155
68854	54155
54158	16149
54166	16173
68859	54167
68859	71015
68859	71016
68861	54171
54175	16187
54176	16188
54179	16194
54192	68864
68864	54192
54199	16205
54204	16215
54208	16217
54208	38970
54209	16217
54209	38970
54212	41937
54214	16230
54215	16231
54216	16233
54219	16235
54220	16236
54224	16240
54225	16242
54226	16243
68874	54275
54315	16249
54316	16249
68881	54320
54328	16261
54330	16263
54335	16277
54339	16283
54339	54338
54340	16283
54343	16289
54357	16309
54359	16309
54359	68891
54360	16309
54362	16312
54363	16312
54363	68892
54365	16315
54369	16320
54369	68893
68894	54370
54371	16325
54371	22753
54371	68895
54374	16331
54378	32938
54378	39182
54378	65738
54382	16337
54383	16337
54387	16349
54402	68897
54410	16367
54411	16369
54412	16370
54412	40498
54414	16370
54418	16372
54420	16373
54421	16368
68901	54428
68902	54428
54452	39661
54452	41291
68904	54456
68906	54461
54462	16395
68907	54464
54468	16401
54474	16414
54475	16415
54476	16415
54477	16415
54478	16415
54492	16448
54494	16457
54495	16458
54496	16458
54497	16458
54498	16458
54499	16474
54500	16474
54503	16485
54504	16486
54509	16492
68909	54511
54512	16494
54516	16502
54518	16505
54519	16505
54520	16505
54521	16505
54525	16513
68914	54527
54528	16516
54529	16517
68915	54533
68915	71018
54535	16528
54543	16534
54544	16534
54545	16534
54546	16536
68919	54547
68920	54547
54548	51190
54550	16543
54551	16543
54557	16567
54557	68924
68924	54557
54558	16569
54559	16569
68925	54560
54566	17535
54569	16581
54571	16585
54572	16585
54573	16585
54575	16586
54576	16587
54580	26864
54583	16593
54598	16603
54599	16603
54600	16604
54601	16604
54602	16604
54603	16604
54603	53826
54604	16605
54604	17914
54605	16608
54606	16614
54607	16632
68930	71019
68931	54610
54625	16647
54630	68932
54636	16661
68934	54638
68935	54638
54640	16671
54641	16671
54642	16685
54643	16685
68941	54656
68941	54678
68941	68943
68942	54656
54664	16719
68938	54665
68938	71020
54669	28909
54677	16726
68951	54684
68952	54692
68954	54693
54695	38093
54695	38234
54697	16753
54701	16767
54702	16767
54704	16770
54706	16783
54709	16787
54710	16787
54713	16803
54722	16812
54725	16813
54725	64618
54726	16814
54727	16814
54729	16829
54738	16833
54739	16834
54740	16834
54741	16834
54741	37103
54743	16828
54745	68961
68961	54745
54751	16851
54758	16856
54759	16856
54760	16856
65506	38826
54768	16861
54768	52553
54769	16861
54770	16861
54771	16861
54771	52553
54776	23613
54776	26779
54778	16865
54778	54777
54780	16868
54782	68968
54787	16871
54793	16883
54794	16883
54795	16883
54796	16884
54797	16886
68969	54799
54803	16889
54805	68970
54805	68971
68970	54805
68970	68971
68971	54805
68971	68970
54807	68972
54810	16896
54822	68974
54822	68975
54825	54815
54826	25815
54830	16900
54830	68976
54831	16901
54833	16909
54834	16910
54835	16910
54839	16917
54843	16928
54844	16931
54845	16934
68980	54862
68980	71023
68980	71024
68980	71025
68981	54863
68981	68982
68982	54863
68982	68981
54864	16938
65909	40192
54870	16940
54872	16943
54872	24029
54873	16945
54874	16945
68986	69960
68986	71033
68986	71034
68986	71035
68988	54905
54907	16970
54909	16976
54909	68989
54911	16980
54912	16980
54912	21269
54915	16991
54921	54920
54925	16998
54940	39944
54940	54934
54940	54937
68992	54941
68992	66220
54949	68993
68993	54949
54958	17022
54961	17024
54962	17025
54962	43312
54966	17025
54966	54963
68998	54963
68998	54965
68998	54966
54964	17025
54965	17025
54965	54963
54965	54966
54969	17034
54971	17039
54972	17040
54974	17044
54975	17044
54976	17044
54976	68999
54977	17044
54978	17045
54978	62497
62497	29618
62497	70110
69000	54979
54983	17070
54994	17088
69001	54996
55003	17114
55004	17114
55005	17114
55014	17156
55015	17156
55016	17156
55017	17156
55019	17159
55020	17162
55021	17162
55022	17162
68491	52111
68491	55027
55028	17167
55030	17169
69004	55031
55044	17188
55045	17190
69005	55046
55053	17211
55063	17229
55064	17229
55064	52080
55064	69008
55072	35305
55072	55075
55081	69011
55088	17244
55088	21581
55089	17244
55089	64158
55090	17244
55091	17245
55095	45425
55095	69013
55113	17271
55120	17288
55125	17334
55131	17352
55132	17357
55133	17375
55135	17379
55144	17400
55144	55140
55151	17401
55152	17401
55154	17402
55155	17402
69021	55157
69022	55157
69022	71038
55161	17411
55164	17419
69024	55171
69026	55178
69026	69899
69027	55178
69028	55178
69029	55178
69030	55178
55179	17431
55180	17431
55182	17447
55182	55183
55183	17447
55197	17465
55198	17465
55200	17482
55208	17488
55209	17488
55212	17498
55214	17503
55215	17505
55216	17507
55217	17508
55218	17508
55227	17533
55227	31739
55229	17538
55230	17538
55231	17538
55232	17539
55248	23538
55248	69049
55248	69050
55262	63952
55271	17603
55272	17603
55273	17604
69052	55274
69053	55274
55275	17608
55284	17632
55285	17632
55286	17633
55288	17638
55290	17639
55292	17644
55292	69056
69056	55292
55308	17656
55309	17656
55310	17656
55315	17659
55317	17666
55319	17670
55325	17685
55325	17702
55325	55326
55325	69057
55325	69058
55326	17685
55326	17702
69058	55325
55327	17685
55331	21370
55333	69059
55338	17700
55339	17700
55342	17705
55349	17719
55359	17735
55360	17735
55361	17735
55362	17735
55364	17755
55365	17755
55366	17755
55367	17756
55368	17756
55369	17757
55370	17767
55378	17786
69063	55382
69064	55404
55406	17792
55420	33152
55431	17850
55434	17854
55436	17858
55437	17858
55440	17876
55441	17880
55450	17898
55452	17900
55468	17909
69073	55469
55470	17910
55471	17910
55484	17914
55485	17922
55488	17923
69074	55493
55505	17949
55506	17952
55507	17952
55508	17952
55509	17952
55511	17974
55511	69079
55514	17959
55515	17960
55524	17984
55525	17984
55526	17987
55531	18000
69080	55535
69080	71042
55544	18011
55550	18023
55551	18023
69081	69082
55554	18035
55554	48800
55556	18037
55556	31921
55559	18051
55560	18052
55561	18052
55561	52736
55564	18053
55577	27920
55580	18093
55581	18093
55584	18101
55586	18104
55600	18130
55601	18130
55602	18130
69097	55608
55611	18149
69102	55612
55614	18153
55614	45485
55615	18156
55616	18159
55617	18159
55618	18159
55621	18169
55625	55622
55625	55623
55628	18173
55628	25480
55628	34719
55629	18174
55630	18174
55632	18179
69107	55635
55636	18184
55637	18184
55638	18186
55639	18186
55639	45351
55658	18220
55669	18243
55669	35285
55669	36174
55669	37209
55670	18243
55671	69109
55671	69110
55671	69111
69110	55671
69111	55671
55673	21036
55674	18249
55684	18265
55684	28407
55685	18265
55685	28407
55685	55684
55686	18269
55687	18269
55690	18271
55702	18286
55703	18287
55708	18293
55709	18297
55711	18302
55712	18310
55714	18312
55715	18313
55716	18318
55718	18318
55719	18323
55720	18323
55721	18323
55724	18329
55735	18341
55735	69123
69123	55735
55738	18344
69127	55743
55773	18358
69130	71051
69132	55785
55792	18364
55793	18364
55794	18364
69135	55802
69071	55447
69071	55803
55810	18393
69136	55811
55814	18396
55815	18396
55815	68697
55820	18399
55821	18411
55822	18414
55823	18416
55824	18416
55825	18420
55829	18423
55830	18423
55832	18425
55832	69139
69139	71056
55835	18435
55836	18435
55837	18435
55839	18446
55840	18446
55841	18446
55843	18462
55843	56135
55862	18518
55866	18529
55868	18530
55872	18540
55873	18540
55876	18541
55893	18553
55896	18573
55923	18595
55924	18595
55925	18602
55930	18603
55933	18609
55936	18613
55944	18638
55944	55943
55945	18641
55960	18661
55961	18661
55962	18661
55966	18681
55979	18689
55980	18690
55982	34102
55982	64153
64153	34102
69154	55991
69154	71058
56012	18694
56013	18696
56020	18703
56021	18709
56022	18712
56034	18735
56035	18736
56049	18748
56049	25756
56052	18752
56053	18752
56053	34408
56053	71460
61533	27049
61533	54506
61533	69966
61533	69967
56058	18758
56058	24591
56060	18763
56060	56059
69163	56065
69163	61212
69164	56065
69165	56065
56077	18779
56078	18781
56092	18796
56095	18797
56096	18800
56098	18815
56101	18826
56111	18848
56114	29483
56116	29981
56123	18863
56124	18865
56125	18866
56129	18874
56133	18883
56150	18899
56150	38627
56153	56151
56156	18902
56157	18902
56158	18905
69181	56159
69182	56159
56182	18919
56183	18919
56184	47578
56184	56185
56184	56186
56184	67612
56185	47578
56185	56184
56185	56186
56185	67612
56186	47578
56186	56184
56186	56185
56186	67612
67612	47578
67612	56184
67612	56185
67612	56186
56195	18927
56199	18931
69194	69193
69194	69195
69194	69197
69197	69194
69202	56211
69203	56211
56212	18942
56216	18946
56217	18946
56218	18946
56219	18946
56221	18948
56221	30726
56222	18948
62446	29473
62446	56223
62446	70107
56226	29473
56228	22759
56228	25773
56231	59728
56232	22803
56236	23709
56271	69206
56282	18957
56284	18965
56285	69209
69209	56285
56288	18975
56292	18976
56298	18984
56317	18996
56324	19005
56334	19015
56345	19042
56346	19042
56347	19042
56348	19042
56349	19042
56350	19042
56351	19042
56352	19042
56353	19042
56354	19042
56355	19042
56356	19042
56357	19042
56360	19043
69214	56369
69215	56369
69215	71074
56370	19060
56370	40520
56372	19064
56373	19064
56373	69218
56374	19064
56382	19074
56383	19075
56384	19075
56385	19075
56386	19083
56387	19090
56387	50509
56388	19090
56389	19090
56391	19096
56392	19096
56393	19096
56394	19096
56395	19097
56396	19099
56424	56421
56435	19111
56437	19117
56438	19117
56441	63734
69219	56443
56444	43870
56451	19144
56451	69220
69221	56452
56467	69224
56467	69225
69225	56467
56475	69226
59886	23763
59886	56480
59887	23763
59887	56480
69227	56481
56484	19178
56485	19180
56487	19191
56491	19196
56492	19197
56493	19201
56494	19201
56495	19201
56502	19217
56503	19218
56504	19218
56504	69229
58859	22170
58859	56505
56511	19221
56512	19221
56513	19221
56519	69233
69233	56519
69233	71077
56520	19227
56525	19230
56526	19231
56527	19231
56527	69234
69234	56527
69234	71078
56534	19238
56535	19238
56536	19238
56538	19242
56539	19242
56542	19253
56542	27462
56542	69238
56542	69239
56542	69240
56542	69241
56544	19262
56545	19262
56546	19262
56548	19264
56550	19265
56551	19265
56556	19281
56558	50776
56558	69245
56568	19297
56570	19304
56572	19310
56573	19313
56574	19313
56574	41383
62141	56578
69249	56578
69250	56578
69250	71080
56579	19317
56579	56577
56580	19319
56581	19319
69252	56583
56589	19327
56590	19327
56614	47727
56618	35925
56629	35925
56633	19335
56635	19339
69255	56636
56638	19346
56640	19349
56641	19351
56650	19359
56661	19362
56661	56660
56662	19362
56662	56660
56663	19362
56663	56660
56664	19362
56675	19367
56675	56674
56689	25462
56690	25462
56691	25462
56692	25462
56706	19389
56712	19391
56715	19395
56716	19395
56718	19403
56734	19412
56740	19422
56740	69268
56743	19432
56744	19432
56744	56742
56753	19456
69271	56755
56761	19474
56762	19474
56763	19474
56764	19474
56765	19474
56766	19474
56767	19474
56768	19474
56769	19474
56770	19474
56772	19475
56772	34575
56772	39183
56773	19476
56783	19498
56783	48338
56785	19499
56785	56784
56787	47702
56791	19506
69274	56793
56796	19514
56804	19523
56814	69278
56816	19535
56817	19535
56818	19535
56818	69279
56819	19535
56825	19552
56829	19555
56830	19555
56835	19560
56836	44484
56837	19566
56838	19566
56844	19568
56844	69281
56844	69282
69281	56844
56849	19578
56850	19578
56854	19586
56855	19588
56858	19595
56859	19595
69285	56864
69286	56864
56865	19597
69288	56866
56867	19603
56868	19603
56868	69289
69289	56868
56869	19603
56870	19603
56870	69290
69290	56870
69290	68104
56874	19609
56875	19611
56875	36073
56875	69294
56876	19611
56878	19612
56879	19620
69296	56881
69296	69297
69297	56881
69297	69296
69299	56882
56883	19626
56884	19626
56885	19626
56888	19646
56890	19646
56894	19654
56915	19663
56916	19664
56917	19664
66784	70707
56925	62445
56928	19668
69303	56929
56935	69304
56935	69305
69304	56935
56938	19678
56939	19678
56940	19678
56941	19679
56943	19681
56948	19689
56948	23965
56948	56946
56947	19689
56947	69307
69307	56947
69307	71090
69307	71091
56949	19689
56950	19691
56951	19691
56952	19691
56956	19695
56957	19695
56958	19695
56958	56959
56958	69308
56959	19695
56959	56958
56960	19697
69309	56966
56967	19701
56969	19701
56970	19702
56975	19704
56976	19706
56977	19708
56978	19709
69315	56982
69316	56986
69317	56987
69317	71094
69318	56987
69319	56987
69320	56987
56989	19715
56989	50604
56990	19715
56991	19719
56992	19721
56993	19722
56994	19725
57024	19751
57024	34275
57027	19752
57028	19753
57032	19759
57037	19761
57039	19764
57040	19764
57041	19764
57049	19774
57050	19775
57053	19779
57054	19779
57054	56196
57060	19786
57061	19786
57062	19786
69328	69329
69332	57071
57074	19791
57075	19792
57075	69334
57075	69335
57083	57079
57084	57080
57088	19808
57105	30655
57106	19826
57108	60547
57110	69341
69341	57110
57117	19839
57119	19844
57125	19852
69347	57134
69352	57145
57160	19872
57161	19874
57162	19874
57164	19877
57164	57165
57165	19877
57165	57164
57166	19877
57167	19877
57171	44657
57171	69359
69359	71102
57181	19901
57188	19911
57188	69362
57188	69363
57189	19912
57190	19912
57201	19925
57202	19925
57203	19925
57204	19925
57206	19927
57206	29823
57207	19929
57208	19929
57209	19929
57220	57217
57220	57872
57220	69366
57872	57217
69366	57217
57221	23629
57228	19949
57233	19962
57234	19962
57243	19991
57258	20021
57262	20024
57264	20026
57265	20026
57274	20042
57274	69373
57275	20045
57276	20045
57296	56079
57298	20083
57300	20085
57301	20085
69377	57302
57306	20089
57314	20092
57317	20099
57319	20107
57321	20114
57327	20118
69384	57341
69385	57341
69385	69384
57343	21751
57349	20129
69386	57350
57353	20130
57354	20131
57356	20133
57357	20133
57361	20136
57362	20136
57363	20137
57364	20140
57366	20144
57372	20150
57373	20155
57374	20155
57375	20162
57375	69388
69388	57375
69390	57380
57381	20170
57383	20177
57395	20191
57411	57403
57413	56707
57413	57404
57413	57410
57414	56707
57414	57404
57414	57410
57417	20197
57418	20200
57419	20200
57420	20200
57421	20200
57426	20204
57427	20204
57428	69397
64398	34717
64398	57434
64398	70379
64398	70380
69398	64686
69398	69399
69398	70419
69398	70420
69398	70421
69398	70422
69398	70423
69398	71107
69398	71108
57441	20212
57442	20212
57443	20213
57448	20223
57449	20223
57450	20223
69402	57455
57466	20258
57467	20258
57468	20258
57469	20258
57470	20258
57471	20258
57472	20258
57473	20258
57474	20259
57476	20270
69404	57482
69404	64045
57485	20278
57486	20278
57494	20288
57494	30337
57495	20290
57498	20293
57505	20296
69405	57509
57511	20298
57518	20301
57521	20306
57522	20306
57534	20309
57536	20310
57538	20318
57539	20321
57540	20323
57541	20324
57542	20325
57546	20335
57547	20336
57559	20352
57560	20352
57566	20356
57573	20364
57574	20365
57575	20365
57579	20369
57579	55411
57580	20369
57581	20369
57583	20370
57584	20370
57585	20370
57588	20373
57589	20373
57590	20378
57600	20398
57602	20402
57605	20409
57609	20412
57610	20412
57611	20413
57616	20416
57616	57614
57617	20416
57618	20417
57619	20417
57624	20427
57625	20427
57638	20442
57648	64706
57653	20468
57657	20469
57658	20471
57658	69419
57662	20486
57667	20497
57693	20516
57694	20517
57694	25961
57694	69424
69425	57695
69427	57695
57704	20533
57704	22758
57705	20533
57705	57704
57706	20533
57706	57704
57707	20533
69430	57708
57709	20538
57710	20538
57711	20538
57712	20539
69422	57721
69431	57721
57722	20547
57723	20548
57725	20549
57727	20550
57750	20574
57761	20597
57765	20609
57765	69433
57766	20610
57780	20624
57781	34301
57789	20626
57791	20630
57800	20646
57805	20650
57805	57804
57806	20650
57806	57804
57807	20652
57808	20654
57809	20654
57813	20673
57823	20682
57824	20683
57826	20687
57827	20688
57832	20694
57832	44858
57834	20699
57839	20705
57840	20708
57848	20712
57851	20714
69437	57854
57860	20738
57865	20750
57865	37480
57895	20771
57904	20775
57909	20778
57910	20780
57930	20795
57930	69445
57931	20795
57933	20799
57934	20800
57946	20826
57950	23085
57951	61977
57957	20836
67432	46695
67432	57966
57975	20879
57978	20884
57978	69459
57978	69460
57979	20884
57980	20885
57985	20889
57985	36109
57986	20890
57987	20890
57988	20890
69467	57995
69470	58007
58009	20899
58016	20901
58016	58012
58017	20901
58017	49806
58017	58012
58017	58016
58017	68084
58017	68085
68084	49806
68084	58012
68084	58016
68084	58017
68084	68085
68085	49806
68085	58012
68085	58016
68085	58017
58015	20901
69474	58022
58024	20906
58026	20930
58027	20931
58030	20943
58031	20943
58032	20943
58032	58037
58037	20943
58037	34930
58037	58032
58037	69477
58033	20943
58034	20943
58035	20943
58036	20943
58039	20946
58041	20950
58041	24239
58042	20950
58043	20950
58044	20950
58056	20961
58058	20964
58059	20967
58063	20973
58063	69482
69482	58063
58065	20979
69486	58067
58073	20990
58073	58071
58075	20990
58075	28127
58075	37519
58075	69489
58075	69490
58075	69491
69489	71126
58076	20992
58077	21002
58078	21004
58078	69244
58078	69492
58078	69493
58078	69494
69244	56552
58080	21007
58084	21010
58084	58083
58085	21014
58086	21014
58087	21014
58088	21014
58089	21014
58090	21014
58091	21014
58092	21014
58093	21014
58094	21014
58097	21022
58101	21025
58103	21027
58104	21027
58106	21036
58110	21038
58112	21041
58113	21041
58113	69496
58114	21043
69497	58125
58126	65582
69506	71129
58147	21090
58148	21096
58149	21096
58151	21099
58153	21100
58155	30670
58157	21106
58158	21107
58182	21161
58192	21163
58199	21186
58204	25480
58206	21197
58209	21212
58210	21212
58210	69513
67349	46277
58215	21227
58217	21239
58219	21242
58219	54933
58225	21245
58233	26291
58236	26291
58238	26291
58239	26291
58246	21265
58248	21266
58248	69518
58249	21267
58250	21267
58252	21269
58253	21275
58256	21278
58257	21278
58257	58255
58257	69520
58258	21287
69521	58267
69521	69522
69521	69523
69522	58267
69522	69521
69523	58267
69523	69521
69523	69522
58268	21297
58268	69524
58269	21300
58270	21301
58274	21305
58275	21306
58276	21307
58277	21307
58278	21308
58283	21314
58284	21318
58285	21318
58286	21320
58286	69525
58287	21321
58288	21321
58288	69526
69526	58288
58289	21326
58298	21333
58299	21333
58300	21336
58304	21341
58304	22420
58304	31677
58304	36933
58307	21352
58308	21358
69531	58310
58317	21370
69535	58333
69536	58333
58334	21405
58338	21415
58339	21423
58342	21432
58343	21432
58344	21432
58346	21436
69538	58353
58356	21451
58357	21452
58359	21463
58360	21469
58363	21470
58364	21470
58370	21495
58371	21495
58372	21497
58373	21497
58374	21498
58375	21498
58376	21498
58381	21508
58381	58380
58382	21508
58382	58380
58384	21518
58387	21522
58390	21523
58391	21523
58392	21523
58393	21523
58394	21523
58401	21537
58402	21538
58415	21560
58415	69545
58417	21564
58419	21568
58422	69546
58422	69547
58424	21577
58426	21581
58426	58425
58431	21585
58432	21597
58432	34743
58436	21599
58437	21601
58438	21603
58439	21604
58440	21604
58447	69549
58447	69550
58448	21606
58450	21607
58453	21609
58458	21615
58459	21615
58473	21637
58483	21640
58484	21640
58488	21659
58489	21661
58490	21662
58491	21662
58491	46499
58492	21662
58497	21664
58503	21672
58509	21674
58511	21676
58513	21677
58514	21677
58515	21677
58515	64448
64448	34900
64448	37364
64448	58515
58516	21677
58517	21678
58517	40233
58518	21678
58519	21678
58520	21678
58525	69574
58529	21685
58530	21686
58531	21686
69575	58541
58542	21701
58542	34130
58542	50209
58546	21704
58547	21704
58547	26436
58548	21704
58548	26436
58548	61317
61317	26436
61317	58548
58549	21704
58550	21704
58551	21704
58553	21713
58558	21716
58567	21721
58567	58566
58568	21722
58569	21722
58577	21734
58578	21734
58578	69576
69577	58579
58581	21737
58582	21737
58583	21737
58584	21737
58584	58585
58585	21737
58585	58581
58586	21740
58586	21764
69579	58589
58598	21747
58599	21747
58600	21748
58601	21749
58602	21750
58603	21750
58604	21751
58605	21751
58611	21754
58617	33846
58622	21764
58623	21764
58624	21764
58625	21764
58626	21769
58627	21769
58631	21777
58633	21778
58633	69584
58634	21778
58636	21780
58650	21801
58651	21801
58651	39518
58652	21801
58653	21801
58654	21801
58655	21801
58656	21801
58657	21802
58658	21803
58671	21824
58675	21830
58676	21830
58677	21830
58677	38583
58677	58680
58680	21830
58678	21830
58679	21830
58681	21831
58682	21834
58683	21834
58692	21844
58694	21847
69587	58699
58700	21867
58700	69588
58709	21884
58711	21891
58712	21899
58713	21901
58713	69590
69590	58713
69590	71132
58720	58718
58724	21931
58725	21931
58739	22871
58751	21947
58754	33300
58754	69594
58756	21956
58759	21958
58760	21958
58761	21958
58765	21959
58766	21959
58767	21959
58775	21973
58781	21981
58782	21981
58805	69597
63479	32290
63479	58810
58814	69605
58816	22017
69606	58819
69606	69607
69606	71134
58821	22032
58823	22106
58827	22116
58828	22119
58829	22119
58830	22119
58831	22121
58831	45794
58842	22134
58844	22136
58845	22136
58846	22136
58849	22146
58852	22155
69610	58857
58858	22167
58860	22171
58861	22173
58875	22186
58876	22191
58876	52328
58876	68550
58877	22195
58880	22199
58881	22206
58882	22210
58885	22222
58886	22224
58887	22224
69612	58888
69614	58888
58889	22225
58890	22227
58891	22227
58892	22227
58893	22227
58899	22251
58904	22255
58905	22255
58906	22259
58907	22260
58909	22261
58909	58908
58910	22261
58910	58909
58914	22296
58914	69617
58926	22298
58926	58923
58925	22298
58925	58921
58925	58923
58925	58924
58925	58926
58927	22298
58927	58923
58931	22301
58932	22301
58933	22303
58934	22304
58935	22304
58935	69618
58937	22305
69621	58942
58943	22312
58944	22314
58950	22326
58953	22333
58954	22336
58955	22339
58956	22339
58962	23074
58977	22357
58987	41734
58991	22363
58992	22367
58993	22367
58995	22370
58996	63328
59000	48569
59002	22372
59003	22379
59006	69626
59009	22391
59009	32082
59009	69629
59011	22403
59012	22407
59013	22408
59015	22408
59021	22420
59042	22425
59046	22429
59047	22432
59055	22457
59058	22462
59058	26210
69632	59059
69632	69633
59063	22471
59064	22471
59065	22471
59073	22479
59074	22481
69640	59075
69641	59075
59076	22482
59078	22487
59079	22487
59080	22487
59081	22487
59082	22493
59083	22493
59085	22497
59086	22498
59107	22515
59108	22515
59109	22517
59117	22522
59121	69643
59121	69644
59123	48173
60587	59129
69645	59129
59133	69648
59133	69649
59134	69650
59136	22544
59137	22544
69651	59139
59144	22547
59145	22547
59157	22587
59166	22606
59167	22606
59175	22622
59187	22631
59193	22651
59194	22651
59198	22662
59199	22668
59200	22669
59200	69655
59201	22669
59202	22673
59203	22673
59204	22673
59205	22673
59206	22673
59208	22677
59208	40242
69656	59209
59210	22679
59237	59229
59239	22706
59240	22710
59244	22717
59245	22717
59246	22717
59247	22717
59249	22728
59254	22758
59255	22759
69658	59260
69659	59260
69660	59260
69661	59260
69662	59260
69663	59260
69664	59260
59261	22769
59263	22770
59263	53295
59264	22770
59270	22773
59271	22774
59272	22774
59274	22778
59275	22780
59276	22780
59277	22780
59277	69665
59278	22780
59279	22780
59280	22780
59281	22789
59283	22792
59284	22792
59285	22792
59286	22792
59287	22793
59288	22795
59293	22816
59294	22816
59295	22818
59296	22818
59297	22825
59298	22829
59299	22830
59300	22834
59300	47137
59308	22845
59309	22848
59310	22848
59311	22851
59311	39303
59312	22851
59313	22851
59313	35642
59313	39303
59313	43765
59315	22851
59315	39303
59316	22851
59316	39303
59317	22851
59318	22851
59318	39303
59320	22853
59321	22870
59322	22871
59323	22872
59323	53985
59324	22872
59326	22876
59327	22876
59327	69668
59329	22878
59330	22878
59331	22878
59332	22878
59333	22879
59333	36160
59333	38949
59336	22886
59347	22895
59370	22905
59381	22907
59382	22908
59383	22908
59385	22909
59386	22909
59386	69672
69672	59386
59387	22909
59389	22912
59389	46775
59390	22912
59397	22939
59398	22942
59399	22945
59401	57299
59402	69678
69678	59405
59418	22961
69680	59420
59421	22946
59422	22946
59425	22967
59427	22969
59428	22969
59431	22978
59434	22984
59435	22984
59436	22986
59437	22989
59438	22992
59446	23005
59448	23016
59451	30385
69684	59452
69685	59452
69685	71146
59453	23029
69686	59455
59456	23036
59458	23039
59462	23050
59463	23066
59466	23067
59468	23074
59469	23074
59470	23074
59473	23076
59474	23078
59476	23079
69692	59479
69693	59479
69694	59484
59486	23105
59487	23105
59487	69695
59496	23112
59498	23117
59499	23119
59500	23121
59501	23124
59501	69698
59503	23128
59510	23134
59511	23144
59512	23145
59513	23158
59514	23162
59515	23165
59518	23171
59523	23176
59524	23184
59525	23185
59525	69699
69699	59525
59527	23191
59528	23195
59530	23198
59532	23212
59533	23213
59537	23218
59538	23224
59539	23230
59550	23249
59551	23249
59553	23254
59554	23254
59555	23257
59562	23270
59562	39529
59562	59558
59563	23279
59565	23279
59579	23302
59591	23308
59592	23308
59594	23311
59594	33896
59599	23315
59608	23329
59612	23342
69709	59625
69710	71151
69710	71152
69710	71153
59626	23358
59630	23382
59630	51976
59631	23382
59632	23387
59633	23387
59642	23424
59645	23397
59649	23418
59660	23452
59661	23455
59663	23456
59666	59664
59669	23460
59669	26062
59669	58324
59669	59667
59669	59668
59672	59675
59675	59672
59678	52133
59678	59676
59682	23475
59691	23481
59692	23483
59692	69720
59700	23488
59703	23497
59704	23497
59706	23500
59707	23500
59708	23507
59708	69723
59709	23507
59710	23520
59714	23527
59715	23528
59716	23528
59717	23535
59718	23528
59719	23528
59720	23528
59722	23530
59723	23533
59724	23535
59725	23536
59725	43842
59725	45165
59725	69724
69724	59725
69724	71155
59726	23540
59731	23553
59731	59119
59736	23563
59737	23566
59737	69726
59738	23567
59745	23575
59746	23576
59749	23583
59759	23591
59759	23593
59759	59764
59759	59767
59772	59762
59772	69733
69735	59775
59776	23599
59776	59775
59777	23600
59778	23602
59779	23602
59781	23603
59782	23603
59782	69738
59783	23603
59785	23608
59785	29458
59785	53887
59785	62439
59785	69739
59785	69740
62439	29458
62439	59785
62439	69739
62439	69740
69740	59785
69740	62439
69740	69739
59790	23626
59791	23627
59792	23627
59794	23628
59795	23628
59797	23629
59798	23631
59799	23631
59800	23635
59812	23658
59813	23659
59813	69743
69745	59817
59818	23661
59819	23662
59820	23662
59829	23677
59830	23679
59830	28350
59830	29462
59832	23685
59833	23692
59833	69746
69746	59833
59834	23699
59835	23699
59836	23700
59836	54681
69747	59843
59845	23707
59846	23708
59847	23709
59849	23715
59851	23717
59857	23725
59859	23727
59860	23727
59872	23732
59872	47737
59874	23733
59876	23735
59879	23745
59879	59878
59882	23749
59883	23749
59885	23761
59891	23779
59892	23783
59895	23796
59895	69752
59895	69753
59896	23801
59898	23803
59899	23804
59910	69754
69754	59910
59913	23806
59925	59917
59926	38002
59932	23835
59932	59929
59932	59933
59933	23835
59933	59929
59933	59932
59945	23856
59946	23860
59947	23861
59950	23871
69759	59951
59954	23876
59955	23879
59959	23883
59960	23883
59961	23883
59962	23883
59963	23886
59964	23887
59965	23888
59968	23892
59971	23907
59971	31520
59972	23908
59989	41049
59989	59984
59992	41049
59992	59984
59992	59985
59993	23922
59996	23923
59999	23928
60001	23933
60002	23933
60003	23933
60005	23935
69766	60007
60008	23939
60009	23947
60010	23948
60014	23956
60015	23956
60017	23967
60017	69768
69768	60017
60020	23965
60026	23974
69770	60027
60032	45963
60032	60031
60033	45963
60033	60031
60033	60032
60045	23986
60056	24002
60057	24002
60058	24002
60059	24002
60060	24002
60076	24025
60077	24025
60082	24029
60083	24037
60084	24037
60085	24037
60086	24037
60088	24047
60089	24047
60094	24052
60095	24060
60095	57928
60097	24061
69774	60099
65328	38020
65328	60107
65329	38020
65330	38020
60115	24093
60115	47702
60115	60114
60116	24093
60117	24097
60129	24103
60130	24103
60132	24108
60132	41721
60133	24108
69775	60134
60137	24125
60140	24129
60141	24129
60142	24131
60150	24142
60150	69780
69780	60150
60151	24146
60153	24152
60157	24155
60163	60159
60165	38461
60167	24162
69784	60168
60169	24169
60170	24169
69786	60171
60176	24177
60177	24177
60178	24177
60198	24203
69791	71162
60200	24208
60201	24208
60206	24222
60208	24230
60214	24237
60214	52172
60215	24239
60215	69796
60218	24241
60218	53307
60225	24273
60226	24273
60227	24273
60228	24273
69799	60237
60246	24288
60247	24288
60253	24301
60254	24301
60256	24308
60257	24308
60258	24309
60259	24311
60260	24367
60261	24315
60261	69806
69808	60263
69809	60263
69813	60266
60267	24321
60268	24321
60269	24321
60270	24329
60274	24334
60275	24338
60276	24341
60277	24343
60277	24344
60278	24344
60282	24364
64132	34076
64132	60283
60291	24378
60292	24378
60293	24378
60294	24378
60295	24379
60297	24385
60302	24395
60302	31645
60302	33746
60305	24403
60306	24405
60306	60307
60306	69816
69817	60307
67654	60321
67654	69820
69820	60321
69820	67654
60322	24429
60325	24434
60326	24434
60331	24442
60336	24454
60337	24454
60341	24465
60344	24473
69824	60345
60349	24483
60350	24491
60360	24534
60361	24534
60362	24534
60362	36073
65412	38480
65412	60366
69829	60367
60374	60370
60376	24542
60377	24542
60402	60388
60402	60395
60410	24560
60415	24573
60418	24580
60439	24590
60440	24590
60443	24595
60447	24603
60449	24608
60453	24620
60455	24624
60456	24624
60457	24624
69838	60468
60469	24647
60470	24653
60471	24655
60472	24655
60473	24655
60474	24662
60475	24671
60476	24674
60483	24680
60486	24681
60486	29335
60487	24681
60488	24681
60491	24685
60492	24687
60493	24687
60494	24689
60496	24691
60497	24691
60500	24714
60504	24721
60505	24726
60506	24726
60514	24734
60514	69841
60517	24751
60517	33808
60525	24768
60528	24774
60529	24774
60532	24781
60532	69846
60538	54800
60538	60533
60542	24790
60544	24796
60544	60543
60545	51171
60545	51183
60545	69850
69850	60545
60554	24814
60555	24817
60555	69852
60560	24828
60566	24833
60568	24834
60569	24834
60572	24843
60575	24852
60580	24860
60580	69853
60582	24863
60583	24863
69855	60590
60594	24881
60598	24891
60601	24901
60602	24902
60605	24909
69856	60607
60608	24911
60613	24920
69859	69861
69860	60615
69861	60615
69861	71166
60624	24942
60627	24945
60628	24945
60629	24945
60630	24945
60631	24945
60633	24950
60636	24954
60644	24976
60646	24978
60647	24978
60648	24978
60649	24990
60650	24980
60652	25021
60652	30842
60652	69868
60653	24984
60655	24990
60656	24992
60657	24992
60659	25005
60660	25005
60661	25006
60670	25021
60670	69869
60671	25022
60673	25048
60675	25058
60680	25072
60680	43348
60680	48891
60680	66659
60680	66660
60682	25085
60684	25096
60684	54673
60684	69871
60686	25114
60696	25133
60700	25136
60701	25136
60702	25137
60710	25150
60710	69872
69872	60710
60716	25169
60717	25169
60717	69876
60717	69877
60718	25176
60718	41066
60720	25190
60726	25235
60742	25201
60743	25206
60746	25227
60752	25246
60753	25251
60754	25251
60760	25256
60761	25258
60765	25271
60770	25285
60773	25286
60775	25287
60775	60774
60786	25298
60787	25308
60788	25308
60789	25308
69881	60793
60794	25316
60797	25323
69882	60800
60801	25325
60802	25329
60807	25330
60807	60804
60809	25332
60811	25334
60812	25336
60813	25344
60813	69886
60816	25349
60817	25350
60818	25351
60819	25351
60820	25351
60822	25354
60825	25356
60826	25357
60831	25368
60832	25368
60833	25369
60834	25371
60836	25377
69888	60837
60849	25400
60850	25400
60858	25410
60859	25414
60859	69889
60862	25418
60865	25425
60870	25442
60870	25443
60871	25448
60871	35713
60871	68125
60877	25451
60887	25467
60889	25469
60890	25471
60891	25471
60897	25496
60900	25505
60906	25515
60907	25518
60907	47598
60907	69893
60907	69894
60908	25519
60910	25536
60913	25537
60921	25573
60921	69895
60921	69896
60923	25586
60924	25593
60939	25608
60940	25608
60941	25608
60942	25608
60943	25617
60944	25617
60947	25624
60948	25624
60951	25642
60952	25642
60953	25642
69897	60954
60956	25648
60957	25653
60961	25664
60962	25664
60962	60960
60963	25669
60965	25671
60965	69901
60966	25671
60967	25671
60968	25675
60971	25688
60972	25688
60972	34698
60972	69904
69904	60972
69904	71167
60973	25688
60975	25689
60981	25710
60984	25727
60994	56286
60996	25746
61000	25752
61002	25756
61005	25772
61006	25772
61007	25772
61008	25773
61011	25782
61016	25786
61017	25787
61018	25787
61019	25787
61021	25804
61022	25806
61032	25815
61032	49319
61033	25825
61034	25825
61035	25825
61036	25828
61037	25828
61038	25823
61040	25839
61042	25844
61045	25861
61047	25868
61048	25876
61048	33360
61053	25884
61054	25886
61059	25889
69907	61060
69907	68735
61062	25892
61065	25899
61066	25899
61067	25901
61068	25901
61071	25915
61072	25915
61076	25926
61082	25930
61083	25931
61086	25934
61086	61084
61087	25934
61088	25934
61090	25935
61090	52602
69910	61091
61093	25940
61097	25950
61097	42228
61097	66065
66065	42228
61098	25950
61099	25950
61101	25954
61102	25954
61104	25956
61105	25956
61106	25956
61107	25956
65378	38292
65378	61108
69914	61108
61111	25991
61114	25984
61115	25984
61121	25991
61122	25991
61137	26008
61137	69921
61138	26012
61139	26014
61145	26027
61145	31180
61146	26027
61146	31180
69924	61147
61151	26045
61152	26045
61153	26045
61154	26045
61155	26045
69925	61156
69925	71170
69925	71171
69925	71172
61164	26098
61165	26098
61165	62153
61167	26101
61169	26103
61170	26103
61171	26118
61174	26151
61191	61186
61192	61186
61192	61187
61193	61186
61198	26169
61198	69908
69908	61070
69930	61200
61207	26181
61208	26181
61214	26221
61214	69932
61215	26221
61216	26223
61217	26229
61224	26240
61226	26251
61232	26264
61233	26264
61235	26276
61239	26278
61239	69934
61240	26281
61242	26291
61243	26292
69935	61248
69936	61248
69936	69937
69937	61248
61250	26307
61251	26307
61252	26308
61252	50836
61253	26308
61254	26308
61256	26309
61262	26329
61263	26329
61265	26330
61267	26331
61271	26357
61273	26371
61275	26373
61277	26377
61278	26378
61282	26391
61283	26395
61283	69941
61283	69942
61284	26400
61285	26401
61286	26401
61291	26408
61292	26408
61293	26408
61294	26408
61294	61291
61295	26408
61295	61294
61296	26408
61297	26408
61298	26408
61299	26408
61300	26408
61304	26415
61305	26416
61309	26420
61310	26421
61313	26425
69944	61314
61315	26436
61316	26436
61318	26438
61319	26438
61321	26441
61323	26441
61324	26442
61325	26442
61327	26447
61328	26447
61329	26447
61333	26456
61338	26467
61343	26478
61345	26501
61350	39494
61355	26554
61358	26558
61359	26558
61361	26560
61362	26560
61363	26560
61364	26560
61369	26579
61369	69949
61370	26579
61371	26584
61372	26584
61373	26585
61374	26585
61380	26599
69951	61384
61387	26605
61389	26609
61392	26610
61394	26645
61395	26645
61398	26654
61399	26662
61400	26662
61401	26662
61402	26662
61403	26662
61404	26668
61404	37771
61405	26670
61406	26673
61410	26681
61412	26685
61413	26685
61414	26685
61416	26690
61418	26705
61419	26706
61420	26706
61430	26729
61431	26732
61444	26739
61446	26741
61448	26741
61463	69957
69957	61463
61466	26779
61467	26779
61471	26796
61472	26797
61479	26818
61485	26853
61486	26853
61487	26853
61488	26863
69958	61490
69958	69960
69959	61490
69960	61490
69960	68986
69960	69958
69960	71034
61491	40157
61497	26894
61500	26908
61509	26952
61510	26952
61510	37894
61510	69962
61514	26975
61515	26983
61519	26996
61523	27026
61525	27031
61525	69963
61526	27033
61526	59534
61528	27034
61530	27035
61530	69964
69964	61530
61532	27049
61551	27077
61552	27077
61553	27077
69973	61555
61565	27085
61570	27105
61574	27119
69975	61575
61582	27146
69977	61583
61584	27163
61585	27163
69978	61590
61592	27219
61592	48435
61596	27223
61600	27236
61600	61601
61601	27236
61603	27257
61605	27265
61605	42132
69984	61612
61613	27313
61617	27324
61618	27324
61621	27332
61623	27342
61626	27348
61627	27348
69986	61629
61632	27349
61632	61628
61633	27349
61639	27360
61641	27368
61642	27369
61651	27409
61652	27409
61653	27409
61654	27409
61655	27409
61660	27412
61661	27416
61662	27416
61663	27421
61664	27423
61665	27429
61666	27430
61667	27439
61668	27458
61669	27460
61672	27462
61673	27462
61674	27465
61675	27469
61676	27469
61687	27496
61689	27516
61696	27561
61698	27562
61699	27564
61700	27564
61704	27571
61708	27573
61708	61706
61708	61707
61710	27590
61712	27596
61714	27604
61715	27616
61721	27643
61722	27644
61723	27644
61724	27646
61733	27658
61734	27658
61736	27660
61737	27675
61740	69997
61746	27687
61747	27687
61754	27703
61755	27710
61758	27712
61759	27712
61759	69999
61761	70000
61763	27723
70002	61767
61768	27733
61769	27733
61770	27733
61774	27754
61774	44591
61775	27755
61779	27761
61812	27770
70005	61814
70006	61814
61815	27781
61816	27784
61817	27785
61828	27830
61830	27833
61833	27852
61837	27854
61837	61834
61838	27854
61839	27854
61842	27857
61845	27867
61846	27867
61847	27890
61847	55000
61848	27896
61849	27897
61862	27916
61865	27929
61873	27956
61880	27990
61881	27990
61883	27993
61884	28002
61886	28005
61888	28012
61891	28018
61893	28026
61895	28034
61896	28036
61899	28047
61902	28048
61903	28048
61915	28063
70021	61916
61917	28066
61918	28066
61919	28066
61922	28069
70022	61924
61925	28095
61927	28102
61928	28107
61929	28107
61929	37365
61938	28127
61938	70026
61939	28129
61939	35906
61939	70027
61946	28145
61950	28168
61953	28175
61954	28175
61954	70030
61954	70031
61959	28223
61961	28232
61961	61084
61965	28234
61965	61963
61965	61964
61966	28234
61966	61964
61967	28234
61968	28234
61968	61964
70034	61971
61975	28258
61982	28267
61983	28269
61987	28276
61988	28276
61990	28279
61990	70038
61992	28283
61993	28297
61994	28297
61996	28309
61997	28315
61999	28319
62005	28328
62007	28338
70041	62009
62010	28346
62010	34257
70044	62015
62017	28362
62018	28363
62025	28390
62026	28396
62036	28405
62037	28407
62038	28407
62053	28441
62055	28447
62065	28471
62065	34691
62070	28486
62071	28486
62842	30660
62842	62077
70048	62077
70049	62077
62081	28510
62083	28510
62084	28510
62084	38950
62085	28510
62104	28538
62106	28539
62109	28541
62112	28547
62113	28549
70053	71189
62115	28552
62116	28569
62120	28576
62120	70055
62122	28578
62125	28586
62126	28590
62129	28612
62131	28616
62137	28625
62138	28625
62139	28626
62143	28633
62144	28636
62145	28636
62147	28642
62152	28656
70060	62153
62156	28669
62157	28675
62165	28700
62166	28700
62166	70063
62169	28707
62170	28707
62172	28709
62174	28718
62175	28742
62176	28753
62182	28766
62183	28768
62185	28769
62185	51442
70065	62187
62190	28791
62191	28796
70068	62192
70069	62192
62200	33069
62200	54838
62200	62201
62201	33069
62201	54838
62201	62198
62207	70073
62208	33069
62209	33069
62216	28807
62216	46513
62217	28808
62218	28808
62218	62217
62219	28821
62220	28821
62221	28825
62223	28842
62224	28842
62225	28858
62227	28864
62229	28879
62230	28879
62231	28886
62236	28891
62242	28907
62244	28909
62245	28909
62247	28917
62249	28925
62256	28959
62257	28960
62267	28991
62271	28992
62276	29008
62280	29016
62281	29018
62284	29020
62285	29026
62286	29026
62297	29059
62302	29086
62303	29088
62303	70079
70079	62303
62304	29088
62304	70080
70080	62304
68765	53646
62307	29092
62310	29093
62311	29093
70086	62314
70086	71193
62315	29096
62317	29106
62318	29106
62319	29106
62320	29106
62321	29106
62321	70087
62323	29121
62326	29125
62327	29134
62328	29136
62331	29160
62349	29193
62356	29199
62361	29241
70091	62362
70091	71195
62364	29246
62365	29255
62367	29256
62368	29256
64184	34136
64184	62372
64185	34136
64185	62372
62375	29270
62387	29280
62388	29282
62388	31375
70094	62390
62394	29320
70095	70096
70096	62395
70096	70095
62397	29330
62401	29340
62406	29358
62407	29360
62411	29391
62419	29411
62422	29412
62423	29417
62426	29428
62429	29439
62432	29448
62433	29451
62434	29451
62436	29455
62438	29458
62440	29462
62441	29462
62442	29462
62447	29473
62449	29505
62450	29510
62451	29517
62452	29522
62453	29525
62455	29526
62457	29543
62457	62456
62468	29557
62469	29559
62470	29561
62470	46677
62471	29566
62484	29586
62485	29586
62487	29597
62490	29603
62491	29607
62492	29609
62499	29621
62500	29621
62503	29624
62509	29640
62512	29643
62516	29648
62517	29648
62520	29654
62520	33072
62521	29663
62522	29663
62522	70115
62522	70116
62522	70117
70115	62522
70116	62522
62526	29692
62529	29713
62530	29713
62532	29772
62533	29788
62536	29804
62537	29806
62538	29806
62539	29810
62541	29816
62544	29818
62544	62543
62545	29818
62545	62543
62546	29818
62546	62543
62550	29823
62551	29823
62552	29823
62553	29823
62558	29843
62560	29845
62561	29845
62564	29855
62565	29858
62565	70127
62566	29867
62567	29883
62573	29894
62577	29901
62578	29904
62590	29974
62592	29978
62598	29991
62603	29999
62607	30020
70131	62608
62609	30027
62610	30028
62611	30028
62612	30032
62613	30032
62623	30100
62623	70133
62624	30105
62625	30106
62626	30107
62629	30113
62629	50182
62630	30116
62653	30188
62653	70136
62653	70137
70138	62654
62660	30207
62661	30208
62662	30213
62663	30213
62664	30213
62665	30213
62666	30213
62668	30219
62669	30222
62673	30239
62674	30245
62675	30245
62676	30245
62678	30259
62679	30260
62680	30270
62682	30273
62682	41991
62683	30273
62683	41991
62684	30273
62684	41991
62685	30273
62687	30275
62688	30276
62693	30287
62694	30292
62695	30293
62696	30294
62697	30294
62698	30296
62699	30296
62703	30313
62704	30313
62710	30339
62711	30339
62712	30339
62713	30339
62716	30377
62717	30380
62720	30390
62721	30390
62724	30402
62732	30424
62739	30464
62740	30432
62741	30434
62742	30434
62744	30435
62747	30436
62748	30436
62748	62745
62749	30442
62749	70142
62750	30442
62753	30448
62753	43494
62761	30460
62762	30460
62763	30460
62765	30461
62766	30464
62767	30464
62768	30464
62769	30464
62770	30466
62771	30467
62772	30467
62773	30467
62780	30493
62781	30493
62782	30493
62785	30496
62787	30502
62788	30502
62790	30503
62796	30534
62797	30534
62797	31841
62797	70145
62803	30568
62810	30587
62811	30587
62813	30591
62814	30595
62815	30596
62815	70148
62815	70149
62816	30600
62819	30616
62820	30619
62821	30619
62836	30655
62837	30656
62840	30657
62843	30661
62844	30670
62847	30698
62852	30709
62865	30722
62866	30722
62867	30722
62869	30726
62871	30739
70154	62875
70155	62875
62876	30759
62876	62875
62876	70154
62879	30761
62881	66416
62881	70158
70160	62883
62885	30767
62885	62884
62887	30778
62888	30778
62889	30778
62890	30778
62898	30787
62899	30787
62900	30787
62904	30800
62905	30800
62906	30801
62907	30801
62908	30801
62911	30808
62912	30808
62913	30812
62914	30812
62915	30812
62916	30812
62918	30818
62921	30829
62922	30829
62923	30830
62924	30830
62925	30830
62926	30830
62927	30830
62928	30830
62930	30842
62931	30845
62931	70166
62933	30854
62934	30854
62939	30858
62940	30872
62942	30887
62943	30896
62944	30900
62947	30906
62948	30908
62949	30909
62950	30910
62951	30910
62952	30918
62952	70168
62952	70169
62952	70170
70168	62952
62953	30925
62954	30930
62955	30941
62955	44673
62955	70171
62961	30952
62962	30972
62976	30991
70173	71202
62985	31013
62986	31013
62987	31013
62987	62983
62990	31014
62991	31014
62992	31014
62993	31014
62994	31014
62995	31014
62996	31015
63000	31062
70175	63001
70175	71203
70175	71204
63008	31070
63009	31070
63010	31070
63011	31070
63012	31070
63013	31070
63016	31083
63017	31083
63019	31084
63020	31084
63022	31099
63023	31100
63025	31101
63027	31110
63028	31111
63029	31111
63030	31111
63031	31132
63033	31139
63035	31164
70179	63044
70180	63044
63045	31193
63046	31193
63047	31193
63048	31193
63054	31221
63054	38288
63055	31225
63055	70181
63060	31254
63078	31285
63082	31293
63082	63080
63083	31293
63084	31304
63085	31304
63089	31314
63090	31314
63091	31315
70186	63094
63096	31319
63097	31319
70190	63098
70191	63098
63099	31322
63101	31330
63101	70192
70192	71207
63104	31333
63105	31344
63108	31358
63109	31361
63110	31361
63111	31361
63112	31361
63113	31361
63114	31361
63116	31366
70193	63118
63122	31375
63123	31375
63126	31378
63127	31378
63128	31378
63130	31382
63131	31386
63131	63291
63136	31402
63140	31417
63140	63139
63143	31420
70199	63146
70200	63147
63148	31425
63151	31447
63155	31457
63156	31457
63159	31459
63160	31459
63162	31460
63166	31467
63170	31486
63177	50689
70203	63179
63180	31495
63181	31496
63182	31508
63185	31520
63188	31526
63189	31526
63191	31527
63193	31530
63193	70207
63193	70208
63194	31536
63195	31536
63196	31541
63199	31547
63199	70209
63201	31549
63202	31550
63208	31561
63209	31562
63211	31569
63212	31569
63213	31569
63214	31569
63214	70211
63215	31571
63216	31573
63217	31575
63218	31575
63218	70212
70212	63218
63219	31578
63220	31578
63223	31593
63225	31599
63226	31602
63228	31605
63229	31605
63230	31605
63231	31606
63233	31612
63233	35373
63234	31612
63234	35373
63238	31617
63239	31619
63240	31639
63243	31650
63243	49227
63247	31653
63250	31669
63251	31670
63255	31671
63260	31675
70213	63261
63262	31700
63263	31700
63264	31700
63265	31701
63266	31703
63267	31704
63268	31708
63275	31712
63276	31714
63277	31717
63279	31719
63280	31739
63280	54292
63280	70214
70214	63280
63282	31752
63286	31758
63287	31758
63288	31758
63289	31765
63289	70215
70215	63289
63293	31788
63294	31789
63295	31795
63297	31798
63298	31798
63299	31798
63301	31801
63301	70216
63303	31812
63313	31841
63314	31841
63315	31841
70217	63318
63319	31857
63321	31866
63322	31866
63323	31866
63324	31866
63325	31866
63326	31866
63327	31866
63343	43369
63347	31930
63349	31944
63349	70220
70220	63349
63352	31947
63354	31954
63355	31954
63357	31957
63360	31984
63362	31995
70221	63365
63368	32017
63369	32028
63369	70224
63371	32032
63372	32038
63382	32049
63383	32049
63386	70227
63388	52251
63389	32070
63390	32070
63397	32081
63398	32081
63399	32081
63402	32085
63407	32096
63408	32100
63408	70230
63410	32110
63414	70233
63421	32136
63422	32136
63423	32144
63426	32158
63429	32159
63430	32162
63432	32174
63434	32217
63435	32192
63436	32192
63437	32193
63441	32216
63441	70238
70238	63441
70240	63443
63444	32221
63445	32221
63448	32224
63452	32237
63453	32240
63454	32242
63455	32245
70242	63456
63458	32256
63459	32256
63460	32256
70243	63462
70244	63462
63466	32270
63474	32282
63480	32291
63481	32291
63482	32292
63482	37665
63485	32313
63487	32321
63489	32323
63491	32328
63497	32333
63500	32334
63501	32339
63502	32340
63508	32347
63509	32347
63510	32347
63511	32347
63512	32348
63513	32355
63534	32378
63536	32398
63540	32420
70252	63542
63543	32422
63544	32422
63544	54981
63546	32425
63546	36927
63547	32425
63552	32434
63556	32438
63557	32439
70253	63558
63559	32461
63562	32467
63563	32467
63566	32483
63567	32483
63567	63566
63568	32483
70254	63571
63585	32500
63587	32507
63589	32514
63590	32526
63590	52212
63591	32531
63598	32573
63600	32577
63612	32581
63613	32581
63614	32586
63615	32586
63616	32593
63617	32593
63619	32594
63626	32638
63628	32654
63628	35355
63629	32654
63629	35355
63630	32657
63631	32661
63637	32675
63638	32684
63640	32697
70261	63642
63646	32707
63647	32709
63647	57135
63648	32717
63649	32723
63650	32727
63651	32735
63652	32735
63655	32753
63656	32758
63657	32764
63659	32772
63661	32781
63662	32781
63663	32781
63665	32785
63667	32789
63668	32791
63669	32791
63672	32796
63676	32814
63677	32829
63687	32854
63689	32857
63692	32881
63693	32883
63694	32885
63695	32885
63708	63707
63708	63709
63708	63711
63708	70284
63709	63707
63709	63708
70284	63708
63712	32922
63713	32923
63714	32924
63715	32925
63716	32929
63717	32932
63717	40305
63719	32932
63719	40305
63720	32932
63721	32937
63724	32946
63726	32951
63728	32956
63737	32981
63738	32981
63740	32983
63747	33012
63752	33019
63757	33036
63762	33064
63762	46698
63763	33069
63764	33069
63765	33072
63766	33072
63767	33074
63768	33077
63768	59388
63770	33082
63771	33082
63772	33082
63773	33082
63774	33082
63775	33082
63778	33091
63782	34115
63784	33117
63786	33119
63787	33122
70290	63788
63789	33132
63790	33135
68297	50859
63798	33155
63799	33159
63800	33159
63801	33159
63802	33169
63806	33178
63806	57561
63807	33178
63807	47052
70292	63808
70292	71215
70293	63812
63814	33189
63815	33191
63818	33231
63818	50901
63824	33245
63825	33245
63826	33245
63827	33260
63828	33261
63829	33263
63831	33270
63833	33273
63834	33273
63837	33302
63845	33315
63846	33315
63847	33315
63847	46908
63848	33315
63848	46908
63849	33315
63849	46908
63850	33315
63851	33315
63851	46908
63852	33315
63853	33317
63855	33320
63856	33327
63861	33353
63863	33363
63864	33364
63870	33367
63870	63866
63870	70296
63870	70297
69298	56881
69298	63866
70296	63866
70297	63866
63871	33367
63888	33425
63890	33427
63895	33439
63897	33443
63898	33447
63901	33456
63901	70301
63901	70302
63904	33460
63905	33460
63906	33462
63912	33499
63913	33500
63914	33500
63927	33515
63929	33532
63930	33533
63935	33562
63937	33569
63939	33579
63940	33586
63947	63538
63950	63946
63962	33598
63963	33598
63965	33599
63965	70308
63965	70309
70271	63966
70310	63966
70311	63966
63969	33617
63969	40990
63971	33625
63972	33625
63972	63973
63973	33625
63973	63972
63981	33644
63982	33644
63983	33646
63987	33654
63990	33658
70319	63991
63992	33660
63992	70320
63992	70321
63994	33671
63994	70322
63995	33680
70323	63996
64005	33721
64006	33731
64006	57059
64009	33733
64010	33733
64017	33739
64019	33746
64020	33746
64027	33755
64027	64026
64028	33755
64030	33756
64031	33756
64032	33756
64033	33757
64034	33757
64035	33757
64036	33757
64037	33757
64038	33757
64039	33757
64040	33757
64041	33757
64042	33758
64044	33767
64049	33776
64050	33776
64051	33781
64056	33787
64057	33791
64058	33791
64059	33791
64061	33810
64062	33825
70330	64063
64066	33828
64069	33849
64071	33850
64073	33851
64074	33851
64075	33851
64076	33854
64077	33854
64084	33875
64085	33875
64086	33876
64088	33878
70333	70332
70334	64089
64090	33889
64091	33893
64093	33899
64095	33906
64095	45989
64096	33906
64099	33934
64099	64368
64099	70336
64100	33934
64104	33945
64112	33977
64116	33987
64117	33987
64118	33992
64119	33992
64120	33992
64121	34007
64124	34035
64125	34038
64126	34048
64126	34479
64130	34058
64133	34078
64134	34080
64135	34083
64138	34087
64139	34087
64140	34092
64147	34092
64148	34092
64149	34094
64152	34099
64154	34102
64154	64153
64155	34102
64156	34102
64159	34114
64164	34122
64165	34122
64166	34126
64167	34126
64167	38973
64168	34128
64169	34128
64169	70348
64170	34128
64170	70349
64183	34134
64186	34144
64187	34144
64187	54114
64188	34148
64189	34148
64190	34148
64191	34149
64192	34149
64193	34149
64194	34149
64197	34186
64198	34186
64199	34186
64200	34186
64201	34186
64205	34197
64206	34197
64211	34198
64212	34202
64213	34205
64221	34211
64224	34219
64225	34219
64225	70354
70354	64225
64233	34222
64234	34222
70357	64236
64238	34228
64243	34232
64244	34242
64250	34248
64253	34265
64255	34266
64258	34273
64260	34281
64264	34289
64269	34297
64270	34303
64271	34311
64272	34336
64272	35171
64279	34342
64280	34342
64281	34342
64278	34342
64282	34344
64283	34345
64286	34356
70351	64289
70360	64290
70361	64291
64292	34377
64296	34398
67790	48238
64303	34409
64309	34424
64316	34451
64317	34457
64322	34465
64326	34482
64327	34482
64328	34482
64329	34482
64330	34482
64331	34482
64334	34505
64336	34507
64337	34507
64339	34518
64339	70369
64339	70370
64343	34540
64345	34545
64347	34546
64347	48595
64349	34549
64352	34562
64353	34562
64355	34569
64356	34569
64357	34569
64358	34569
64359	34569
64360	34572
64361	34574
64363	34575
64364	34584
64374	34619
64374	36247
64374	70374
64374	70375
64375	34621
64376	34622
64376	71451
64377	34622
64380	34658
64382	34660
64383	34671
64384	34681
64385	34691
64385	70377
64385	70378
64392	34692
64392	64387
64392	64388
64392	64389
64392	64390
64392	64391
64392	71524
64393	34692
64394	34693
64395	34693
64396	34704
64397	34717
70379	64398
64399	34722
64401	34728
64401	70381
64402	34729
64403	34729
64407	34735
64408	34737
64410	34760
64415	34780
64416	34782
64417	34782
64425	34798
64434	34823
64436	34859
64438	34876
64440	34883
64446	34896
64447	34896
64453	34902
64454	34902
64457	34909
64485	35011
64485	64476
64486	35012
64487	35012
64487	70395
64492	35034
64497	35054
64499	35059
64500	35059
64502	35061
64506	35071
64508	35076
64510	35084
64513	35093
64514	35093
64515	35093
64516	35093
64517	35093
64518	35093
64519	35093
64520	35097
64521	35100
64522	35105
64524	35108
64525	35108
64525	64524
64526	35108
64527	35108
64527	70399
64528	35108
64529	35108
64531	35111
64532	35113
64535	35123
64537	35136
64538	35153
64539	35157
64542	35173
64543	35182
64544	35182
64545	35192
64546	35192
64546	35193
64546	64547
64548	35193
64549	35193
64554	35198
64555	35199
64557	35201
64558	35201
64560	35211
64561	35215
64562	35216
64563	35218
64563	70400
70400	64563
64565	35224
70402	64567
64568	35267
64568	49149
64571	35270
64572	35271
64576	35274
64577	35275
64582	35285
64589	35306
64589	64494
64591	35313
64593	35315
64594	35320
64597	35321
64598	35321
64600	35332
64600	70406
64601	35332
64608	35340
64609	35340
64610	35345
64613	35355
64616	35360
64620	35364
64624	35373
70408	64625
64630	35378
64631	35378
64635	35391
64635	37571
64635	64633
64636	35391
64636	70413
64637	35391
64639	35421
64642	35430
64644	35435
64645	35435
64646	35435
64647	35435
64648	35435
64649	35435
64653	35446
64658	35472
64659	35477
64660	35481
64664	35503
64665	35503
64670	35514
64673	35515
64673	37879
70418	71226
64682	35546
64683	35550
64683	64686
64683	69398
64683	69399
64683	70420
64683	70421
64683	70422
64683	70423
70420	64686
70420	69398
70420	69399
70420	70419
70420	70421
70420	70422
70420	70423
70420	71228
70421	64686
70421	69398
70421	69399
70421	70419
70421	70420
70421	70423
70422	64686
70422	69399
70422	70419
70422	70421
70423	64683
70423	69398
70423	70420
70423	70421
64684	35546
70419	64686
70419	69399
64687	35564
64688	35564
70424	64690
64691	35567
64692	35567
64693	35567
64694	35567
64695	35569
64696	35577
64697	35577
64698	35580
64700	35598
66542	42753
66542	64705
64710	35621
64711	35621
64711	39883
64714	35626
64714	64713
64716	35634
64717	35636
70426	64719
64721	35678
64723	35686
64724	35686
64726	35691
64727	35691
64728	35691
64729	35691
64730	35691
64731	35691
64732	35691
64733	35691
64734	35691
64735	35691
64736	35691
64737	35691
64740	35696
64741	35700
64742	35716
64743	35716
64744	35716
64745	35725
64752	43870
64754	35741
64756	35771
64760	35816
70429	64766
70429	71229
64768	35874
70431	64770
64777	35891
64779	35901
64780	35901
64781	35903
64783	35906
64785	35915
70436	64786
70436	70437
70437	64786
64787	35932
64791	35943
64793	35969
64794	35969
64795	35969
64796	35969
64797	35969
64799	35972
64801	35983
64802	35991
64803	35991
64805	36020
64808	36029
64809	36029
64810	36029
64811	36029
64812	36029
64813	36029
64814	36029
64815	36029
64821	36054
70440	64822
64825	36079
64829	36081
64831	36089
64832	36089
64833	36100
64835	36109
64836	36109
64839	36143
64840	36147
64851	36160
64852	36160
70444	64853
70445	64857
64859	36167
64860	36174
64864	36194
64864	70446
64866	36198
64873	36211
64873	64872
64875	36229
64876	36233
64878	36234
64879	36234
64881	36239
64882	36239
64884	36240
64889	36287
64889	70450
64890	36290
64890	70451
64890	70452
64891	36296
64892	36299
64896	36321
64897	36327
64898	36333
64903	36346
64904	36346
70456	64911
64915	36391
64916	36391
64917	36401
64918	36401
64919	36401
64924	36465
64925	36467
64927	36482
64928	36482
64929	36495
64930	36495
64944	36557
64945	36570
64948	36575
64949	36575
64950	36578
64951	36585
64952	36594
64954	36595
64956	36610
64959	36625
64964	36638
64965	36639
64968	36702
64969	36702
64970	36708
64973	36787
64974	36787
64975	36787
64976	36813
64986	36904
64989	36926
64991	36935
64992	36940
64993	36940
64995	36941
64996	36941
64997	36941
64998	36941
65001	36949
65002	36949
65003	36949
65003	64999
70462	64999
65008	36963
65009	36963
65011	36967
65012	36967
65012	37943
65013	36967
65016	36971
65016	70463
65017	36973
65018	36973
65019	36978
65021	36993
65023	36995
65024	36998
65033	37043
65034	37045
65038	37067
65045	37091
65046	37092
65052	37110
65058	37134
65059	37134
65063	37140
65064	37141
65065	37141
65069	37163
65069	57123
65070	37163
65071	37169
65077	37203
65078	37209
65080	37225
65081	37225
65085	37237
65086	37239
65087	37239
65088	37239
65089	37247
65090	37253
65092	37265
65093	37265
65093	70473
65094	37267
65095	37269
65095	62275
65098	37280
65099	37280
65100	37280
65103	37298
65103	70475
65106	37318
65115	37347
65116	37351
65116	70476
65116	70477
65117	37365
65121	37373
65122	37373
65123	37373
65126	37378
65127	37379
65131	37404
65132	37415
65133	37423
65135	37424
65140	37441
65141	37451
65142	37454
65147	37479
65148	37480
65149	37480
65150	37480
65151	37480
65152	37480
65153	37480
65154	37487
65155	37487
65155	65154
65158	37492
65159	37492
65161	37512
65161	70480
65163	37519
65166	37534
65167	37535
65169	37537
65170	37539
65171	37539
70482	65172
65179	37548
65180	37548
65186	37552
65188	37553
65189	37553
65189	47030
65192	37563
65193	37563
65194	37564
65194	70483
65195	37564
65196	37565
65197	37565
65198	37565
65203	37580
65204	37580
65209	37589
65209	43478
65210	37592
65212	37599
65216	37610
65217	37610
65218	37610
70485	65222
70485	71239
70485	71240
65225	37613
65226	37614
65228	37624
65229	37624
65229	70487
65231	37632
65233	37635
65233	65232
65234	37640
65234	70488
65234	70489
65235	37640
65238	37651
65241	37665
65243	37684
65244	37684
65246	37688
65248	37691
65249	37691
65250	37696
65251	37718
65255	37728
65257	37736
65262	37758
65263	37758
65264	37762
65267	37767
65268	37767
65271	37791
65271	70500
70500	71244
65274	37802
65276	37811
65276	70502
65278	37823
65279	37825
65286	37856
65288	37873
65290	37879
65291	37879
65293	37881
65296	37882
65296	52371
65297	37892
65299	37894
65300	37894
65301	37898
65303	37915
65304	37905
65304	38753
65305	37923
65307	37928
65308	37928
65310	37931
65314	37936
65316	37989
65317	37993
65319	38001
65320	38001
65321	38002
65322	38004
65323	38006
65324	38007
65327	38018
65333	38034
65342	38097
65344	38100
65345	38103
65346	38103
65346	70506
65346	70507
65349	38121
65350	38142
65351	38164
65352	38178
65353	38188
65354	38189
65355	38208
65357	38221
65360	38232
65362	38246
65363	38246
65364	38250
65365	38251
65366	38252
65367	38256
65368	38266
65370	38275
65371	38276
65372	38278
65373	38278
65374	38278
65376	38288
65377	38288
65379	38298
65380	38298
65381	38298
65383	38310
65384	38310
65385	38406
65386	38314
65395	38401
65396	38404
65397	38404
65398	38404
65399	38413
65400	38413
65403	38427
65404	38427
65405	38456
65406	38456
65407	38461
65408	38465
65411	38474
65413	38480
65413	45442
65413	45444
65413	49629
65414	38496
65415	38496
65416	38496
65417	38501
65418	38509
65424	38523
65425	38526
65427	38527
65428	38528
65429	38528
65430	38528
65438	38562
65439	38567
65440	38568
65447	38591
65448	38591
65449	38593
65451	38595
65453	38621
65454	38621
65455	38621
65456	38624
65460	38629
65462	38632
65463	38632
65464	38632
65467	38635
65470	38646
65472	38657
65473	38658
65473	70512
65473	70513
65476	38692
65477	38694
65481	38702
65482	38702
65484	38710
65485	38710
65486	38710
65487	38710
65488	38710
65489	38712
65490	38723
65491	38733
65493	38755
65496	38780
65499	38783
70519	65503
70519	70520
70519	71246
70520	70519
70520	71246
65504	38815
65507	38828
65512	38860
65513	38864
65517	38871
65518	38871
65519	38874
65520	38874
65521	38879
65523	38880
70522	65524
65527	38888
65529	38895
65531	38908
65532	38914
65537	38924
65538	38924
65539	38924
65540	38924
70524	65545
70526	65545
65547	38934
65550	38939
65551	38941
65552	38944
65553	38949
65553	70529
70529	65553
70529	65555
70529	65556
70529	65557
70529	71247
65554	38949
65555	38949
65555	70529
65556	38949
65556	70529
65557	38949
65557	70529
65558	38949
65560	38950
65561	38953
65568	38968
65570	38970
65571	38970
65575	38986
65577	38994
65578	38996
65578	53476
65579	38996
65580	38998
70530	65582
65583	39000
65584	39003
65587	39007
65590	39016
65597	39053
65598	39053
65599	39053
65600	39053
65600	65599
65602	39064
65604	39068
70535	65606
65609	39102
65610	39103
65612	39128
65618	39162
65623	39164
65623	65619
65623	65620
65623	65621
65622	39164
65622	65619
65622	65620
65622	65621
65624	39164
65625	39164
65626	39164
65626	65620
65628	39168
65629	39169
65630	39169
65631	39169
65635	39188
65636	39189
65636	39933
65636	41291
65638	39203
65641	39207
65642	39207
65644	39214
65645	39214
65649	39249
65652	39257
65652	45158
65653	39275
65654	39275
65654	70538
65655	39290
65658	39303
65661	39317
70543	65662
65665	39335
65668	39346
65672	39350
65687	39393
65688	39396
65690	39406
65691	39410
65692	39413
65696	39451
65696	70548
65699	39460
65703	39488
65704	39494
65705	39494
65707	39502
65708	39502
65711	39511
65712	39512
65715	39516
65715	70552
70553	65717
70554	65717
65718	39524
65720	39529
65721	39540
65724	39615
65729	39631
65729	65730
65730	39631
65731	39636
65731	45933
70560	65732
70561	65735
70561	70562
70561	70563
70562	65735
70562	70563
70563	65735
70563	70562
65737	39652
65739	39654
65742	39670
65745	39688
65750	39720
65751	39720
65764	39734
65764	70565
65765	39734
65769	39745
65770	39745
65772	39759
70566	65773
65774	39778
65776	39781
65777	39781
65778	39789
65779	39800
65782	39819
65783	39824
65789	39848
65790	39849
65791	39853
65792	39860
65793	39860
65794	39861
70568	65795
65796	39862
65805	39885
65806	39885
65807	39885
65808	39885
65809	39885
65810	39887
65811	39887
65812	39894
65813	39895
65816	39909
65817	39911
65818	39911
65820	39923
65821	39926
65822	39926
65823	39928
65823	65825
65825	39928
65824	39928
65826	39928
65827	39928
65828	39928
65829	39928
65830	39928
65830	65831
65831	39928
65831	65830
65832	39928
65832	65830
65833	39928
65834	39928
65835	39928
65836	39930
65837	39931
65837	70570
65838	39931
65839	39935
65841	39944
65842	39944
65843	39944
65846	39963
65849	39994
65850	40007
65851	40013
65855	40020
65858	40029
65860	40030
65861	40031
65866	40055
65867	40069
65870	40096
65873	40107
65874	40107
65875	40107
65876	40107
65879	40110
69330	57065
69330	69329
65892	40113
65893	40120
65895	40145
65896	40148
65897	40148
65903	40173
65906	40183
65908	40189
65908	65907
65910	40196
65911	40197
65915	40216
65921	40231
65925	40235
65925	65924
65928	40244
65934	40269
65937	40277
65938	40277
65939	40277
65940	40277
65941	40277
65942	40283
65943	40294
65944	40301
65949	40303
65950	40305
65951	40305
65952	40305
65953	40309
65954	40315
65955	40317
65956	40317
65962	40344
65963	40344
65964	40344
65965	40352
65966	40359
65967	40363
65968	40363
65971	40378
65972	40386
65973	40386
65977	40394
65980	40420
65984	40436
65986	40448
65988	40462
65990	40485
65994	40496
65995	40499
66002	40523
66003	40526
70581	66006
66007	40651
66007	70588
66007	70589
66011	40570
66012	40583
66013	40587
70584	66015
70585	66016
66026	40611
66027	40623
66027	47179
66028	40623
66029	40623
66030	40623
66032	40632
66033	40644
66034	40653
66035	40662
66039	40676
70591	66041
66042	40707
66048	40726
66049	40730
66053	40743
66053	68569
66054	40743
66054	45268
66055	40743
66064	67754
66070	40764
66071	40771
66076	40814
66078	40819
66078	66077
66079	40819
66079	66077
66080	40819
66080	66077
66081	40823
66086	40853
66089	40883
66089	70600
66094	40891
66096	40892
66097	40892
66098	40900
66100	40908
66107	40918
66108	40918
66123	40970
66126	40992
66127	40993
66129	40993
66129	66128
66130	40999
66132	41009
66136	41045
66143	41060
66144	41060
66146	41061
66147	41066
66148	41067
70606	66150
70607	66150
70608	66150
66151	41072
66152	41072
66153	41074
66156	41087
66156	66155
66159	41127
66163	41139
66166	41157
66167	41170
66168	41170
66169	41170
66170	41170
66171	41170
66172	41170
66173	41175
66176	41191
66178	41205
66182	41228
66183	41236
66188	41246
66188	70615
66191	41261
66194	71534
66196	41291
66197	41321
66199	41342
66200	41343
66201	41346
66201	41451
66202	41346
70618	66204
66205	41365
66207	41367
66208	41367
66209	41376
66210	41376
66216	41410
66216	52825
66216	70622
66218	41412
66219	41412
66222	41434
66223	41440
66224	41441
66226	41451
66227	41451
66232	41476
66233	41494
66235	41498
66235	41499
66237	41512
66238	41515
66241	41535
66243	41541
66244	41544
66245	41544
66246	41544
66247	41544
66249	41561
66256	41576
66256	47941
66257	41576
66257	47938
66257	47941
66258	41576
66258	47938
66258	47941
66262	41635
66263	41637
66265	41639
66265	66264
70627	66266
66267	41648
66270	41651
70628	66271
66273	41665
66274	41668
66275	43366
66276	43368
66277	41672
66278	41672
66281	41689
66282	41692
66282	70630
66283	41700
66285	41704
66287	41713
66287	70631
66288	41716
66291	41721
66292	41721
66293	41721
66294	41724
66296	41733
66297	41733
66298	41734
66299	41734
66300	41734
66301	41734
66306	41759
66306	53540
66307	41759
66311	41776
66313	41779
66314	41782
66315	41791
66316	41793
70633	66317
66321	41794
66322	41796
70634	66323
66326	41797
66326	70635
66327	41797
66328	41804
66329	41806
66330	41816
66332	41821
66333	41822
66334	41824
66334	42010
66335	41826
66340	41842
66344	41846
66345	41856
66347	41859
66349	41867
66350	41878
66351	41878
66353	41884
66354	41884
66356	41891
66357	41895
66358	41896
66359	41896
66360	41917
66362	41939
66363	41939
66364	41939
66365	41939
66369	41969
66370	41971
66370	70636
66371	41973
66372	41989
66373	41992
66374	41992
66375	41992
66380	42003
66382	42032
66388	42059
66389	42059
66392	42065
66395	42069
66397	42074
66399	42076
70639	66401
66402	42083
66402	66400
66403	42083
66403	66400
70641	66404
66405	42085
66405	70642
70642	66405
66406	42086
66406	70643
66406	70644
66407	42092
66408	42092
66409	42092
66410	42092
70645	66411
66413	42097
66419	42122
66422	42126
66425	42136
66426	42136
66426	42142
66426	48304
66431	42154
66431	70648
66432	42155
66433	42155
66434	42155
66435	42162
66436	42164
66436	42165
66439	42183
66440	42183
66441	42183
66443	42189
66444	42210
66444	70649
66445	42231
66447	42247
66448	42256
66450	42286
66452	42289
66453	42289
66455	42297
66456	42297
66460	42336
66463	42351
66464	42357
66466	42371
66468	42390
66478	42416
66479	42417
66481	42443
66482	42443
66483	42443
66484	42455
66490	42484
66491	42487
70658	66492
66494	42524
66494	53608
66496	42525
66497	42528
66498	42534
66499	42534
66500	42534
66502	42538
66505	42541
66509	42558
66510	42558
66510	70659
70659	71263
66514	42593
66515	42595
66516	42615
66517	42615
66517	66516
66518	42616
66519	42652
70662	66520
66524	42659
66525	42662
66526	42664
66527	42670
66528	42684
66529	42693
66530	42708
66532	42711
66533	42711
66536	42723
66537	42729
70663	66543
66544	42761
66546	42765
66548	42775
66549	42775
66550	42775
66552	42780
66554	42906
66554	70667
70667	71264
66557	42803
66560	42813
66561	42813
66562	42819
66566	42843
66567	42877
66567	70666
66570	42895
66570	45686
66572	42899
66573	42905
66574	42906
66575	42906
66576	42906
66577	42907
66585	42954
66586	42975
66588	42991
66589	42993
66591	43003
66595	43043
66595	70670
66596	43043
66596	44301
66597	43043
66598	43047
66599	43052
66604	43056
66604	66602
66607	43078
66610	43118
66612	43120
66613	43120
66614	43120
66615	43125
66616	43125
66620	43154
66623	43159
66624	43159
66625	43175
66630	43200
70683	66633
70687	66633
70660	66634
70660	71265
70660	71266
70660	71267
66636	43241
66636	70689
66636	70690
70689	66636
70689	71268
70689	71269
66640	43253
66641	43267
66642	43283
66642	43285
66644	43284
66646	43290
66648	43255
66649	43309
66650	43309
66654	43319
66655	43329
66657	43338
66661	43348
66662	43351
66663	43357
66664	43366
66665	43372
66670	43397
66672	43402
66673	43402
66673	56944
66674	43403
66679	43405
66679	66676
66681	43406
66682	43409
66685	43410
66686	43411
66687	43411
66691	43431
66692	43431
66694	43433
66696	43439
66697	43439
66698	43440
66699	43448
66707	43452
66712	43472
66712	66711
70692	66715
66718	43496
66719	43499
66733	43531
66736	43542
66737	43542
66744	43562
66747	43563
66749	43569
66752	43578
66753	43578
66754	43578
70702	66762
66765	43607
66766	43610
66767	43610
66769	43630
66770	43630
66770	70704
70704	66770
66771	43630
66772	43631
66772	70705
70705	66772
70705	71273
70705	71274
66773	43639
66774	43639
66775	43641
66776	43642
66777	43644
70707	66784
66793	43651
66793	70710
70711	66795
66797	43729
66798	43729
66811	43783
66813	43788
66814	43788
66816	43789
66819	43790
66821	43835
66822	43841
70712	66825
66826	43868
66827	43868
66828	43868
66830	43885
66832	43899
66834	43902
66838	43954
66839	43954
66841	43990
66842	43990
66843	43990
66844	43990
66845	43990
66846	43990
66847	43990
66848	43990
66849	43990
66850	44051
66850	70713
70713	66850
66851	44060
66853	44073
66854	44077
66855	44086
66856	44090
66856	70714
66856	70715
70714	66856
70715	66856
66857	44090
66858	44090
66859	44093
66861	44103
66865	44123
66869	44122
70718	66871
66874	44132
66875	44134
66875	69398
66875	70719
66877	44144
66879	44152
66880	44156
66881	44156
66883	44162
66885	44175
66887	44205
66889	44209
66893	44235
66893	66891
66893	66892
66894	44235
66894	66891
66894	66892
66895	44235
66895	66891
66895	66892
66896	44238
66896	70722
66897	44238
70723	66898
66900	44247
66901	44253
66902	44253
66903	44255
66908	44268
66910	44280
66910	70725
66915	44303
66928	44371
66929	44371
70730	66931
70730	70731
70731	66931
66934	44436
66946	44532
66948	44549
66949	44557
66954	44593
66955	44593
66960	44608
66962	44614
66962	44615
70733	66963
66967	44619
66969	44622
66970	44631
66971	44637
66974	44660
66975	44663
66976	44664
66978	44669
66979	44669
66980	44669
66981	44669
66982	44669
66984	44676
66985	44699
66987	44707
66988	44709
66989	44715
66990	44720
66992	44730
66995	44752
66998	44765
67000	44771
67002	44774
67003	44774
67004	44774
67005	44774
67006	44774
67009	44801
67010	44802
67010	51957
67011	44806
67013	44811
67054	44845
67056	44857
67058	44867
67059	44871
67060	44871
67062	44872
67069	44879
67071	44885
67073	44896
67074	44899
67075	44938
67076	44945
67078	44960
67079	44974
67080	44978
67081	44980
67082	44981
67085	44986
67086	44995
67087	44995
67089	44995
67092	44997
67093	45005
67094	45007
67130	45081
67131	45088
67132	45107
67135	45111
67139	45118
67140	45127
67141	45132
67145	45237
67146	45237
67149	45241
67156	45274
67159	45280
67161	45291
67163	45323
67164	45323
67166	45326
67166	67165
67168	45328
67169	45330
67170	45345
67174	45351
67175	45351
67176	45351
67177	45351
67178	45351
67179	45351
67180	45351
67181	45351
67182	45351
67183	45351
67184	45351
67185	45351
67186	45351
67187	45351
67188	45351
67194	45361
67199	45393
70744	67200
67204	45430
67204	70748
67204	70749
70749	67204
70749	71287
70749	71288
67205	45432
70752	67210
70752	71285
67212	45438
67213	45439
67213	70737
67214	45452
67215	45452
67216	45452
67217	45452
70753	67219
67221	45471
67225	45485
67228	45504
67232	45536
67233	45536
67234	45536
67236	45558
67239	45569
70755	67241
70755	71290
67242	45595
67253	45669
67254	45669
67255	45673
67258	45685
67260	45699
67262	45707
67263	45707
67264	45707
67265	45707
67266	45707
67268	45711
67269	45711
67269	67268
67271	45741
67272	45743
67272	70760
67274	45766
67274	70761
70761	67274
67278	45777
67281	45825
67285	45864
67287	45874
67294	45931
67299	45934
67303	45944
67304	45944
67305	45944
67306	45944
67306	67303
67307	45949
67308	45949
67308	67309
67309	45949
67309	67308
67310	45959
67311	45965
67314	45985
67316	46017
67317	46022
67320	46039
67321	46083
67322	46087
70769	67323
67324	46117
67325	46117
67325	62561
67327	46155
67328	46169
67329	46169
67329	70770
67329	70771
70771	67329
70771	71293
67330	46179
67330	46180
67331	46179
70773	67333
67335	46205
67335	63058
67335	70775
67335	70776
67335	70777
67335	70778
70777	67335
70778	67335
67339	46252
67340	46258
67341	46258
67342	46258
67344	46267
67346	46272
67347	46272
67350	46277
67353	46299
67359	46326
67361	46346
67362	46350
67365	46368
67366	46368
67372	46423
67374	46436
67375	46446
67378	46461
67383	46480
67385	46491
67386	46491
67387	46493
67397	46503
67398	46503
67399	46507
67400	46507
67401	46515
67404	46517
67404	67403
67405	46517
67405	67403
67407	46535
67408	46535
67411	46546
67412	46562
67413	46583
67414	46596
67416	46637
70787	67417
67418	46651
67418	67417
67419	46656
67420	46658
67423	46677
67424	46677
67425	46680
67426	46680
67427	46685
67428	46685
67429	46685
67429	67428
67430	46685
67430	70797
67433	46696
67434	46696
67435	46698
67437	46714
67438	46714
67445	46782
67450	46795
67451	46795
67452	46795
67456	46829
67457	46846
67458	46847
67459	46847
67459	70800
67460	46885
67460	70801
67462	46901
67463	46902
67464	46902
67465	46906
67466	46908
67467	46908
67468	46908
67469	46908
67470	46908
67471	46908
67472	46908
67473	46908
67474	46908
67475	46908
67478	46933
67479	46949
67479	60610
67479	70803
67480	46955
67482	46981
67486	47002
67488	47014
67493	47022
67494	47022
67494	62575
67495	47026
67497	47030
67498	47030
67499	47030
67499	65187
67500	47030
67500	65187
67503	47049
67506	47058
67507	47058
67507	70808
67510	47098
67510	70810
67511	47098
67513	47136
67514	47136
67514	70813
70813	67514
67519	47137
67517	47137
67518	47137
67518	67519
67518	70814
67520	47137
67521	47160
67522	47165
67524	47166
67526	47179
67531	47217
67536	47222
67537	47222
67538	47222
67543	47232
67549	47278
67550	47278
67551	47278
67554	47284
67558	47305
67565	47340
67565	70820
67567	47342
67568	47350
67569	47359
67571	47371
67574	47385
67577	47405
67581	47420
67581	54266
67582	47427
67583	47443
67583	70821
67584	47452
67586	47465
67587	47465
67588	47466
67589	47469
67594	47499
67595	47499
67596	47504
67605	47556
67606	47556
67607	47559
67609	47567
67610	47569
67610	70825
67611	47576
67613	47581
67618	47638
67619	47655
67621	47662
67622	47683
67625	47691
67626	47691
67627	47711
67627	70827
70827	67627
67630	47725
67631	47725
67632	47725
67633	47725
67634	47725
67636	47737
67656	47751
67656	47757
67657	47751
67658	47751
67659	47751
67660	47751
67661	47751
67662	47751
67664	47760
67667	47783
67668	47792
67673	47799
67673	67672
67673	67675
67675	47799
67674	47799
67676	47799
67677	47799
67681	47810
67682	47810
67690	47818
67691	47819
67694	47839
67698	47848
67699	47869
67700	47869
67701	47878
67702	47878
67703	47890
67704	47897
67708	47902
67708	70834
67709	47902
67711	47906
67714	47920
67715	47922
70835	67717
70836	67718
70836	70837
70836	70839
70837	67718
70837	70836
70837	70838
70837	70839
70839	67718
70839	70836
70839	70837
70839	70838
67720	47938
67720	47941
67721	47938
67721	47941
67724	47941
67726	47938
67728	47941
67737	47972
67738	47983
67739	47983
67740	47983
67743	47985
67743	67741
67744	47989
67746	47996
67747	47996
67749	48001
67751	48011
67751	67750
67752	48048
67753	48053
67755	48071
67755	70848
70848	67755
70848	71295
67756	48071
67759	48081
67760	48082
67761	48086
67762	48091
67763	48094
67764	48101
67771	48168
67772	48168
67773	48168
67774	48168
67775	48173
67778	48183
67782	48216
67783	48221
67784	48225
67788	48233
67791	48240
67792	48250
67796	48271
67802	48313
67804	48338
67806	48361
67807	48364
67809	48382
67810	48384
67810	70851
67814	48396
67814	70856
67819	48418
67820	48420
67821	48420
67822	48422
67836	48433
67837	48433
67839	48449
67841	48450
67841	49752
67842	48450
67843	48454
67845	48464
67847	48469
67849	48480
67850	48484
67853	48490
67854	48494
70877	67855
67858	48520
67863	48569
67876	48596
70880	67877
70881	67877
70882	67877
70883	67877
70884	67877
70884	70885
70884	71296
70884	71297
70885	67877
70885	70884
70886	67877
67879	48634
67880	48637
67881	48653
67884	48657
67885	48661
67891	48666
67891	70889
67891	70890
67891	70891
67891	70892
67891	70893
70889	67891
70891	71299
67894	48674
67896	48676
67897	48676
67898	48676
67900	48679
67904	48690
67905	48690
67906	48692
67910	48707
67911	48707
67912	48713
67917	48749
67918	48771
67923	48804
67927	48823
67929	48840
67933	48853
67933	67932
67934	48863
67935	48868
67936	48870
67937	48895
67938	48895
67939	48895
67939	67938
70900	67943
67948	48927
67951	48956
67957	49002
67958	49002
67959	49002
67960	49009
67965	49044
67967	49058
67968	49058
67969	49058
67970	49064
67972	49092
67977	49104
70904	67978
67980	49145
67981	49147
67983	49162
67984	49162
67984	67983
70906	67985
70908	67985
70908	70907
67987	49200
67988	49203
67991	49251
67992	49257
67993	49258
67995	49264
67996	49273
67998	49275
67999	49277
68000	49292
68001	49297
68002	49304
68003	49314
68004	49344
68005	49344
68006	49355
68007	49357
68008	49357
68009	49377
68009	70909
70909	71300
68010	49379
68011	49387
68019	49428
68020	49428
68024	49436
68026	49471
68027	49473
68028	49476
68031	49503
68032	49505
68033	49505
68035	49514
70910	68036
70911	68038
70912	68038
70913	68038
70914	68038
70915	68038
70916	68038
68039	49603
68039	70917
68040	49603
68046	49628
68047	49628
68048	49628
68049	49628
68050	49630
68051	49631
68055	49684
68056	49687
68058	49692
68059	49699
68060	49699
68064	49707
68064	68062
68065	49707
68065	68061
68065	68062
68065	68063
68066	49710
68068	49712
68069	49732
68070	49732
68070	70920
68070	70921
68070	70922
70920	68070
70920	70922
70921	68070
70922	68070
70922	70920
68071	49732
68071	68072
68071	70489
68071	70923
68072	49732
70923	70489
68074	49738
68075	49750
68076	49783
68079	49804
68079	68078
68080	49804
68080	68078
68081	49804
68082	49804
68086	49842
68089	49854
70925	68093
68094	49886
68095	49891
68096	49904
68097	49992
68098	49992
68099	49992
68100	49993
68101	49992
68102	49993
68103	50002
68106	50038
70926	68107
70927	68110
68115	50090
68116	50090
68121	50100
68122	50101
68123	50101
68131	50140
68132	50140
68133	50140
68134	50140
68135	50140
68136	50140
68138	50146
68139	50150
68143	50191
68143	68140
68143	68141
68146	50213
68147	50231
68149	50248
68149	50249
68152	50271
68154	50306
68155	50306
68156	50310
68157	50311
68158	50311
68159	50311
68160	50311
68161	50312
68162	50312
68163	50312
68164	50312
68165	50312
68166	50312
68167	50313
68168	50313
68173	50331
68174	50343
68174	70933
68177	50358
68178	50368
68181	50389
68182	50396
68193	50438
68240	50489
68242	50521
68243	50532
68246	50558
68248	50564
68251	50605
68252	50608
68253	50629
68254	50630
68255	50660
68256	50676
68257	50676
68258	50685
68259	50685
68261	50708
68262	50710
68263	50710
68269	50721
68270	50721
68271	50721
68272	50721
68274	50736
68274	70934
68274	70935
70934	68274
70935	68274
68275	50736
68276	50738
68277	50738
68278	50738
68282	50753
69184	56168
69184	71064
69184	71065
70936	68283
68284	50778
68285	50794
68287	50807
68288	50822
68288	70937
68290	50837
68291	50837
68295	50842
68296	50859
68296	70939
68301	50890
68303	50901
68304	50903
68305	50914
68308	51103
68313	50995
68314	50998
68315	51004
68316	51004
68317	51009
68326	51121
68327	51128
68328	51129
68330	51130
68330	68329
68331	51130
68331	68329
68332	51130
68332	68329
68333	51130
68333	68329
68334	51130
68334	68329
68338	51165
68342	51175
68344	51200
68345	51236
68346	51244
68349	51246
68350	51255
68352	51263
68353	51272
68355	51280
68356	51283
68359	51306
68360	51306
68361	51306
68363	51311
68366	51339
68367	51347
68368	51347
68370	51356
68371	51356
68377	51392
68378	51392
68380	51413
68381	51414
68382	51419
68389	51462
68389	70948
68395	51480
68395	68393
68396	51485
68397	51513
68398	51559
68399	51559
68400	51559
68401	51566
68402	51571
68404	51588
68405	51590
68406	51634
68407	51646
68411	51671
68413	51710
68414	51672
68417	51699
68418	51710
68419	51717
68422	51741
68422	68421
68423	51741
68424	51741
68425	51744
68426	51760
68427	51760
68427	62155
68428	51760
68429	51760
68429	62155
68430	51766
68437	51776
68438	51780
68441	51803
68444	51828
68445	51829
68446	51842
68447	51842
68450	51869
68453	51886
68454	51886
68455	51886
68457	51891
68463	51908
68464	51911
68465	51911
68468	51921
68469	51923
68471	51931
68476	51976
68477	51976
68478	51986
68479	51994
68482	52026
68483	52034
68485	52062
68486	52062
68487	52083
68487	70958
68487	70959
68493	52118
68494	52125
68496	52133
68497	52133
68498	52133
68499	52133
68500	52135
68501	52135
68510	52172
68515	52181
68516	52181
68519	52193
68523	52233
68525	52242
68526	52242
68527	52242
68533	52274
68535	52278
68537	52284
68541	52309
68542	52309
68543	52309
68544	52309
68545	52309
68546	52309
68547	52309
68549	52327
68553	52334
68557	52361
68557	70969
68557	70970
68557	70971
68562	52384
68563	52394
68567	52441
68570	52473
68571	52482
68572	52520
68573	52520
68579	52537
68580	52549
68581	52550
68581	70979
68582	52552
68583	52552
68584	52552
68585	52552
68586	52552
68588	52582
68595	52602
68597	52650
68598	52650
68599	52664
68600	52665
68600	58455
68604	52703
68605	52703
68606	52726
68610	52738
68611	52740
68617	52768
68617	70983
68618	52772
68619	52772
68621	52775
68622	52781
68624	52816
68625	52827
68627	52832
68628	52834
68629	52837
68630	52837
68631	52841
68632	52841
68633	52843
68638	52881
68644	52948
68645	52948
68646	52948
68662	53014
68662	70572
68663	53017
68664	53017
68668	53022
68670	53032
68673	53036
68674	53036
70985	71306
68678	53056
68679	53062
68684	53112
68685	53112
68686	53114
68687	53120
68689	53131
68690	53137
68694	53153
68695	53153
68696	53153
68698	53168
68699	53170
68701	53176
68702	53182
68706	53217
68707	53217
68708	53217
68709	53249
68712	53250
68714	53253
68715	53253
68719	53285
68720	53302
68724	53307
68725	53307
68725	68721
68725	68723
68725	70994
68725	70996
68725	70997
70994	68722
70996	68725
70997	68725
68726	53307
68726	68721
68727	53307
68727	68723
68728	53307
68728	68721
68729	53307
68730	53307
68731	53317
68732	53317
68736	53383
68737	53426
68738	53426
68740	53438
68741	53440
68742	53443
68744	53476
68746	53480
68756	53542
68756	70998
70998	68756
68758	53557
68759	53557
68760	53561
68761	53565
68762	53590
68767	53658
68770	53660
68776	53665
71004	68778
71007	68779
68781	53705
68782	53741
68783	53748
68783	71008
71008	68783
68784	53749
68788	53774
68793	53800
68793	62009
68794	53803
71009	68795
68803	53833
68806	53850
68807	53850
68808	53850
68809	53850
68810	53850
68811	53850
68812	53850
68813	53887
68820	53919
68822	53926
68825	53936
68830	53957
68831	53969
71013	68833
71014	68833
68835	54001
68836	54001
68838	54015
68839	54015
68846	54093
68848	54115
68849	54122
68851	54151
71015	68859
71016	68859
68862	54172
68865	54204
68866	54229
68868	54240
68869	54242
68870	54242
68875	54280
68876	54286
68879	54317
68880	54318
68882	54321
68883	54324
68884	54324
68885	54325
68887	54344
68888	54352
68889	54352
68896	54396
68898	54422
68899	54424
68903	54455
68908	54490
68910	54511
68912	54522
71018	71308
68916	54539
68917	54539
68918	54539
68921	54547
68927	54590
68928	54590
68929	54594
71019	71309
68933	54635
68936	54644
68939	54668
68940	54668
68943	54656
68944	54681
68945	54681
68946	54681
68947	54681
68948	54682
68953	54692
68955	54697
68956	54703
68957	54703
68958	54723
68959	54723
68960	54729
68963	54750
68964	54750
68965	54766
68966	54766
68967	54775
68973	54813
68978	54858
68983	54863
68983	68981
68983	68982
71033	68986
71033	71035
71035	68986
71035	71033
68990	54910
68994	54949
68995	54950
68996	54962
68997	54962
69002	54996
69002	69001
69006	55048
69007	55048
69010	55069
69015	55114
69020	55142
69023	55159
69025	55173
69046	55211
69047	55217
69048	55217
69051	55257
69055	55282
69060	55343
69061	55366
69065	55404
69068	55445
69070	55446
69072	55449
69076	55506
69077	55512
69077	71040
69077	71041
69078	55515
69083	55555
69084	55555
69085	55555
69086	55555
69087	55556
69091	55579
69092	55582
69092	69962
69092	71043
69092	71044
69092	71045
69092	71046
69094	55585
69095	55602
69098	55608
69099	55610
69099	71047
69105	55612
69106	55633
69112	55672
69112	71048
69113	55688
69114	55692
69115	55699
69115	71049
71049	69115
71049	71318
69116	55717
69117	55717
69118	55717
69119	55717
69120	55717
69121	55717
69122	55717
69124	55738
69125	55738
69126	55738
69128	55770
69128	71050
69129	55772
71051	69130
69138	55831
71056	71319
71056	71320
69141	55834
69142	55865
69143	55914
69144	55921
69145	55938
69146	55938
69147	55941
69148	55948
69149	55972
69150	55972
69151	55973
69152	55984
69155	55999
69157	56006
69158	56047
69159	56047
69159	71060
69161	56056
69162	56059
69166	56065
69167	56065
69168	56068
69170	56089
69171	56089
69172	56089
69173	56089
69174	56089
69175	56089
69176	56089
69177	56110
69179	56118
69180	56146
69183	56162
71064	69184
69185	56191
69186	56193
69204	56215
69205	56262
69207	56283
69208	56283
69211	56313
69212	56318
69213	56368
69217	56371
69222	56455
69222	58507
69223	56463
69228	56496
69230	56506
69231	56517
69232	56517
71078	69234
69235	56527
69236	56527
69237	56540
69242	56543
69243	56549
69246	56568
69248	56569
69251	56581
69253	56606
69254	56634
69256	56657
69257	56666
69258	56667
69261	56685
69262	56685
69264	56723
69269	56746
69270	56754
69272	56774
69275	56806
69275	71081
69276	56813
69276	71082
69276	71083
71082	69276
69277	56813
69280	56821
69283	56844
69284	56846
69287	56864
69291	56873
69292	56873
69293	56873
69295	56875
69306	56944
71090	69307
71091	69307
69310	56966
69311	56966
69314	56980
71094	71326
69322	57004
69323	57013
69324	57027
69325	57035
69326	57035
69327	57052
69331	57065
69333	57071
69336	57080
69337	57080
69338	57080
69338	57084
69338	69336
69338	69337
69339	57080
69340	57108
69343	57121
69344	57121
69345	57123
69348	57137
69349	57137
69353	57145
69354	57145
69356	57152
69357	57152
69358	57165
71102	69359
69360	57173
69361	57176
69361	71104
71104	69361
69364	57188
69365	57188
69368	57230
69369	57235
69370	57251
69371	57265
69374	57291
69375	57291
69376	57299
69378	57302
69379	57302
69380	57318
69382	57326
69383	57335
69389	57376
69391	57382
69392	57395
71107	69398
69401	57451
69403	57464
69406	57509
69409	57562
69410	57580
69411	57582
69412	57582
69413	57582
69414	57594
69415	57633
69416	57643
69417	57646
69418	57648
69420	57658
69429	57699
69432	57726
69434	57778
69436	57816
69438	57854
69439	57882
69440	57889
69441	57889
69442	57904
69443	57921
69444	57923
69446	57938
69447	57938
69448	57938
69449	57938
69450	57938
69451	57956
69456	57964
69457	57964
69458	57977
69461	57978
69462	57978
69464	57992
69465	57992
69466	57994
69468	57998
69469	58000
69471	58011
69472	58017
69473	58018
69478	58050
69480	58061
69481	58062
69483	58064
69484	58066
69485	58066
69495	58096
69500	58128
69501	58128
69502	58137
69503	58137
69504	58137
69505	58137
69507	58171
69509	58193
69511	58208
69512	58208
69514	58214
69517	58244
69519	58255
69527	58288
69527	69526
69528	58292
69529	58303
69530	58304
69537	58335
69539	58355
69540	58365
69541	58371
69543	58388
69544	58388
69548	58425
69551	58453
69552	58471
69553	58472
69555	58496
69559	71130
71130	69559
69561	69558
69562	69558
69563	69558
69578	58585
69585	58698
71132	69590
69591	58723
69592	58735
69593	58746
69595	58773
69596	58775
69596	71133
69600	58810
69601	58810
69602	58810
69603	58810
69604	58810
69607	58819
69607	69606
69607	71134
71134	69607
69608	58827
69609	58839
69611	58878
69615	58897
69619	58935
69620	58935
69622	58967
69623	58972
69624	58972
69625	59000
69627	59006
69628	59006
69630	59037
69631	59048
69631	71136
69631	71137
71136	71137
69633	59059
69633	69632
69633	71138
69634	59059
69638	59066
69639	59070
69639	59071
69642	59076
69642	71139
71139	69642
69646	59129
69647	59130
69652	59152
69652	71425
69653	59160
69653	64137
69657	59256
69666	59302
69669	59341
69670	59361
69671	59365
69674	59388
69676	59392
69677	59392
69679	59404
69681	59421
69682	59433
69683	59444
71146	69685
69688	59465
69689	59471
69690	59471
69691	59471
69696	59490
69700	59529
69700	71148
69700	71149
71148	69700
71149	69700
69701	59542
69702	59545
69704	59570
69705	59570
69706	59571
69707	59600
69708	59621
69711	59625
69712	59625
69713	59625
69715	59656
69715	71154
69716	59657
69717	59659
69721	59694
69722	59705
71155	69724
69725	59733
69727	59746
69729	59762
69730	59762
69731	59762
69741	59785
69741	62439
69741	69739
69741	69740
69742	59803
69744	59814
69748	59850
69749	59866
69751	59873
69755	59914
69755	71157
71157	69755
69756	59914
69758	59948
69758	71158
69760	59951
69761	59951
69763	59967
69767	60011
69769	60017
69769	69768
69771	60052
69772	60052
69773	60074
69776	60135
69777	60136
69781	60150
69782	60150
69783	60162
69787	60180
69788	60180
69789	60193
69792	60204
69793	60204
69794	60204
69795	60209
69798	60234
69801	60241
69802	60256
69803	60256
69804	60256
69805	60256
69807	60261
69810	60264
69812	60265
69814	60266
69815	60280
69821	60332
69822	60339
69823	60339
69830	60367
69832	60440
69833	60440
69834	60440
69835	60463
69837	60465
69839	60470
69840	60488
69842	60516
69843	60516
69844	60527
69848	60533
69849	60543
69854	60585
69857	60609
69858	60609
69862	60615
69863	60617
69864	60632
69865	60643
69866	60664
69867	60669
69870	60676
69873	60711
69874	60711
69875	60712
69878	60719
69879	60755
69880	60782
69883	60805
69887	60825
69891	60868
69892	60899
69902	60970
69903	60970
69905	60997
69906	61032
69909	61083
69912	61091
69913	61103
69917	61129
69918	61129
69920	61135
69922	61138
69926	61160
69927	61168
69928	61186
69928	61187
69929	61186
69929	61193
69931	61209
69933	61222
69938	61248
69939	61261
69940	61261
69943	61301
69945	61346
69945	71173
69948	61368
69948	71174
71174	69948
69950	61383
69954	61426
69955	61445
69956	61445
69961	61505
69965	61531
69968	61548
69969	61548
69970	61548
69971	61549
69972	61554
69974	61566
69976	61579
69979	61595
69980	61595
69981	61595
69982	61595
69983	61595
69985	61625
69987	61635
69988	61635
69990	61656
69991	61663
69992	61670
69992	71181
69993	61695
69994	61697
69994	62858
69995	61705
69995	71182
69996	61706
70001	61761
70004	61804
70007	61839
70008	61851
70009	61856
70010	61856
70011	61860
70011	71184
70012	61869
70017	61901
70023	61934
70024	61934
70025	61937
70028	61940
70029	61940
70032	61954
70033	61969
70035	61971
70036	61971
70040	61997
70042	62009
70043	62011
70045	62016
70046	62016
70047	62046
70051	62080
70051	70050
70054	62119
70056	62128
70057	62140
70058	62140
70059	62140
70061	62153
70062	62155
70066	62188
70067	62188
70070	62197
70071	62197
70072	62198
70074	62218
70075	62223
70076	62258
70078	62292
70084	62309
70085	62309
71193	70086
70088	62323
70089	62323
70089	71194
70090	62329
70098	62415
70099	62415
70101	62420
70102	62424
70103	62424
70103	71196
70104	62424
70105	62424
70105	71196
70111	62497
70113	62508
70114	62510
70114	62511
70118	62522
70119	62522
70120	62543
70121	62543
70122	62543
70123	62543
70124	62543
70125	62557
70126	62563
70128	62569
70130	62600
70132	62610
70134	62647
70135	62647
70139	62692
70140	62692
70141	62745
70144	62794
70146	62802
70147	62804
70151	62823
70152	62837
70153	62841
70157	62877
71198	70159
70162	62884
70163	62902
70163	71199
70164	62929
70165	62930
71200	70167
70172	62965
71204	71203
70176	63006
70182	63062
70183	63092
70184	63092
70185	63092
70187	63094
70188	63094
70189	63096
71207	70192
70194	63118
70194	70193
70195	63119
70196	63133
70197	63145
70198	63145
70201	63149
70201	64204
70202	63149
70204	63181
70205	63183
70206	63183
71211	70216
70218	63320
70219	63320
70219	63321
70222	63365
70223	63365
70225	63369
70226	63380
70228	63403
70229	63403
70232	63411
70234	63424
70235	63424
70236	63429
70237	63440
70239	63441
70241	63443
70245	63479
70246	63483
70246	71214
71214	70246
71214	71348
70247	63488
70249	63503
70250	63521
70255	63571
70256	63607
70257	63620
70258	63626
70259	63633
70260	63637
70262	63643
70263	63643
70264	63644
70265	63645
70266	63670
70267	63685
70268	63685
70269	63685
70270	63685
70272	63685
70273	63685
70274	63685
70275	63685
70276	63685
70277	63685
70278	63685
70279	63685
70280	63685
70281	63685
70282	63690
70283	63691
70288	63750
70289	63756
70289	69786
71215	70292
70294	63835
70295	63835
70298	63873
70299	63876
70299	71216
70300	63887
70303	63909
70305	63926
70306	63934
70307	63935
70307	71218
71218	70307
71218	71349
70312	63972
70312	71220
70313	63978
70314	63978
70315	63978
70316	63978
70317	63979
70326	63998
70327	64002
70328	64024
70328	71221
70329	64048
70335	64092
70338	64106
70339	64136
70339	64137
70340	64136
70341	64153
70342	64153
70343	64157
70344	64157
70345	64157
70346	64158
70346	64511
70347	64162
70350	64172
70352	64207
70353	64221
70355	64233
70356	64233
70358	64256
70359	64267
70362	64298
70363	64299
70364	64299
70365	64299
70366	64299
70367	64300
70368	64318
70372	64367
70382	64411
70383	64415
70384	64415
70385	64415
70386	64423
70387	64423
70389	64448
70390	64448
70391	64449
70392	64451
70396	64498
70397	64509
70398	64524
70401	64563
70403	64575
70404	64575
70405	64599
70407	64611
70409	64632
70410	64632
70411	64632
70412	64632
70414	64639
70425	64715
70427	64755
70428	64762
71229	70429
70430	64767
70430	71231
70433	64779
70434	64779
70435	64779
70439	64818
70441	64826
70442	64837
70443	64838
70447	64864
70448	64872
70453	64900
70454	64900
70455	64900
70457	64950
70459	64983
70460	64987
70461	64992
70465	65040
70467	65075
70468	65083
70468	71236
70469	65083
70470	65083
70471	65083
70472	65086
70474	65093
70478	65125
70481	65165
70484	65209
70486	65222
70490	65235
70491	65248
70496	65259
70497	65259
70498	65259
70499	65261
70501	65275
70503	65282
70504	65294
70505	65323
70508	65443
70509	65446
70510	65455
70511	65461
70514	65479
70515	65480
70516	65480
70518	65502
71246	70519
71246	70520
70521	65503
70523	65530
70527	65545
70528	65545
71247	70529
70531	65582
70532	65582
70536	65607
70537	65650
70539	65656
70540	65656
70541	65657
70542	65657
70544	65662
70545	65662
70546	65662
70547	65664
70549	65703
70550	65703
70555	65717
70556	65717
70557	65722
70558	65728
70559	65728
70564	65735
70567	65784
70569	65830
70571	65848
70573	65878
70574	65927
70575	65927
70576	65927
70577	65970
70578	65972
70579	65972
70579	71250
70580	65972
70582	66006
70586	66017
70590	66038
70594	66057
70594	70595
70595	66057
70595	70594
70596	66072
70597	66072
70598	66075
70601	66095
70602	66105
70603	66140
70604	66140
70605	66147
70609	66154
70610	66154
70611	66154
70612	66155
70613	66155
70614	66157
70619	66204
70620	66205
70621	66205
70623	66217
70624	66236
70625	66264
70626	66265
70632	66310
70637	66374
70638	66378
70646	66411
70650	66451
70651	66458
70652	66468
70653	66468
70655	66486
70656	66486
70657	66486
71263	70659
71265	70660
71266	70660
71266	71265
71267	70660
70661	66511
70664	66713
70665	66559
71264	70667
70668	66584
70671	66602
70673	66606
70674	66609
71269	71354
70691	66708
70695	66715
70698	66724
70699	66725
70699	71271
70699	71272
70700	66725
70700	70699
70701	66751
70703	66764
71273	70705
71273	71276
71273	71356
71274	70705
70706	66772
70708	66785
70708	71278
71278	70708
71278	71357
70709	66792
70716	66856
70716	71281
70717	66856
70720	66892
70721	66892
70724	66904
70724	66905
70726	66924
70727	66926
70728	66926
70729	66926
70732	66931
70732	70731
70734	66965
70735	67007
70735	71283
70736	67049
70739	67061
70739	71284
70739	71286
70740	67077
70741	67094
70743	67143
70745	67202
70746	67202
70747	67202
71287	70749
71288	70749
71288	71360
70750	67204
70751	67209
71285	71361
70754	67227
70756	67249
70757	67254
70758	67267
70759	67267
70762	67275
70763	67275
70764	67275
70765	67275
70766	67307
70767	67309
70768	67309
70772	67332
70779	67335
70780	67335
70781	67335
70782	67344
70783	67346
70784	67346
70785	67364
70786	67376
70788	67417
70789	67417
70790	67417
70791	67417
70792	67422
70793	67422
70794	67422
70795	67422
70796	67422
70798	67436
70799	67436
70802	67466
70804	67487
70805	67489
70806	67489
70807	67489
70809	67508
70811	67512
70812	67512
70815	67519
70817	67529
70818	67529
70822	67591
70823	67598
70824	67599
70824	67601
70826	67614
70828	67655
70829	67662
70830	67670
70831	67670
70831	71294
70832	67683
70833	67705
70840	67718
70843	67730
70844	67733
70846	67734
70847	67754
70849	67757
70852	67811
70853	67811
70854	67811
70855	67811
70879	67875
71296	70884
71297	70884
71297	71362
70887	67877
70888	67877
70894	67893
70896	67972
70897	67941
70898	67941
70899	67941
70899	70898
70901	67949
70905	67982
71300	70909
70924	68092
70928	68118
70929	68142
70930	68145
70932	68171
70938	68288
70940	68297
70941	68297
70941	71301
70941	71302
70943	68315
70944	68321
70945	68329
70946	68329
70947	68375
70949	68393
70950	68404
70951	68410
70952	68410
70953	68410
70955	68467
70956	68479
70957	68481
70962	68528
70963	68528
70964	68528
70965	68528
70967	68550
70972	68560
70973	68561
70974	68569
70975	68569
70976	68569
70977	68578
70978	68578
70980	68603
70981	68616
70982	68616
70984	68668
70988	68721
70988	68722
70989	68721
70990	68721
70991	68721
70992	68721
70993	68721
70995	68723
70999	68758
71000	68771
71002	68777
71011	68801
71012	68830
71012	71307
71017	68879
71308	71365
71021	68950
71022	68952
71313	71025
71026	68980
71027	68980
71028	68980
71029	68980
71030	68980
71031	68980
71032	68980
71036	68999
71036	71315
71037	69015
71039	69073
71318	71049
71052	69130
71053	69130
71054	69130
71055	69135
71320	71056
71320	71319
71320	71369
71057	69140
71059	69158
71061	69179
71061	71322
71062	69179
71062	71061
71063	69179
71063	71061
71071	69195
71075	69215
71076	69218
71079	69245
71084	69276
71084	71085
71085	69276
71086	69279
71087	69279
71088	69299
71089	69302
71089	71324
71324	71089
71092	69307
71093	69307
71095	69321
71096	69329
71097	69352
71098	69352
71099	69352
71100	69356
71101	69358
71103	69359
71105	69361
71106	69363
71109	69399
71110	69407
71111	69408
71112	69420
71114	69464
71115	69464
71116	69464
71117	69464
71118	69471
71119	69471
71120	69471
71121	69471
71122	69471
71123	69471
71124	69471
71125	69487
71127	69493
71127	71328
71128	69494
71131	69559
71135	69619
71140	69648
71141	69649
71141	71334
71141	71335
71142	69670
71143	69671
71144	69675
71145	69675
71147	69699
71150	69700
71156	69750
71159	69771
71159	71340
71160	69776
71161	69782
71163	69806
71164	69838
71165	69845
71168	69908
71169	69913
71169	71343
71343	71373
71175	69949
71176	69949
71177	69962
71178	69962
71179	69962
71180	69978
71183	69997
71185	70021
71186	70038
71187	70038
71188	70038
71190	70060
71191	70060
71192	70077
71197	70109
71201	70170
71205	70186
71206	70189
71208	70196
71209	70196
71210	70202
71212	70216
71213	70243
71213	71346
71213	71347
71217	70305
71219	70308
71222	70328
71223	70348
71224	70363
71225	70370
71227	70418
71230	70429
71232	70440
71233	70450
71234	70464
71235	70466
71237	70469
71238	70479
71241	70487
71242	70487
71243	70498
71245	70500
71248	70530
71249	70533
71251	70594
71252	70599
71253	70599
71254	70615
71255	70615
71256	70615
71257	70615
71258	70615
71259	70616
71260	70622
71261	70627
71262	70638
71270	70696
71276	70705
71275	70705
71277	70705
71357	71278
71279	70709
71280	70712
71282	70733
71360	71288
71289	70737
71291	70755
71292	70755
71362	71297
71362	71378
71298	70888
71303	70969
71304	70971
71305	70979
71365	71308
71310	71021
71311	71023
71312	71023
71314	71035
71316	71047
71317	71047
71321	71056
71323	71079
71325	71092
71327	71102
71329	71129
71330	71133
71331	71137
71332	71138
71333	71138
71336	71152
71337	71152
71338	71152
71339	71153
71341	71159
71341	71372
71342	71167
71373	71343
71344	71203
71345	71203
71350	71240
71350	71376
71376	71350
71351	71244
71352	71244
71352	71377
71353	71250
71355	71272
71358	71308
71359	71278
71359	71357
71363	71306
71364	71307
71366	71308
71367	71308
71368	71313
71370	71322
71371	71328
71374	71344
71375	71344
71379	71374
71557	71718
71559	71719
71570	71723
71590	71592
71392	2922
71392	7493
71613	71731
71613	71732
75842	75870
75842	75871
71650	71737
71663	71408
71667	71411
71419	71675
71421	23249
71426	71676
71677	71428
71429	22751
71682	71438
71683	71438
71684	71443
71453	2452
71454	71686
71687	71456
71463	31300
71465	28071
71465	50771
71465	71689
71470	8024
71470	8845
71470	11418
71470	71695
71695	71470
71471	2753
71481	4872
71508	15487
71514	24237
71514	52172
71517	24732
71519	32781
71526	35355
71527	35355
71707	71529
71709	71529
71531	38191
71532	38714
71538	42317
71540	44667
71542	45605
71714	71544
71716	71546
71547	46656
71550	58673
71550	68550
71550	71717
71717	71550
71551	66140
71552	66383
71553	67529
71554	71203
71719	71559
71721	71565
71723	71570
71597	71390
71598	71390
71731	71613
71732	71613
71635	71736
71737	71650
71669	71414
71671	71415
71672	71415
71673	71415
71674	71415
71685	71443
71688	71460
71690	71466
71691	71466
71692	71466
71693	71466
71694	71468
71696	71470
71697	71470
71702	71743
71703	71487
71704	71509
71705	71509
71710	71529
71711	71529
71712	71529
71713	71529
71715	71544
71720	71562
71722	71565
71724	71577
71725	71579
71726	71579
71727	71583
71728	71594
71729	71599
71730	71605
71730	71745
71733	71615
71734	71621
71735	71624
71738	71675
71739	71697
71740	71697
71741	71697
71742	71697
71744	71724
71747	71739
71748	71743
71751	75234
75234	71751
71772	75244
71815	75247
75247	71815
71832	75248
71835	75249
75249	71835
71837	75250
71843	75251
71858	75253
71869	75255
71869	75256
71869	75257
71869	75258
75255	71869
71874	75259
75259	71874
75259	75728
75264	71937
75265	71949
75265	75729
71959	71998
75270	71977
71982	75271
71993	75273
71994	74618
74618	71994
72040	75278
72065	75280
72067	72068
72068	72067
75289	72108
75290	72108
75292	72114
72120	75298
72120	75299
75298	72120
75299	72120
72164	75300
72164	75301
72178	75304
72179	75307
72179	75308
75310	72188
75309	72190
75309	75731
75313	72215
75314	72215
75315	72218
75321	72232
72235	75325
72268	75326
75326	72268
75335	72333
75336	72334
75338	72337
75339	72342
72367	75371
75371	72367
72382	72381
75372	72385
72389	75373
72393	75374
75375	72397
72403	75376
75376	72403
72417	75377
72418	75378
75378	72418
72437	75380
75396	72451
75397	72451
75401	72548
75401	75402
75402	72548
75402	75401
72555	75403
72555	75404
75404	72555
72559	75405
72560	75406
75406	72560
72561	75407
72561	75408
75407	72561
75408	72561
72563	75409
72579	75411
75411	72579
72591	75412
72636	75414
75414	72636
72640	75415
72640	75416
75415	72640
75416	72640
75416	75846
75417	72665
72794	75425
75425	72794
72799	75428
72802	75429
72813	75432
72813	75433
75433	72813
75433	75434
72841	7335
72841	8054
72861	75437
75440	72919
75443	72929
75447	72959
72964	75449
72986	75451
72986	75452
75451	72986
75451	75452
75452	72986
75452	75451
73004	74540
73006	75456
75456	73006
73007	75457
75457	73007
73019	74084
73068	75464
73068	75465
75464	73068
75465	73068
73119	75470
75473	73134
73160	75477
73166	75478
75478	75742
75480	73182
73189	75481
75481	73189
73223	75482
73234	75483
73234	75484
75483	73234
75484	73234
73273	75487
73273	75488
73273	75489
75487	75488
75488	73273
75488	75487
75488	75489
75488	75490
75489	73273
75489	75488
75489	75490
73349	75492
73349	75493
75492	75746
75493	73349
73417	74613
73417	75496
73417	75497
73417	75498
74613	73417
74613	75497
75496	73417
75498	73417
75505	73502
75505	75504
75507	73508
75511	73527
75513	73530
75517	73537
75525	73598
73625	75527
73625	75528
75528	73625
75528	75750
73626	75529
73659	75532
75534	73665
75539	73717
75541	73742
75543	73747
75544	73752
75548	73760
75552	73787
75553	73789
73790	75554
73798	75556
75557	73812
75559	73812
75560	73812
73821	75561
75561	75756
73831	75562
75562	73831
73883	7335
73900	75569
75581	74046
75583	74057
75598	74247
75603	74302
75605	74303
75606	74305
75607	74311
75340	72345
75340	74384
75612	74388
75613	74411
75614	74411
75614	75616
75614	75617
75614	75618
75615	75613
75618	74411
75627	74453
74456	75628
74456	75629
74456	75630
74456	75631
74456	75632
75628	75632
75628	75763
75628	75764
75628	75765
75628	75766
75629	75630
75629	75631
74457	75633
75633	74457
74458	75635
75635	74458
74462	75636
75636	74462
74465	73159
74465	75637
74490	75639
75639	74490
75641	74518
74545	75644
74550	75645
74565	75646
74565	75647
75646	74565
75646	75774
74577	75648
75648	74577
74585	75650
75650	74585
74598	75651
74628	75653
74631	75654
74631	75655
74631	75656
75654	74631
75655	74631
75656	74631
74641	75659
74644	75660
74647	75661
75661	74647
74661	75662
74663	75664
75664	74663
75664	75665
74684	74590
74691	75671
74691	75672
74692	75673
74692	75674
75673	74692
75673	75675
74711	75677
74732	75678
74732	75679
74732	75680
75678	75779
75678	75780
75680	74732
75680	75778
74764	75683
74764	75684
74780	75685
75685	74780
74803	75687
74813	75688
75688	74813
74824	75689
74824	75690
74843	75691
74843	75692
74845	71749
75694	74877
74898	75696
74898	75697
75696	74898
75697	74898
74906	75698
74906	75699
74936	75701
74984	75705
75705	74984
74985	75707
75707	74985
75040	75712
75712	75040
75051	75714
75714	75051
75086	75087
75086	75715
75087	75086
75101	75718
75718	75101
75109	75719
75235	71755
75235	75726
75236	71755
75237	71755
75237	75238
75238	71755
75238	75236
75239	71755
75240	71755
75241	71755
75242	71768
75243	71768
75245	71791
75246	71792
75252	71857
75254	71863
75728	75259
75260	71901
75261	71901
75262	71903
75263	71914
75266	71957
75267	71959
75268	71962
75269	71962
75272	71986
75274	71993
75277	72015
75281	72077
75282	72103
75283	72106
75284	72106
75285	72106
75286	72106
75287	72106
75288	72106
75293	72114
75294	72114
75295	72114
75296	72114
75297	72114
75302	72164
75303	72166
75305	72178
75306	72178
75312	72214
75316	72219
75317	72219
75318	72223
75319	72227
75320	72229
75322	72232
75323	72232
75324	72232
75327	72271
75328	72283
75329	72283
75330	72285
75331	72285
75332	72287
75332	75734
75332	75735
75333	72291
75334	72321
75337	72335
75341	72345
75379	72426
75381	72446
75382	72446
75383	72446
75384	72446
75385	72446
75386	72446
75387	72446
75388	72446
75389	72446
75390	72446
75391	72446
75392	72446
75393	72446
75394	72446
75395	72446
75398	72501
75399	72507
75400	72525
75410	72565
75418	72699
75419	72709
75422	72750
75423	72770
75424	72789
75426	72794
75427	72794
75430	72802
75431	72809
75434	72813
75434	75433
75436	72847
75438	72895
75439	72906
75441	72924
75442	72925
75444	72930
75445	72940
75446	72945
75448	72959
75450	72964
75453	72987
75453	75740
75454	72994
75455	73002
75458	73007
75459	73016
75460	73029
75460	75741
75461	73031
75462	73031
75463	73043
75466	73069
75467	73080
75468	73091
75469	73102
75472	73129
75474	73134
75475	73138
75476	73144
75742	75478
75479	73167
75485	73234
75490	73273
75490	75489
75491	73335
75495	73373
75499	73417
75500	73454
75502	73501
75503	73501
75508	73516
75509	73521
75510	73524
75512	73529
75514	73530
75515	73530
75518	73539
75520	73558
75521	73561
75522	73574
75523	73580
75524	73580
75526	73598
75750	75528
75530	73626
75531	73629
75533	73664
75535	73683
75536	73683
75537	73713
75538	73713
75540	73720
75542	73784
75542	75754
75545	73752
75546	73752
75547	73752
75549	73760
75549	75548
75550	73774
75551	73784
75555	73790
75756	75561
75756	75788
75564	73859
75565	73859
75565	75564
75566	73866
75567	73869
75568	73895
75570	73934
75571	73934
75572	73935
75573	73938
75573	75759
75759	75573
75574	73938
75575	73949
75576	73994
75578	74023
75579	74044
75580	74044
75582	74052
75584	74057
75584	75760
75585	74082
75586	74090
75587	74105
75588	74107
75590	74155
75591	74174
75592	74178
75593	74178
75593	75592
75594	74204
75599	74257
75600	74265
75601	74294
75608	74321
75610	74367
75611	74372
75620	74429
75621	74434
75622	74434
75623	74436
75624	74443
75626	74451
75763	75631
75763	75790
75764	75791
75764	75792
75764	75793
75764	75794
75764	75795
75764	75796
75765	75631
75634	74457
75638	74467
75638	75772
75638	75773
75772	75638
75640	74502
75642	74519
75774	75646
75649	74577
75649	75648
75652	74606
75657	74631
75658	74632
75663	74661
75665	74663
75665	75664
75666	74676
75667	74676
75668	74676
75669	74683
75670	74683
75675	74692
75675	75673
75676	74698
75779	75678
75779	75807
75778	75680
75681	74740
75682	74746
75686	74780
75686	75781
75781	75686
75695	74894
75700	74934
75702	74951
75703	74973
75704	74979
75706	74984
75708	75003
75709	75006
75710	75020
75711	75025
75713	75040
75716	75090
75717	75090
75720	75142
75720	75721
75721	75142
75721	75720
75722	75176
75723	75183
75723	75785
75724	75188
75725	75212
75727	75248
75730	75265
75732	75311
75733	75315
75736	75335
75737	75414
75737	75845
75845	75414
75845	75737
75738	75446
75739	75451
75743	75478
75744	75478
75745	75487
75747	75516
75747	75787
75748	75516
75748	75787
75749	75516
75751	75544
75752	75544
75753	75548
75755	75556
75788	75756
75788	75757
75788	75811
75788	75812
75757	75561
75757	75756
75757	75788
75758	75565
75761	75611
75762	75613
75791	75796
75791	75798
75791	75799
75791	75813
75791	75814
75767	75628
75767	75629
75767	75797
75767	75798
75767	75799
75768	75628
75768	75767
75768	75769
75768	75795
75768	75800
75768	75803
75768	75804
75769	75629
75769	75632
75769	75765
75769	75766
75769	75790
75769	75793
75769	75794
75769	75795
75769	75797
75769	75804
75800	75767
75800	75804
75800	75813
75800	75814
75770	75630
75770	75631
75770	75767
75770	75791
75770	75796
75771	75630
75771	75767
75771	75768
75771	75798
75771	75803
75775	75651
75776	75653
75777	75677
75782	75701
75782	75808
75783	75704
75784	75706
75786	75734
75811	75788
75812	75788
75812	75811
75789	75756
75801	75767
75801	75768
75801	75790
75801	75791
75801	75792
75801	75799
75802	75767
75802	75798
75802	75801
75805	75768
75805	75795
75805	75804
75806	75769
75806	75790
75806	75791
75806	75795
75806	75797
75806	75799
75806	75813
75809	75787
75810	75787
75815	75794
75866	75837
75867	75837
75867	75868
75867	75874
75871	75842
75871	75875
75871	75876
75871	75877
75871	75878
75843	74676
75844	74697
75864	75825
75865	75829
75865	75872
75865	75873
75872	75865
75872	75879
75872	75880
75872	75881
75873	75865
75869	75837
75869	75868
75876	75871
75876	75877
75877	75871
75877	75876
75878	75871
75880	75872
75881	75872
75882	75872
75883	75872
75885	16086
75886	51414
75887	52098
